id,target
1094682,2
1150260,3
1196783,3
1257567,4
1176766,4
1063479,3
1101996,2
1140779,3
1151597,1
1067794,3
1316705,4
1186622,5
1006497,3
1044644,3
1226494,5
1196236,1
1191206,6
1072919,5
1156729,3
1258578,5
1106647,5
1088813,3
1207903,6
1021105,6
1131932,3
1154440,6
1073073,3
1285557,6
1183964,3
1234489,6
1298857,4
1319242,6
1176703,6
1277924,6
1053878,5
1025987,3
1240412,5
1095542,6
1270590,3
1134577,6
1082826,7
1113345,6
1017311,4
1244042,6
1143426,5
1276167,5
1001147,1
1086369,1
1190648,5
1168667,5
1091687,5
1207952,5
1315534,3
1192733,4
1018522,1
1012459,6
1197253,1
1087867,6
1092494,5
1007583,3
1259805,1
1146001,3
1027971,4
1119573,4
1275994,3
1151426,3
1149516,3
1167270,5
1130507,6
1263504,6
1040415,4
1281670,6
1201892,6
1114269,6
1084994,1
1049724,4
1189082,3
1146531,3
1155358,5
1317519,6
1314231,3
1031859,5
1076457,4
1115357,4
1301328,6
1026965,6
1239061,5
1133727,3
1218783,3
1153788,3
1041920,4
1110034,3
1108793,6
1209292,4
1209313,4
1135313,4
1266344,3
1295095,5
1300636,5
1002961,6
1113722,1
1114832,6
1048942,6
1144293,6
1135260,3
1243769,3
1088910,6
1226109,4
1080762,5
1082454,4
1116494,6
1224621,1
1186813,5
1163938,1
1162106,4
1038938,3
1210331,6
1072457,1
1111032,6
1011591,1
1228633,3
1131381,1
1265074,3
1284888,4
1131985,6
1122843,4
1207945,6
1126346,6
1322884,3
1082032,6
1321150,4
1113178,4
1297924,5
1085567,3
1281380,4
1244611,4
1321901,5
1212181,3
1036651,6
1249622,1
1076132,5
1308624,6
1222482,6
1083484,6
1309944,6
1291318,4
1046714,3
1095614,1
1196779,4
1093189,6
1212354,4
1012828,1
1178423,4
1087817,3
1206589,6
1164153,6
1185544,1
1012210,6
1296749,3
1048923,3
1304675,6
1280795,3
1038278,4
1074306,1
1298659,5
1136059,4
1220631,3
1058296,4
1196312,6
1246194,1
1016525,3
1121372,5
1252491,1
1123737,6
1268492,1
1220292,6
1027688,5
1207154,4
1258440,3
1088257,4
1045834,5
1222619,6
1193827,3
1079722,4
1090022,6
1205846,6
1047873,1
1022666,5
1122149,6
1010797,5
1275146,3
1114586,4
1138258,3
1221026,4
1121884,1
1093243,4
1117449,3
1299758,1
1242076,3
1288398,6
1054374,5
1268168,5
1111288,1
1256669,3
1317194,6
1038748,1
1052549,1
1294082,6
1157985,4
1291458,1
1182069,3
1139684,4
1008705,3
1287572,3
1084871,3
1168666,4
1134441,3
1246559,6
1088410,6
1319546,6
1120666,6
1312955,4
1262856,1
1292171,6
1314910,6
1267569,4
1282119,5
1294664,6
1084957,6
1093525,3
1145722,3
1116067,6
1137641,6
1148943,5
1034421,5
1167374,6
1276004,5
1280608,3
1104384,1
1166037,6
1178063,1
1150297,6
1127011,1
1101335,4
1079005,3
1208141,6
1098574,3
1043643,3
1001113,4
1164951,4
1018872,3
1226304,6
1255899,3
1188258,3
1048656,4
1218923,6
1272323,6
1113616,5
1148126,4
1214036,3
1075270,3
1113403,1
1172723,3
1040263,3
1018102,3
1196468,4
1296825,3
1314797,3
1075911,3
1031139,4
1161020,6
1243450,3
1162181,4
1181371,6
1063933,1
1311454,1
1156349,4
1063136,4
1063429,5
1264873,5
1172694,6
1044639,6
1185872,5
1005568,3
1038740,6
1214792,4
1299824,4
1101034,3
1053922,4
1002841,6
1159341,4
1307577,1
1173953,6
1057841,5
1151112,5
1154706,6
1325090,3
1122749,3
1176955,4
1297040,4
1171741,1
1124684,6
1096325,1
1146155,6
1179074,5
1246894,4
1210244,2
1071580,4
1299896,5
1185036,4
1226699,5
1205066,4
1009726,5
1227177,6
1099616,6
1292204,6
1085828,6
1041619,6
1007398,4
1060051,3
1081681,4
1135758,5
1241207,3
1280910,4
1069932,6
1285477,3
1285252,3
1210011,4
1091732,1
1139788,6
1131857,4
1282760,3
1052439,6
1172220,4
1260896,3
1016217,6
1233224,3
1223169,3
1086007,6
1135985,6
1306790,1
1070283,5
1177535,1
1145529,3
1021688,3
1052920,1
1269359,3
1273072,6
1268347,1
1285306,4
1061575,1
1103807,4
1145928,6
1244237,4
1176121,4
1212008,5
1161897,3
1001142,5
1025697,3
1197866,4
1000543,4
1174364,4
1160787,6
1111951,3
1052338,5
1051562,2
1019600,6
1310481,6
1143852,3
1132129,5
1062296,4
1273126,5
1227155,5
1221433,1
1005770,6
1245912,3
1108436,6
1227201,3
1142859,6
1168702,5
1101501,3
1057590,6
1124039,7
1138467,1
1140820,5
1303442,3
1246728,4
1264442,6
1025068,6
1046926,4
1318455,4
1177623,6
1022304,6
1222491,1
1150186,3
1300770,3
1177213,3
1088862,1
1001470,3
1164626,5
1243076,4
1208190,4
1266726,3
1138365,4
1059868,3
1137880,3
1268787,6
1005120,3
1021003,6
1171536,6
1230227,5
1058571,4
1138313,5
1272639,6
1134015,3
1189151,5
1136062,3
1177704,6
1197182,1
1233633,4
1122425,6
1321024,6
1276963,5
1074011,3
1122994,4
1201595,4
1130740,3
1201344,4
1069396,6
1181045,3
1186669,3
1178561,6
1239952,4
1319055,3
1061382,4
1122414,6
1018788,6
1061010,4
1141653,1
1166656,1
1059457,6
1254696,3
1099211,4
1149467,6
1246463,5
1258390,4
1121010,1
1177799,3
1029751,5
1156907,5
1028125,6
1297222,5
1047233,1
1170601,1
1223480,3
1299295,3
1026219,2
1185212,5
1325468,4
1320518,1
1219863,4
1284375,6
1104792,5
1029887,3
1032265,6
1200220,1
1053191,3
1061590,6
1264743,3
1260341,4
1168795,3
1038725,1
1224628,4
1240428,4
1243510,1
1217469,6
1003369,3
1157374,6
1188797,3
1162642,6
1052971,6
1095358,5
1284241,3
1098730,3
1097502,4
1199547,3
1176007,3
1039618,4
1268754,3
1064462,6
1172248,3
1192724,5
1230398,4
1254147,1
1258699,2
1251189,5
1115533,1
1248216,3
1249881,1
1301084,4
1187961,4
1082246,5
1179999,4
1281004,6
1314411,3
1209858,1
1051279,5
1163726,2
1055545,4
1238814,4
1303637,6
1018136,4
1013374,6
1130893,3
1006822,5
1100875,3
1281302,3
1166688,1
1044919,6
1307306,4
1113675,4
1028615,3
1114179,5
1159163,4
1053002,4
1277143,4
1023776,6
1183316,3
1139676,4
1125519,1
1310725,6
1230912,3
1012267,1
1135410,4
1291803,3
1144713,2
1247310,5
1129169,3
1028320,4
1063600,4
1053694,3
1231024,4
1008673,6
1019506,6
1034700,4
1216491,1
1105976,3
1082944,6
1211448,4
1162849,5
1283354,3
1080017,1
1306087,1
1317294,4
1079122,1
1301568,6
1173754,3
1111277,3
1154896,3
1314075,4
1183193,3
1227534,6
1035040,1
1123558,4
1055218,4
1304855,4
1165364,2
1137176,6
1003923,3
1048353,4
1099168,4
1118844,4
1225798,6
1234813,6
1310943,3
1079161,6
1270479,4
1280335,3
1124919,1
1060180,5
1066224,6
1000891,2
1318812,3
1294863,3
1198500,1
1036631,4
1050839,3
1243512,4
1249577,3
1090972,4
1243152,6
1059844,5
1043136,3
1130115,3
1193823,3
1090605,4
1150355,6
1260926,5
1270026,1
1019585,6
1097776,6
1201935,4
1237497,1
1022338,1
1052703,5
1265516,6
1307479,3
1322351,3
1243753,6
1303999,5
1243636,3
1233108,4
1053886,6
1264818,4
1142995,3
1023307,6
1185074,4
1124581,4
1135370,4
1235182,3
1101250,1
1042012,1
1093259,6
1263622,6
1053485,3
1007865,5
1274898,1
1084857,5
1097249,3
1018881,3
1207346,1
1224935,3
1225299,5
1219516,5
1055073,5
1020715,6
1125714,3
1076930,4
1242126,1
1256198,3
1302990,6
1250716,1
1013388,6
1061850,6
1102264,3
1121989,4
1052205,4
1017181,3
1265339,5
1050097,6
1134416,5
1319855,6
1193958,3
1319025,1
1116608,3
1098409,1
1227194,6
1119333,3
1097315,6
1257943,4
1233126,4
1242167,3
1306660,3
1208627,3
1296464,6
1005663,1
1025865,4
1325664,3
1193051,4
1059119,6
1050611,3
1232779,3
1219664,6
1061890,4
1325748,4
1246825,4
1174149,6
1198104,3
1245532,6
1238299,4
1145616,3
1120006,6
1288462,6
1295340,5
1030389,1
1176344,4
1146537,6
1200973,6
1027551,5
1016468,3
1021710,6
1205853,6
1125466,1
1294392,1
1160331,6
1100834,4
1210324,1
1086772,3
1285069,6
1045665,1
1034963,1
1061345,1
1134688,4
1011051,3
1066924,1
1142131,5
1101307,6
1259317,6
1271704,5
1119266,4
1302743,1
1046641,6
1170873,5
1019148,1
1134383,5
1244617,4
1278394,6
1266510,3
1114517,4
1295596,6
1025158,3
1220145,6
1114335,4
1272363,6
1023872,6
1011918,1
1041836,6
1010863,4
1263794,1
1164064,4
1313243,6
1304795,4
1263786,6
1296105,3
1318319,4
1130384,6
1302783,3
1086296,5
1133862,7
1291758,3
1100893,1
1131747,4
1011146,6
1166040,1
1209328,2
1157679,4
1301847,6
1031733,3
1123757,6
1158531,5
1148008,6
1073828,5
1297971,3
1058187,5
1125170,4
1046977,1
1298906,3
1015297,6
1108280,5
1125071,6
1323969,1
1257835,3
1085238,3
1093198,6
1282748,4
1229288,5
1271408,4
1175393,4
1096912,3
1261451,1
1282845,5
1262519,4
1142718,3
1212483,4
1281319,1
1064823,6
1025453,5
1259731,4
1297531,2
1004247,4
1028348,6
1249895,6
1188267,6
1054062,3
1133738,6
1041550,6
1047946,6
1303121,3
1299827,3
1231744,6
1235724,5
1276422,6
1240706,5
1291706,6
1318757,6
1045625,5
1110173,6
1304036,6
1202052,1
1160873,4
1242450,1
1154532,4
1291859,6
1289749,6
1130276,3
1048530,1
1074302,3
1300779,5
1062022,3
1143193,5
1115881,3
1283268,1
1002013,3
1103085,3
1224080,3
1030764,5
1039338,3
1221514,1
1088177,6
1239756,1
1187611,1
1214825,1
1220494,6
1267939,4
1110648,6
1003675,3
1246209,1
1121070,3
1149657,3
1294325,3
1037371,5
1178665,4
1301758,3
1190427,6
1314756,5
1030910,6
1098072,1
1270678,4
1232115,3
1022663,3
1073743,6
1283358,6
1159186,4
1045362,6
1150800,4
1243754,6
1102979,3
1110117,4
1212706,1
1094637,6
1130966,5
1287718,4
1148388,5
1059114,1
1104175,6
1075574,6
1173190,3
1274802,3
1098821,5
1039348,5
1213615,5
1131941,7
1295773,5
1066340,1
1047199,6
1138114,3
1261687,6
1066073,4
1151352,6
1139856,4
1213374,4
1154254,6
1188835,3
1197582,3
1275028,4
1130551,1
1172666,1
1084103,3
1080807,3
1069180,4
1033234,3
1267084,6
1094224,6
1141830,1
1216402,6
1145009,1
1023543,1
1012640,6
1115117,1
1054279,6
1144764,5
1324701,5
1306555,4
1101801,3
1245910,3
1168150,4
1183595,3
1187612,4
1066582,3
1088688,6
1225411,3
1022455,5
1006102,3
1205184,3
1283685,3
1044270,6
1232821,4
1091286,6
1198690,3
1205021,6
1036626,4
1245734,6
1312070,3
1110519,5
1048448,4
1116550,3
1025705,4
1306694,4
1316660,3
1228348,3
1143115,3
1126022,6
1174165,5
1172527,6
1072365,4
1175909,6
1056966,4
1059202,1
1227599,4
1227034,3
1174712,6
1060881,5
1050617,3
1112204,5
1118451,6
1130088,3
1318147,1
1091952,6
1245525,3
1309986,3
1006225,6
1025794,5
1031121,6
1313662,4
1300756,5
1218431,4
1097387,4
1021750,1
1284172,4
1317357,6
1222736,3
1304672,4
1008911,6
1098612,4
1131617,4
1034424,6
1212876,6
1318043,6
1126184,6
1309198,6
1305280,6
1145913,3
1148997,5
1006463,1
1167901,3
1062106,6
1097424,6
1053157,5
1057035,5
1050844,1
1117849,6
1236478,6
1150083,4
1119893,5
1317612,6
1270454,5
1115053,6
1002780,1
1193024,4
1066936,6
1280516,6
1079983,3
1121154,6
1069761,6
1096112,5
1265589,3
1213055,3
1287396,6
1017397,3
1321955,4
1310910,1
1122825,6
1232452,5
1151756,3
1116226,1
1201729,2
1215915,3
1190520,1
1197607,3
1078904,1
1007416,4
1323956,5
1097841,6
1237452,3
1280449,3
1017844,6
1108184,3
1151318,1
1027229,4
1195711,1
1240292,6
1161971,4
1285563,5
1160153,3
1011652,4
1167987,3
1281081,6
1092300,3
1075795,4
1191348,6
1063892,1
1309303,6
1167555,3
1144759,6
1130137,6
1178739,5
1166929,6
1038334,4
1267506,4
1243539,5
1314133,3
1285999,5
1148066,6
1225553,4
1229990,6
1167066,1
1074584,3
1123067,3
1132716,4
1073187,6
1013580,6
1211096,3
1038173,5
1217421,3
1218548,4
1180519,4
1067019,5
1256617,4
1323526,3
1115356,1
1139476,6
1310971,5
1147611,4
1185840,4
1024095,4
1285393,5
1193075,1
1159043,5
1268837,5
1280805,4
1243827,3
1067796,3
1123917,6
1264922,3
1298825,6
1078505,4
1246810,4
1225347,4
1055620,4
1263319,4
1173990,6
1064837,3
1310017,5
1010251,6
1068949,6
1183610,6
1193041,5
1164841,3
1070282,5
1226091,1
1070826,4
1240901,3
1078202,4
1320313,6
1044075,6
1285603,3
1245751,3
1057411,2
1136959,6
1132876,4
1176071,3
1072429,3
1081652,4
1054591,4
1275129,3
1045387,6
1174804,4
1181309,4
1222709,3
1211352,5
1225552,3
1024634,1
1189172,5
1087022,4
1191311,1
1049613,4
1280966,6
1085607,5
1103680,3
1269201,3
1097882,7
1031693,3
1284154,1
1267128,5
1123023,6
1146780,6
1323229,4
1194418,3
1252061,1
1171559,3
1092098,3
1140528,6
1315293,3
1270626,4
1070110,3
1188501,6
1187295,5
1141750,5
1033564,5
1180924,6
1286694,6
1075602,3
1157413,6
1099511,6
1270023,4
1295272,6
1050181,3
1099869,4
1257761,5
1247141,5
1159885,7
1100153,5
1311080,6
1201566,4
1056556,1
1034986,1
1276346,4
1288666,6
1187843,5
1268254,6
1225700,5
1006338,1
1261271,3
1248221,1
1217125,4
1137025,3
1024493,6
1223197,3
1322974,3
1321278,4
1136862,4
1141286,3
1158894,5
1172030,4
1010384,6
1273953,6
1127302,3
1232856,1
1116136,3
1154376,6
1023605,4
1143696,6
1176486,5
1139728,6
1217808,6
1228886,1
1072126,6
1093014,4
1234550,3
1290590,6
1222362,6
1152192,1
1142617,6
1065226,5
1223591,3
1226552,3
1063369,4
1184387,4
1071354,6
1056121,6
1298928,6
1176036,3
1160487,6
1317293,1
1252893,5
1194895,4
1300588,1
1251903,5
1082304,6
1154384,6
1221821,6
1163138,5
1018208,5
1009797,4
1292354,6
1155055,5
1133278,4
1016959,1
1147003,1
1305706,6
1312463,5
1144981,6
1034935,6
1266636,6
1015585,6
1117588,6
1136471,4
1153417,5
1219881,4
1235969,1
1124492,6
1295177,3
1290659,4
1268191,6
1063866,6
1053227,6
1145291,3
1288590,4
1048585,3
1037501,1
1164114,3
1035089,5
1230759,6
1026057,6
1013543,3
1301091,5
1104126,3
1192545,6
1015365,4
1249508,3
1189792,6
1157802,6
1228323,6
1186680,4
1039244,6
1282866,3
1102279,6
1017496,5
1246763,5
1062862,3
1046527,3
1108244,5
1122322,6
1201418,3
1091570,3
1119996,4
1029613,6
1143045,4
1100219,1
1284489,3
1056703,4
1093031,3
1309366,6
1300649,4
1055280,5
1218196,1
1249155,3
1002614,6
1180676,5
1309654,4
1246630,1
1289928,6
1228718,6
1135632,6
1046826,6
1203542,5
1097121,5
1064617,6
1279472,3
1002494,3
1318557,4
1209455,1
1231179,4
1062400,3
1302856,5
1061282,4
1053163,3
1228777,5
1184092,3
1301772,6
1228970,4
1208517,4
1209703,6
1180759,4
1283425,4
1015030,5
1313610,1
1153269,4
1212295,4
1321304,6
1053082,4
1174228,3
1294762,4
1280346,4
1286062,6
1206225,6
1028635,6
1291842,4
1153473,5
1064578,4
1260152,5
1018928,1
1269264,3
1269199,4
1108237,4
1035493,6
1314873,3
1233445,3
1305360,5
1060519,5
1203269,4
1108885,4
1204982,6
1299292,1
1040540,5
1082277,3
1143628,4
1018188,1
1125706,1
1233632,4
1245954,1
1082906,6
1223220,5
1198616,3
1169193,6
1242996,5
1251958,4
1124272,6
1084561,3
1168981,3
1306825,3
1094803,3
1130278,6
1026576,3
1310630,6
1252789,3
1029609,4
1219572,6
1230380,6
1055879,4
1203645,4
1016083,5
1122284,4
1109669,3
1096738,3
1127181,5
1089991,5
1249225,6
1216416,6
1098017,1
1046047,1
1252898,4
1079342,6
1046133,4
1240817,1
1127363,3
1065880,4
1160865,6
1089091,3
1307668,6
1146904,3
1059428,4
1294309,6
1092938,3
1293785,3
1288748,6
1290476,1
1162686,5
1018691,6
1267850,1
1095820,3
1286186,6
1139914,4
1230455,6
1019104,6
1149689,5
1225900,4
1093389,6
1158607,4
1019031,4
1149693,3
1269106,4
1255167,3
1075214,4
1278709,4
1317824,6
1145576,4
1035905,4
1010314,6
1093995,3
1180400,6
1315142,6
1202243,4
1006244,5
1161273,5
1201222,3
1089704,5
1315636,5
1220703,6
1295396,4
1222287,1
1229167,3
1300169,5
1125066,4
1040334,4
1002761,4
1290404,3
1078672,5
1238340,7
1266306,6
1321521,4
1002346,1
1070388,5
1304499,3
1073590,4
1027383,3
1306254,6
1303365,1
1240707,6
1180122,5
1125504,3
1174340,5
1294504,4
1302700,3
1171826,6
1109775,4
1128647,6
1106712,4
1187599,5
1103499,4
1035412,6
1193616,3
1171966,6
1105664,6
1038398,6
1278552,4
1005895,1
1284232,6
1217343,3
1168226,3
1274406,1
1053734,3
1148245,6
1021808,6
1029634,3
1134272,5
1081684,1
1153344,5
1124688,4
1303629,4
1300825,1
1093948,4
1200189,6
1237897,1
1111855,6
1097560,6
1121388,6
1296666,3
1273343,3
1260174,4
1229903,4
1032822,1
1113731,4
1090850,6
1196036,4
1123181,1
1142798,3
1178531,6
1189465,3
1266704,5
1137840,3
1183576,3
1289211,3
1028592,6
1006655,4
1232374,1
1106404,5
1211823,3
1121919,6
1005630,6
1224008,4
1196996,3
1034780,3
1104171,3
1196456,6
1278029,5
1098711,6
1172063,6
1054749,1
1112262,4
1256831,4
1267130,6
1201204,3
1176215,3
1083036,6
1121816,3
1255915,6
1149919,3
1089465,3
1058327,5
1035026,3
1227518,6
1158034,3
1305194,4
1067029,5
1122888,5
1025438,1
1321844,3
1112369,6
1034364,4
1181884,5
1322460,1
1010612,3
1169337,1
1305634,1
1261854,4
1210815,4
1099437,4
1279771,4
1176084,1
1168552,3
1292572,3
1193324,6
1053788,6
1213618,5
1012295,6
1228386,6
1227806,4
1030783,6
1122282,6
1099963,6
1066385,6
1009113,3
1005776,6
1110083,3
1313898,3
1294530,1
1251829,4
1060885,5
1190712,1
1266138,7
1233166,6
1268274,3
1261688,4
1035643,6
1228158,3
1142353,6
1082880,3
1047626,6
1322248,3
1177501,3
1188011,4
1315529,5
1162921,3
1251820,1
1142469,1
1180136,3
1274391,4
1150692,6
1052187,4
1148363,3
1293834,1
1175089,1
1313969,4
1235587,4
1106932,6
1191694,3
1083849,1
1304904,1
1217003,5
1189745,3
1108917,6
1290834,6
1025719,3
1083766,6
1142984,5
1314315,6
1238166,6
1028538,1
1252407,1
1065847,6
1073464,4
1067945,1
1243246,1
1000455,4
1017688,5
1219425,3
1155303,5
1063220,4
1212231,6
1210817,5
1032076,6
1257288,4
1228217,1
1258766,6
1244287,6
1074628,4
1110351,1
1314306,6
1022154,2
1151765,6
1177957,6
1088786,6
1008999,5
1067232,6
1153278,3
1259161,3
1047378,5
1191185,3
1216361,1
1265176,5
1066692,5
1182600,5
1053800,4
1313474,6
1153592,3
1242973,1
1155140,3
1234602,4
1119183,4
1249286,1
1059381,5
1314725,5
1178696,4
1245886,3
1210461,5
1111477,3
1150872,1
1101653,3
1099832,3
1140188,1
1308179,3
1239268,1
1143636,6
1264982,4
1117368,3
1178082,3
1314703,1
1105481,6
1096540,6
1169904,4
1184006,6
1150036,6
1069726,6
1186046,6
1167180,3
1314769,6
1049599,4
1201394,3
1058270,6
1056437,5
1273034,4
1105527,6
1178481,1
1253051,6
1112321,3
1241041,5
1134231,3
1210305,3
1164127,1
1294700,1
1012815,6
1152200,6
1119994,4
1180858,3
1061873,4
1055273,4
1057901,4
1267314,1
1186053,5
1081129,3
1049601,7
1116308,1
1004693,1
1254596,4
1070270,1
1044584,6
1051343,4
1019534,5
1042550,6
1295221,3
1072914,1
1032690,3
1087917,6
1124288,4
1234927,3
1138073,5
1290568,6
1149643,3
1198056,4
1305034,6
1210024,6
1316476,5
1102778,6
1292541,6
1068525,3
1082689,5
1248690,3
1019626,3
1324200,3
1004580,5
1091151,6
1017621,6
1228579,6
1008889,6
1197922,4
1022727,5
1047423,4
1058553,4
1252783,6
1174837,3
1028203,5
1035485,3
1139167,4
1212140,3
1248936,4
1195342,3
1067488,6
1122986,2
1309463,3
1138675,3
1274370,4
1192549,6
1296769,6
1207252,6
1011617,6
1085312,4
1322550,6
1211220,6
1224041,3
1147394,4
1224814,4
1183413,6
1291896,4
1135618,3
1125453,5
1186878,1
1138182,5
1061421,3
1230787,6
1166878,4
1071754,3
1037564,5
1027193,3
1051754,4
1159422,3
1246015,6
1293046,6
1120870,3
1208261,3
1252216,6
1264049,3
1103882,5
1048009,4
1048244,4
1106587,3
1202539,6
1204023,6
1140945,1
1037231,1
1077331,1
1014660,5
1013802,6
1213738,6
1221358,5
1082303,4
1019074,1
1179657,3
1323544,5
1242305,3
1181933,3
1259111,6
1208072,4
1136147,4
1035818,5
1175320,6
1255957,1
1015035,3
1304003,6
1314870,3
1056617,3
1289219,3
1256116,1
1324255,6
1189621,4
1298518,5
1268410,4
1280331,6
1053495,3
1193571,3
1101824,6
1312253,6
1206539,6
1118533,3
1048533,6
1172619,1
1312115,1
1117101,3
1224390,4
1048960,4
1279597,1
1194196,4
1076216,6
1322374,1
1094557,5
1218903,4
1316183,3
1093836,1
1072433,6
1155480,4
1123453,6
1066663,6
1254502,5
1125456,3
1146145,6
1052063,4
1014024,3
1021084,6
1022623,4
1270362,4
1255091,3
1018281,3
1020729,6
1124651,5
1190375,6
1102118,1
1061764,5
1115468,5
1047498,3
1042288,2
1145397,6
1121398,6
1047879,1
1308568,6
1054948,5
1226549,4
1252884,6
1292033,1
1001240,5
1084086,1
1111656,5
1002523,6
1153381,6
1094035,4
1240559,6
1128934,1
1064825,3
1194565,1
1188390,6
1284498,6
1114297,3
1043776,6
1117135,1
1125855,6
1119511,1
1000606,4
1088703,3
1211832,6
1023130,1
1123275,6
1088714,6
1312915,4
1173967,5
1190838,3
1208609,4
1024011,3
1144780,6
1122019,1
1272389,5
1058130,4
1182877,6
1128735,6
1259530,6
1064537,4
1218272,4
1281015,6
1005627,3
1152241,4
1081641,4
1103391,6
1054579,3
1136346,4
1076135,3
1105543,6
1256194,3
1242029,3
1321980,3
1106252,1
1287699,6
1009756,3
1298554,4
1057713,4
1134205,1
1108769,1
1164952,6
1020399,6
1310659,6
1059541,3
1106311,4
1146276,6
1315519,4
1041151,3
1136126,5
1050544,1
1120122,6
1322671,3
1240155,6
1099146,3
1086759,4
1286856,6
1115170,1
1174365,6
1290549,5
1071753,1
1154294,6
1001116,3
1286685,4
1256056,3
1038526,1
1005363,3
1139053,6
1125280,4
1287042,6
1209096,5
1137446,4
1145746,5
1002255,1
1102779,4
1322093,6
1160356,2
1225485,4
1083393,3
1056025,6
1048682,5
1222296,3
1188293,6
1158954,5
1217535,6
1039624,4
1280945,3
1301840,3
1230403,1
1318846,6
1110189,4
1099780,3
1040465,3
1149339,6
1306440,1
1267249,4
1262064,6
1005083,1
1058145,6
1197492,4
1213527,4
1276993,4
1027270,6
1238381,5
1259843,4
1226266,6
1130168,3
1106160,3
1072702,4
1047430,4
1063603,3
1114055,6
1035868,6
1197753,6
1270031,6
1316409,3
1041922,4
1143861,3
1027474,6
1307219,1
1026253,3
1260852,3
1286488,4
1057299,4
1274589,4
1004318,3
1198228,1
1237823,3
1151637,3
1100878,4
1132415,5
1111629,3
1262229,6
1053141,1
1124237,6
1079193,6
1104039,3
1279947,4
1296414,3
1313345,4
1172388,4
1280749,5
1089328,3
1282912,1
1215496,4
1165916,3
1086001,6
1159654,5
1098551,3
1274367,1
1301037,5
1069701,6
1250131,3
1252909,6
1249805,4
1130719,4
1117127,1
1112208,6
1109215,4
1303517,2
1266355,6
1128278,6
1082430,4
1110895,6
1116264,3
1136612,4
1180321,3
1128892,4
1035810,1
1032323,3
1058591,4
1186565,3
1137394,1
1121271,6
1149819,3
1207034,3
1296426,4
1022257,5
1121221,4
1186168,1
1181939,4
1077073,3
1219785,4
1243528,6
1225247,6
1157665,6
1318886,5
1047864,3
1240254,3
1212625,4
1159637,6
1136368,4
1112698,5
1218844,4
1317106,3
1304657,6
1175845,4
1202123,3
1276718,6
1174681,5
1219274,3
1152916,6
1123041,4
1138265,3
1254538,6
1034615,5
1231065,5
1215004,5
1028432,3
1104359,3
1117521,3
1244328,6
1283792,6
1038717,4
1197383,3
1239034,6
1221238,3
1159936,4
1000501,6
1263749,3
1216184,4
1201622,1
1173830,6
1068810,5
1294070,4
1191855,5
1206288,6
1234270,6
1259159,6
1264365,1
1091148,2
1294199,4
1043819,4
1197691,6
1144313,1
1010302,4
1078808,6
1232466,5
1218845,3
1019672,6
1078093,6
1195755,5
1144127,6
1236048,2
1219573,4
1309486,5
1045541,6
1225162,5
1143430,5
1191506,6
1255590,6
1218462,6
1126142,6
1140940,4
1134143,6
1095697,3
1035520,6
1027503,1
1033419,5
1026419,3
1255561,4
1107108,1
1050859,3
1112759,2
1103143,5
1122712,3
1314546,6
1101367,5
1103779,2
1134035,6
1208646,4
1269529,1
1054986,1
1125250,3
1112974,1
1197069,6
1058626,3
1308467,5
1024090,5
1017310,6
1111725,5
1134668,6
1208233,4
1233878,6
1181948,3
1316858,5
1099328,1
1097057,4
1106359,3
1194062,3
1050207,3
1254340,3
1281057,4
1192015,4
1149384,6
1009807,4
1217988,4
1293172,5
1254380,4
1093553,6
1068086,5
1087687,4
1106698,1
1160535,4
1241149,3
1242155,3
1036159,5
1084186,4
1107240,4
1143417,5
1182667,6
1122676,5
1158808,4
1315723,4
1139471,5
1131797,4
1098872,3
1154575,1
1041407,1
1064261,5
1120826,3
1070789,5
1007898,5
1080048,6
1195226,3
1219355,1
1096930,3
1281907,3
1086420,3
1172417,6
1096375,6
1139888,3
1281762,5
1076197,6
1237448,5
1031538,4
1166167,6
1171890,6
1303380,6
1107547,3
1163756,4
1110874,5
1134852,4
1267214,1
1296024,5
1067014,6
1037391,4
1099338,5
1205056,6
1210251,5
1320093,3
1073151,4
1065821,4
1295062,5
1259754,3
1057675,4
1055665,3
1276677,1
1017414,3
1251210,2
1045595,4
1318309,3
1199035,2
1303248,3
1033110,4
1321419,6
1259544,4
1167319,6
1249988,4
1208289,1
1050278,5
1322223,1
1193239,4
1171232,3
1125296,1
1202319,3
1301849,3
1287748,1
1129637,3
1247831,6
1132179,6
1216777,5
1191604,5
1253591,4
1098714,6
1325118,5
1238667,3
1241322,6
1322181,3
1280532,5
1115649,3
1164284,6
1169094,4
1073717,6
1287481,6
1224310,3
1037114,3
1057323,4
1279529,3
1279015,1
1122427,3
1139515,6
1081644,6
1145148,4
1144489,2
1157817,3
1311391,4
1321212,4
1137629,4
1256408,3
1304337,1
1316852,5
1153735,6
1237475,6
1218389,4
1255805,6
1148290,6
1312177,3
1178703,1
1152712,6
1167080,6
1237694,4
1305823,1
1256921,3
1066958,4
1325480,6
1051843,3
1045403,6
1023857,3
1047080,6
1255670,5
1166354,6
1314692,3
1006832,4
1149879,6
1161540,6
1113171,4
1117983,4
1275274,6
1299653,5
1081738,4
1104966,3
1043241,6
1089309,3
1161270,4
1109683,5
1215991,3
1318234,5
1266981,3
1039409,6
1244254,4
1136056,1
1200141,3
1098676,3
1018773,6
1295240,5
1068927,3
1024640,1
1097117,3
1269541,6
1243672,6
1182427,4
1177428,6
1322092,6
1176314,4
1248182,3
1209486,3
1201132,6
1114291,4
1218526,3
1238357,4
1113228,1
1172029,4
1160371,4
1181512,3
1112068,4
1183837,1
1285259,3
1134420,6
1254373,2
1230687,6
1002381,5
1028205,3
1140437,3
1221995,3
1137224,1
1174702,3
1232502,4
1095323,6
1242569,4
1013039,6
1305641,6
1148881,3
1209862,6
1304071,5
1079126,6
1266538,6
1161696,6
1248468,5
1019200,3
1244969,6
1226226,6
1208155,3
1235101,3
1256931,5
1136330,3
1280672,5
1042641,6
1286956,5
1006515,4
1139333,3
1170191,4
1207663,6
1292752,2
1295691,6
1039340,3
1002587,4
1324572,4
1106827,6
1251200,6
1105969,3
1318261,1
1142321,4
1135224,5
1204789,3
1083574,3
1061175,4
1094137,6
1234701,4
1275504,3
1154595,3
1006872,1
1038868,5
1171067,5
1063542,5
1191572,1
1148929,4
1086229,1
1223945,6
1120916,5
1214157,1
1021781,4
1303484,3
1205704,4
1270713,4
1316477,3
1120684,4
1117243,6
1315563,3
1010510,3
1095344,3
1264071,1
1282767,6
1177847,1
1098105,3
1075367,3
1108033,3
1302513,3
1033315,3
1059454,4
1287233,4
1223262,4
1148076,4
1001883,3
1119984,4
1262444,3
1099826,6
1255598,5
1262512,5
1130267,5
1257250,4
1153328,3
1173359,4
1154584,4
1059242,4
1256129,1
1315486,6
1134442,3
1302736,3
1166638,4
1109551,4
1304607,6
1011913,3
1081779,4
1313009,6
1216897,4
1194065,4
1072270,4
1114058,1
1278069,3
1243241,4
1237377,6
1186722,5
1157444,4
1241521,3
1150152,1
1119079,5
1267895,5
1246169,5
1011265,3
1299090,6
1001375,5
1316168,4
1014080,5
1189486,3
1098527,6
1002045,4
1142578,3
1128732,6
1091489,1
1050776,1
1176568,3
1000771,3
1304651,1
1039001,6
1223158,3
1059725,5
1116634,6
1031200,6
1023260,1
1049753,1
1046178,5
1281375,4
1096882,6
1068930,5
1103186,5
1192883,2
1264298,3
1028332,6
1034796,3
1160352,6
1324402,3
1287021,4
1112560,6
1073286,1
1239282,4
1156655,5
1104032,3
1096605,4
1143419,6
1056011,1
1026040,6
1174666,3
1295155,1
1130352,4
1077195,3
1159385,3
1184748,6
1247628,3
1107682,6
1033768,1
1269589,6
1050679,1
1223602,4
1006877,6
1253159,3
1037342,6
1107877,5
1304202,4
1267199,4
1036842,3
1199443,6
1140165,4
1225237,1
1012414,1
1120012,3
1226803,4
1116133,2
1283589,5
1110540,6
1200199,6
1249432,4
1187661,6
1272157,2
1029872,3
1178053,4
1107414,3
1190622,3
1261158,6
1134410,6
1076582,5
1276116,3
1138980,4
1221734,3
1088998,5
1087497,4
1173360,5
1064096,5
1258777,4
1076161,5
1260066,5
1102452,3
1177678,5
1204025,5
1317609,4
1183773,6
1010536,6
1321567,1
1138278,4
1136846,3
1015793,3
1005687,6
1158200,6
1289459,1
1322045,6
1163949,3
1133239,5
1066200,6
1205496,4
1129123,4
1197153,3
1039959,6
1295255,3
1022919,5
1097439,6
1269167,6
1196824,4
1296997,5
1204253,4
1152270,6
1242128,5
1078862,4
1093271,4
1210764,3
1298464,3
1179609,5
1299033,4
1199434,3
1205218,5
1307025,6
1129175,4
1017114,5
1242416,4
1014603,3
1160142,6
1002437,5
1064300,1
1178407,3
1269595,3
1139022,3
1028515,3
1226308,6
1044281,6
1180586,6
1217781,3
1011970,3
1034932,3
1154074,3
1243561,3
1222615,6
1162109,6
1083543,6
1273193,3
1297944,6
1024719,3
1083160,3
1110172,4
1218069,6
1129625,3
1258823,1
1062501,3
1265751,4
1130266,6
1048058,5
1281058,3
1125149,6
1215986,5
1311179,4
1264170,6
1225306,4
1146745,4
1188371,1
1072530,3
1175010,5
1065836,3
1284251,4
1243224,6
1058004,3
1021919,5
1301679,4
1022885,6
1179314,4
1070674,4
1290170,6
1135286,5
1263560,6
1250427,6
1032824,6
1009320,5
1121720,3
1055193,4
1113747,3
1089193,7
1159616,6
1307202,1
1136544,4
1081519,6
1039208,3
1077780,5
1308967,4
1034892,3
1140018,3
1019281,5
1309779,6
1153967,5
1032671,5
1000991,6
1156831,4
1072721,4
1297000,3
1273190,4
1278853,4
1284729,1
1042321,5
1103596,5
1292817,3
1208625,4
1091050,1
1225782,6
1093911,5
1166744,3
1312216,3
1000646,5
1002923,1
1207975,3
1073560,6
1206407,3
1230540,6
1034924,1
1251391,5
1217100,6
1261518,6
1197122,3
1255004,4
1252718,3
1293741,6
1061858,3
1249375,6
1132433,5
1009223,6
1228921,4
1241510,5
1210066,5
1101449,3
1124071,5
1006169,6
1277285,5
1060129,6
1278627,3
1099969,4
1084490,6
1144984,3
1137514,4
1081805,6
1240339,3
1217768,6
1008591,4
1130606,6
1217030,4
1085530,6
1057954,4
1235277,4
1204099,5
1166894,3
1050263,6
1124031,4
1300735,1
1265168,3
1248648,5
1121419,1
1024687,4
1221454,4
1223367,6
1221319,4
1220725,6
1278315,4
1200586,4
1016681,4
1108099,6
1129819,5
1024002,4
1294857,4
1196438,1
1311172,5
1026422,4
1204486,4
1086545,3
1031386,5
1003487,4
1281919,4
1206761,6
1111889,6
1129262,4
1010458,3
1071675,6
1097037,3
1105171,4
1221383,5
1284617,4
1274587,6
1182008,1
1111792,4
1162084,3
1157174,4
1095633,1
1282373,5
1026179,6
1018321,3
1290772,6
1076736,5
1107891,4
1227004,4
1043964,3
1303754,6
1031113,4
1311010,3
1229559,6
1126154,4
1058744,1
1081667,1
1212074,3
1246557,5
1084295,6
1126369,3
1202505,3
1005034,6
1293893,6
1087686,3
1165048,6
1120723,1
1156325,2
1178684,4
1287182,4
1243610,4
1002937,6
1059920,5
1275665,4
1040235,3
1046055,6
1101671,4
1106136,6
1054764,3
1191513,4
1172020,6
1025377,5
1091715,6
1123432,1
1189573,6
1204746,6
1314577,6
1126052,4
1158689,4
1117072,1
1294167,5
1299918,6
1149298,6
1227138,4
1150274,6
1171277,3
1323031,4
1199371,1
1298725,4
1088074,5
1011749,6
1056098,4
1089141,5
1042368,6
1000512,1
1134130,1
1319054,6
1319481,3
1210638,4
1276949,2
1281531,6
1124848,4
1202460,1
1002509,1
1117695,6
1075783,5
1107825,3
1264976,4
1323122,3
1064684,6
1128942,4
1019279,6
1226905,3
1289136,3
1275133,5
1041251,4
1118329,6
1030547,3
1028433,4
1033888,6
1010591,3
1215872,3
1188410,6
1316352,6
1230605,4
1161907,6
1164921,3
1193502,3
1047977,6
1125963,4
1020196,6
1136367,6
1122516,6
1027344,4
1243941,6
1321569,3
1279588,4
1139370,6
1232863,1
1273189,6
1230486,6
1106179,5
1171837,1
1086771,6
1305129,1
1161437,4
1191001,4
1010700,3
1212741,4
1033211,3
1273328,1
1257792,6
1141480,3
1239500,3
1108999,5
1123294,6
1305438,5
1035035,5
1175463,6
1147723,3
1164777,4
1036362,3
1254564,3
1170229,4
1042741,4
1217555,5
1108843,5
1275851,3
1095257,6
1199085,6
1066367,5
1046844,6
1193567,3
1031773,5
1189424,6
1049686,6
1048536,6
1229360,5
1168337,3
1240485,6
1269717,3
1207508,4
1166232,5
1102833,6
1313625,1
1270057,1
1051125,5
1077536,4
1063805,3
1222614,5
1000164,1
1263621,4
1194884,6
1237576,3
1187422,3
1090838,5
1023375,4
1079804,4
1240635,5
1042403,5
1307543,5
1242655,3
1276772,4
1141887,1
1088467,4
1026687,6
1041839,6
1007804,1
1034850,3
1085546,6
1312832,4
1134256,3
1238254,6
1174051,3
1122101,4
1306827,4
1008150,1
1034556,4
1147915,6
1065388,5
1266361,6
1219367,4
1104604,5
1087881,6
1121500,4
1238616,4
1203382,5
1279149,4
1264847,6
1150745,4
1269042,4
1004711,3
1181817,6
1020939,3
1104591,4
1287653,5
1204333,6
1033044,6
1060890,1
1294999,1
1004057,3
1246864,6
1164232,6
1313588,2
1099500,6
1256648,4
1003480,5
1127665,5
1277977,4
1115403,6
1168467,3
1181612,6
1285519,6
1247904,4
1061696,5
1171047,3
1273423,1
1125388,5
1219522,6
1001095,6
1256032,3
1285592,4
1169507,3
1315592,3
1325612,4
1137639,5
1137961,5
1034719,5
1306436,3
1305483,3
1280447,1
1086444,5
1064880,3
1083596,6
1055717,1
1020771,4
1230165,6
1297045,4
1139128,6
1202140,6
1022503,6
1110456,6
1288445,4
1093169,3
1156016,4
1142324,3
1090991,4
1047417,4
1236138,4
1215125,3
1212861,1
1196966,6
1126959,6
1036636,3
1263185,6
1241250,5
1199758,3
1027203,3
1109434,6
1248323,1
1071931,3
1247789,3
1235777,6
1279419,4
1251991,3
1205261,3
1138400,3
1220411,5
1276674,3
1095769,3
1208290,4
1012522,3
1214306,6
1308674,4
1174435,3
1113811,6
1132779,4
1169888,1
1176859,3
1178571,4
1027267,1
1308585,2
1189361,3
1072561,3
1273681,6
1167018,3
1285121,4
1147578,6
1100236,5
1283434,6
1069458,6
1149241,6
1310377,3
1280502,5
1037623,4
1162107,6
1106237,6
1136795,4
1202200,6
1309511,6
1142234,5
1112869,5
1272177,5
1322549,6
1278333,3
1108921,4
1073809,6
1324197,1
1204888,3
1149166,3
1072052,4
1290632,6
1083500,6
1317195,5
1243200,3
1298346,6
1241705,3
1200113,1
1315982,3
1301061,6
1263910,6
1222352,4
1325065,5
1289831,3
1310637,4
1040522,3
1152696,4
1186655,6
1196668,6
1237872,5
1154457,6
1001634,5
1070864,5
1214434,6
1280638,5
1209101,6
1061965,6
1136999,6
1266052,6
1042151,5
1216954,6
1028468,6
1057004,6
1282478,3
1286720,6
1141602,6
1026110,6
1240097,6
1251449,3
1037260,1
1023229,3
1231469,3
1188706,6
1169647,6
1034084,6
1239658,5
1271246,6
1279769,3
1092460,3
1195644,3
1121734,3
1030477,6
1141901,6
1305617,3
1033991,2
1074421,4
1254671,6
1150459,6
1125478,3
1194792,1
1076073,4
1314275,4
1268246,3
1137057,4
1032856,4
1262216,6
1129488,1
1078157,5
1261351,5
1241848,6
1317907,3
1074417,5
1085079,6
1291932,6
1032946,4
1109782,1
1224493,6
1111010,5
1263233,3
1197230,1
1082780,6
1156066,1
1227566,6
1001438,6
1232530,6
1095958,6
1196718,1
1123975,5
1121093,6
1186955,4
1108689,1
1126627,6
1263203,6
1131786,1
1308135,3
1311334,1
1237411,3
1218449,3
1083374,3
1269844,1
1060002,5
1168110,1
1041731,5
1295669,3
1032753,6
1098540,4
1313642,3
1215673,5
1068531,1
1035949,6
1244639,6
1141138,6
1307682,5
1311804,1
1180942,4
1087696,3
1179651,6
1113124,4
1020686,6
1175582,5
1262134,3
1227373,6
1144630,3
1320515,1
1145159,4
1074493,6
1085642,4
1274938,1
1137437,6
1037770,1
1119117,5
1228726,4
1216281,1
1176378,6
1301916,6
1002966,6
1284790,4
1191489,5
1090087,3
1189297,4
1305195,4
1040512,5
1001957,5
1227015,5
1052591,4
1294382,4
1178187,6
1050112,4
1216225,3
1221090,5
1224612,5
1295950,5
1316052,4
1297295,1
1195850,3
1025692,6
1088365,5
1080385,3
1239573,3
1188575,6
1266714,3
1088618,6
1313989,6
1149340,3
1045311,4
1228022,3
1139918,4
1223600,6
1300286,6
1022657,1
1253941,4
1196066,1
1310963,5
1255346,1
1282106,6
1006185,6
1171567,4
1254352,5
1296069,6
1190635,3
1140245,4
1182110,3
1025253,4
1302145,6
1084350,3
1135928,6
1150296,6
1180348,6
1253662,5
1068483,1
1187194,5
1237749,4
1070217,4
1065679,3
1138561,3
1163376,6
1295752,4
1049189,1
1086680,1
1116682,6
1284091,5
1308968,3
1060446,6
1027132,5
1187029,3
1167049,3
1045063,6
1026512,6
1075980,3
1064114,3
1106608,3
1207428,6
1093767,3
1035062,6
1266657,5
1300072,1
1157117,5
1226831,1
1086051,5
1121718,4
1064827,4
1173729,6
1064709,5
1294216,3
1217074,4
1246176,3
1321793,1
1111543,6
1304385,1
1258956,1
1078405,3
1321077,6
1023740,6
1120309,5
1275467,4
1043676,1
1064718,4
1214867,4
1145420,4
1148450,6
1180164,6
1152045,4
1291014,3
1183906,6
1305333,4
1100551,6
1279457,4
1320754,3
1206697,4
1245825,3
1245123,6
1106765,2
1219404,3
1017502,6
1325080,6
1246248,4
1279862,6
1100544,3
1003433,5
1069716,4
1015078,3
1019825,6
1225692,3
1092888,4
1153712,4
1172813,1
1191186,4
1107703,3
1140763,5
1219812,5
1316269,3
1002101,4
1047342,5
1152669,6
1069141,1
1143827,3
1244142,3
1029379,3
1089802,5
1213922,3
1288253,1
1321856,2
1253607,3
1109968,1
1197695,2
1046286,3
1184293,4
1306348,4
1187003,6
1172939,4
1281281,6
1315179,5
1280629,4
1255320,6
1259963,1
1015572,1
1197663,5
1189669,4
1317014,3
1079365,6
1153610,6
1269894,6
1194951,4
1276905,5
1153689,6
1288853,1
1127854,3
1013256,3
1053343,5
1250444,3
1170563,4
1099343,4
1029189,6
1077645,3
1044620,6
1263551,6
1016982,4
1315288,4
1117004,6
1176478,5
1301522,5
1313545,2
1276134,1
1098697,5
1055831,3
1114584,4
1275298,6
1000882,1
1074773,6
1202623,2
1188427,6
1062530,5
1035861,4
1196778,4
1290941,3
1146519,3
1009182,3
1059776,6
1245713,3
1189432,6
1325113,5
1123692,6
1319810,3
1012149,5
1256972,3
1241393,6
1138134,3
1117827,4
1217183,4
1036236,6
1270627,6
1188815,3
1121106,7
1084717,3
1089020,4
1225883,4
1211534,3
1156297,1
1105682,1
1089205,3
1018304,6
1018668,6
1258787,3
1266349,2
1294752,3
1172283,5
1027311,4
1198935,1
1278293,3
1160774,3
1122857,1
1266985,4
1053149,1
1124317,5
1218978,5
1047445,1
1130708,5
1171504,6
1288689,6
1313297,6
1062172,6
1134389,4
1136807,6
1171135,3
1117507,5
1290266,3
1188583,6
1196554,1
1004582,5
1165517,5
1200380,5
1070620,1
1185996,4
1071428,1
1076244,3
1056750,4
1239783,3
1121766,3
1166180,4
1064866,6
1161869,7
1123411,6
1203665,4
1063481,4
1273595,6
1081472,6
1108708,4
1058359,1
1255740,3
1000143,3
1132877,2
1135973,3
1259749,4
1290617,6
1162834,4
1005615,4
1102546,1
1048418,5
1066183,6
1167682,4
1218681,4
1095634,3
1079672,6
1087060,1
1301904,4
1207267,4
1136084,5
1001393,6
1149857,1
1305004,5
1222053,1
1245589,1
1155493,6
1090144,3
1133420,5
1254445,3
1024483,4
1325784,6
1226502,6
1078191,1
1153520,4
1157693,1
1162377,3
1057224,4
1317780,4
1115573,6
1151866,2
1296963,6
1077338,4
1053387,4
1310196,5
1217777,5
1156429,6
1047484,3
1141683,4
1191244,4
1238498,3
1323578,5
1237014,3
1074026,3
1042361,1
1316102,4
1225861,6
1016738,3
1161548,1
1245529,4
1043962,3
1244489,3
1086651,3
1265035,3
1112994,6
1275390,5
1165975,3
1074722,4
1024092,6
1169068,4
1229436,3
1176196,1
1238531,5
1300148,1
1271105,5
1058574,6
1019543,4
1250969,4
1234770,3
1312849,3
1180905,1
1055973,3
1317183,6
1019749,4
1154319,1
1104958,5
1132645,3
1153452,6
1153793,1
1114645,3
1006195,6
1086913,6
1089637,1
1149808,1
1184743,4
1155582,3
1316823,6
1056911,4
1033465,6
1123870,3
1231488,6
1238591,4
1247915,3
1147434,3
1222643,6
1306565,3
1299745,3
1009148,1
1168298,3
1005154,6
1108302,3
1258999,1
1166410,5
1067299,6
1320646,5
1137430,4
1139729,3
1267163,3
1089729,3
1128125,6
1067944,4
1144270,4
1214905,6
1290156,4
1085051,2
1022062,6
1253461,4
1267412,6
1147742,4
1257321,1
1022883,6
1177716,5
1208555,3
1172087,6
1218170,6
1118143,3
1192028,1
1042030,1
1125916,6
1136648,5
1027170,4
1270917,6
1197478,3
1231829,3
1179746,2
1267590,1
1235398,4
1276112,6
1323740,4
1131267,6
1061313,4
1285290,4
1050469,3
1109501,6
1258410,6
1306114,4
1081249,5
1250852,4
1120678,4
1069440,5
1095379,4
1124884,3
1103702,1
1047526,1
1176152,5
1034643,5
1154279,5
1225092,4
1213319,1
1010616,5
1101328,6
1273384,6
1115380,5
1065135,6
1305374,5
1190606,3
1057104,3
1314962,3
1016914,3
1131374,3
1283257,5
1050265,3
1154985,4
1251405,4
1304011,4
1095487,3
1261174,3
1137468,3
1174665,4
1125671,1
1157687,1
1288244,3
1299744,6
1234331,1
1245088,3
1109801,3
1153658,4
1247144,5
1178559,3
1156266,4
1251138,3
1096924,3
1258896,6
1324695,6
1123770,3
1010261,6
1179032,6
1176545,5
1108351,6
1233045,6
1239514,1
1104456,6
1003411,4
1071173,6
1051198,5
1042400,4
1183838,5
1130800,6
1056688,5
1201002,3
1142136,4
1091811,6
1172688,3
1267307,5
1181152,4
1014008,1
1257938,4
1107917,6
1134581,4
1147634,3
1265600,5
1088127,3
1016518,6
1283554,3
1106807,6
1271387,5
1309042,4
1238101,4
1306102,3
1123307,4
1205713,5
1114238,6
1073604,6
1010312,4
1247606,3
1238730,5
1157803,4
1321115,4
1024723,4
1203213,3
1018825,3
1070624,6
1271999,4
1223604,6
1018311,3
1070636,6
1029695,5
1144505,4
1296498,5
1266051,1
1024462,4
1126250,6
1153108,6
1109457,5
1127930,3
1049969,3
1250564,5
1282260,6
1184529,3
1207065,3
1001958,3
1004153,3
1313615,4
1004756,3
1307770,6
1107014,6
1295542,1
1156692,3
1064569,4
1311748,3
1064237,3
1140679,3
1059700,5
1312514,6
1294612,3
1164860,4
1184786,6
1124224,6
1031501,4
1155790,4
1070907,3
1050397,3
1185418,1
1010604,4
1161100,5
1262252,3
1263724,3
1281891,6
1297195,1
1279474,6
1029704,6
1065338,4
1134452,4
1149897,1
1091846,6
1213263,6
1188071,3
1299219,4
1022821,4
1130990,6
1096782,1
1182959,3
1092301,6
1226068,6
1036981,3
1080846,1
1167169,4
1184550,1
1033169,6
1216089,5
1314669,1
1073674,4
1322293,4
1215598,6
1223528,5
1209331,3
1308706,1
1309865,6
1033897,4
1106077,6
1073845,4
1107397,5
1111698,5
1206393,3
1122316,4
1171754,3
1207423,3
1125644,3
1180511,4
1191886,6
1132601,4
1287544,4
1058415,3
1151220,1
1155739,7
1189338,4
1039439,6
1220708,3
1322522,1
1260148,3
1162825,5
1147201,5
1296477,3
1191031,6
1244622,5
1059350,1
1117284,4
1135915,6
1013108,2
1194370,3
1212992,1
1214933,6
1023245,4
1126355,6
1203487,6
1181649,4
1302699,6
1049954,6
1325455,4
1272317,1
1224121,1
1002029,4
1007655,1
1320556,6
1319568,4
1150436,5
1163795,5
1206104,3
1153355,6
1149542,6
1311264,6
1004800,3
1116822,6
1120729,6
1040305,6
1075069,3
1021621,4
1046588,3
1055803,4
1309715,4
1187051,3
1106783,1
1276516,3
1088753,1
1008157,6
1217356,5
1211714,4
1162253,4
1139411,5
1306065,1
1131058,6
1066504,4
1320874,4
1306924,6
1219973,3
1222507,4
1034729,6
1064906,3
1085115,6
1302130,4
1090509,5
1192254,3
1114550,3
1312148,4
1305630,4
1146909,3
1278203,6
1324725,3
1023212,6
1049700,3
1283072,6
1180191,1
1066973,3
1013625,6
1068244,6
1130599,6
1031107,3
1173632,4
1082073,5
1106774,3
1123487,4
1325246,4
1185141,1
1053131,4
1058965,3
1269385,6
1323692,4
1130229,5
1171447,3
1215475,4
1075618,6
1259316,3
1073051,6
1125731,3
1094680,5
1319213,6
1296953,3
1301051,1
1058854,6
1263676,4
1087114,5
1051242,3
1127031,5
1046003,6
1247437,5
1214161,1
1245241,4
1322676,4
1091563,6
1121096,4
1227482,2
1178980,1
1050152,4
1206921,6
1259188,6
1128754,4
1253691,6
1018164,4
1084156,3
1310673,4
1231234,6
1210328,5
1171723,3
1136064,5
1017085,1
1085937,3
1290843,3
1279119,5
1017563,6
1197568,4
1047729,4
1253895,6
1275795,4
1258869,3
1083403,5
1158013,2
1219497,6
1294442,6
1009543,3
1088791,3
1058577,3
1181426,6
1161718,1
1292293,6
1244270,3
1227229,4
1093351,3
1254466,6
1317680,6
1278768,1
1263032,3
1055744,1
1092299,3
1213076,3
1049818,4
1324794,3
1091933,4
1129492,3
1131482,1
1077840,6
1102326,4
1002324,5
1082652,6
1116135,3
1076597,1
1315897,6
1063027,3
1055571,3
1131543,1
1208808,1
1321513,4
1160885,6
1274037,3
1034116,4
1325325,1
1273630,3
1219832,1
1139708,4
1151817,6
1025076,3
1126631,4
1138276,3
1013355,5
1278042,3
1114459,3
1319356,5
1005993,5
1224022,5
1105995,1
1234271,6
1321285,4
1160446,6
1227109,3
1039557,2
1253577,6
1278859,3
1124850,3
1208852,4
1131834,3
1020945,5
1006758,6
1031526,3
1067311,5
1295552,3
1088572,4
1311093,4
1269482,5
1158309,5
1030532,3
1049396,6
1320334,5
1243499,3
1179761,4
1169710,3
1260945,4
1230796,5
1131020,6
1214527,5
1249671,3
1189232,6
1012152,1
1059084,4
1270288,6
1017296,3
1286396,5
1071235,3
1223385,1
1110188,6
1146601,3
1228903,1
1135474,2
1062283,3
1034216,4
1293113,3
1127450,6
1204712,1
1102858,6
1195433,6
1104395,4
1170148,3
1145727,4
1018960,3
1193933,3
1226607,5
1321750,5
1202439,6
1136130,3
1042708,5
1150983,4
1061630,6
1295686,1
1315695,5
1137823,3
1279821,4
1292060,6
1190001,3
1026186,5
1236165,3
1315299,1
1131614,3
1020204,1
1013667,3
1040090,4
1000851,6
1013836,6
1228105,4
1265185,6
1073374,4
1003834,6
1119252,3
1258605,3
1215789,3
1098035,6
1268263,4
1208652,4
1272858,1
1226690,6
1123845,4
1068699,4
1303451,1
1198873,3
1229867,2
1102552,3
1155392,5
1152796,1
1270869,4
1126089,5
1162895,3
1129429,3
1306392,3
1193366,3
1081961,3
1308221,4
1026889,6
1314368,4
1031670,3
1035778,3
1228130,4
1254773,4
1130465,1
1178973,3
1212578,3
1163122,4
1241174,4
1182167,4
1324974,5
1171427,4
1103541,3
1308881,3
1221586,1
1267255,6
1127723,6
1256902,5
1023597,3
1236235,6
1009438,4
1139323,5
1200426,1
1209329,5
1144046,1
1141583,5
1126938,6
1098674,3
1154851,6
1079184,5
1234535,6
1272377,6
1026256,5
1207407,3
1186932,4
1103436,1
1220919,6
1070761,6
1229465,4
1015352,3
1301943,6
1289783,5
1280359,5
1011333,3
1191689,3
1108126,4
1236698,5
1247150,4
1279967,1
1125670,5
1226050,4
1117438,5
1053418,6
1265846,6
1161176,5
1160109,3
1129953,3
1268850,3
1254165,1
1270836,3
1190248,5
1246844,4
1078331,4
1093875,6
1035953,1
1054995,6
1193687,4
1133817,1
1126834,4
1164404,4
1092383,4
1241309,4
1199383,5
1113888,6
1013144,4
1319973,4
1052224,1
1159805,1
1192902,4
1248069,6
1156518,3
1225415,4
1265119,3
1284686,1
1053874,3
1132574,6
1030849,6
1062181,6
1091661,7
1189703,4
1000889,5
1119680,6
1079073,5
1107737,1
1282801,6
1200787,5
1128770,6
1258361,5
1297761,6
1081286,5
1275261,4
1185771,5
1023024,4
1162208,3
1190128,6
1284651,4
1174948,4
1123582,6
1203784,5
1239235,1
1037102,6
1321004,3
1226683,4
1238675,3
1106055,4
1296657,4
1316793,1
1123785,6
1260163,3
1238586,5
1190938,1
1282092,1
1241432,4
1309619,4
1106529,5
1180611,5
1068329,5
1033337,1
1287811,6
1182558,6
1262839,5
1319320,6
1101621,4
1081924,1
1015255,5
1085328,4
1070613,5
1224787,4
1104462,1
1114787,6
1139507,4
1009346,1
1202041,3
1040258,3
1213277,6
1005612,6
1083839,3
1098630,3
1087312,4
1079377,1
1111529,1
1165386,4
1091591,5
1264263,6
1246121,6
1063693,4
1323924,3
1061712,6
1243978,3
1178221,4
1217493,3
1299482,3
1088134,3
1235817,4
1273429,3
1274220,3
1072576,1
1002781,4
1200151,4
1061507,4
1269780,3
1046280,1
1198952,4
1229868,6
1286343,6
1096608,5
1021967,4
1231101,4
1083819,5
1035918,6
1230138,5
1103385,4
1146603,3
1163335,3
1151925,5
1118790,6
1066723,3
1080755,3
1171042,3
1231110,5
1075254,3
1055702,3
1230729,5
1213910,4
1141453,3
1033103,3
1196560,5
1125366,5
1188820,4
1015634,3
1149483,6
1273821,1
1274380,4
1297047,1
1176556,4
1111518,1
1106478,4
1064533,4
1026799,1
1255602,4
1165100,6
1194925,3
1013367,5
1156618,4
1198897,1
1271793,4
1105632,6
1087979,6
1046893,6
1112391,6
1296629,3
1148514,5
1227319,6
1228864,1
1047140,6
1068749,4
1116533,3
1064864,1
1322972,3
1231729,3
1250499,3
1164010,1
1311503,5
1144463,6
1003173,6
1180839,1
1320105,5
1168833,3
1108465,4
1262404,6
1088752,3
1037810,6
1314281,1
1155831,6
1128541,5
1037451,6
1298675,1
1065426,6
1083425,6
1119585,6
1061194,3
1228014,3
1019834,3
1183291,4
1259291,5
1148721,3
1293442,1
1201450,4
1252773,4
1204152,6
1035550,6
1236576,6
1164799,5
1075638,4
1194976,3
1034475,5
1004893,3
1094326,5
1093643,4
1251798,6
1315893,6
1112300,5
1121541,6
1301992,6
1298488,6
1109622,4
1299708,1
1084777,1
1137811,1
1019617,4
1214274,6
1130821,6
1056999,6
1180484,3
1092985,6
1097501,4
1242197,3
1216194,4
1166423,4
1122820,1
1179718,3
1323661,3
1270444,6
1273946,3
1165573,1
1233688,3
1307068,5
1117621,6
1135140,3
1101763,3
1307784,6
1169030,3
1213303,3
1202934,5
1232652,4
1219902,1
1173462,3
1039997,4
1000945,4
1230066,3
1102516,6
1191959,1
1186897,1
1306972,6
1197103,3
1250689,4
1131072,4
1112483,4
1297564,2
1147784,3
1008526,4
1082972,6
1324429,3
1134764,5
1125133,2
1215027,5
1151929,3
1208348,3
1172329,3
1324206,5
1244820,3
1127337,4
1074488,3
1313532,3
1132524,3
1243225,5
1185559,3
1095091,6
1010159,6
1095605,6
1232527,6
1106881,6
1096163,6
1238956,4
1152166,6
1265999,1
1310064,1
1059347,6
1078425,4
1065331,1
1292517,5
1139232,4
1063289,4
1278782,4
1070564,5
1010002,3
1093158,4
1099144,6
1281628,6
1218098,6
1268500,3
1202451,1
1220941,5
1172492,6
1243287,3
1227123,6
1149796,4
1128473,4
1154889,6
1277099,6
1268446,2
1219706,1
1283368,3
1230080,4
1170995,3
1181656,4
1054787,4
1125661,4
1060197,5
1222039,3
1019671,3
1217468,3
1207146,1
1128428,4
1246803,3
1242975,5
1291805,1
1158153,5
1105321,4
1005323,4
1054695,3
1275366,6
1148765,6
1041365,3
1169901,3
1319085,3
1023133,4
1271452,3
1304873,5
1189553,6
1166011,6
1219185,6
1201629,4
1195007,3
1010507,3
1165478,3
1313731,4
1241130,3
1079939,4
1270371,4
1210745,3
1175788,5
1116424,1
1119813,6
1073529,1
1013057,6
1253891,4
1325765,6
1078220,4
1068433,6
1152051,3
1131595,3
1190400,4
1302022,6
1070398,6
1090853,4
1232416,3
1163405,3
1118189,6
1127209,6
1270409,4
1078765,4
1101197,4
1162419,4
1125197,4
1218383,6
1260792,1
1126857,5
1175462,6
1261807,4
1160304,6
1061086,3
1114959,1
1099540,3
1004602,3
1065863,3
1268874,1
1277201,4
1047593,6
1296676,4
1224809,1
1322305,4
1296596,3
1125011,5
1144688,4
1102908,3
1199575,6
1004587,3
1267015,3
1277220,3
1108857,6
1051274,6
1158942,6
1078029,3
1203105,6
1174155,3
1276197,3
1167034,3
1029030,3
1170959,6
1182982,6
1124634,5
1297201,6
1213106,3
1024878,5
1193248,5
1147529,4
1153769,4
1024937,1
1151250,1
1052650,6
1207710,3
1315624,6
1117532,3
1214334,4
1202240,3
1104043,1
1252505,6
1062094,4
1193539,5
1221206,5
1227084,3
1316506,1
1106376,6
1169934,3
1277618,4
1302873,3
1249355,4
1051366,6
1219243,5
1142832,4
1321409,5
1140342,6
1098096,3
1076347,4
1016345,4
1285506,1
1043353,6
1229063,6
1071163,5
1228763,5
1011961,5
1303661,4
1172408,3
1201489,3
1077987,1
1236339,6
1070230,3
1260889,4
1299957,5
1027128,3
1039349,4
1181249,3
1023831,1
1265528,5
1102039,4
1064153,3
1216927,6
1042221,1
1127446,6
1016979,3
1198814,1
1053484,1
1324985,3
1059016,4
1014353,3
1278322,2
1132765,3
1188760,6
1213515,3
1161468,4
1168617,1
1186356,6
1225567,3
1106450,5
1007885,3
1265052,5
1066572,1
1161059,1
1014710,4
1019370,3
1203406,1
1023774,6
1064789,3
1059922,1
1086046,5
1290035,6
1199507,1
1059490,3
1082900,4
1166548,6
1033725,1
1123368,6
1080166,3
1059220,4
1143964,6
1002486,5
1050841,3
1059561,4
1059878,6
1306382,3
1066329,4
1152447,6
1180552,6
1050967,4
1322541,5
1297433,4
1296704,6
1243258,4
1128301,5
1317779,5
1028639,6
1141283,2
1181441,3
1233014,3
1069403,1
1054674,4
1000493,4
1080624,5
1193430,5
1143838,6
1317314,4
1238524,5
1065040,3
1197934,3
1237868,3
1197267,6
1020257,3
1174436,4
1310384,1
1203043,3
1125446,6
1226634,1
1295527,6
1300132,6
1302684,1
1064690,6
1261764,3
1009405,3
1022043,3
1106265,1
1084546,3
1245207,3
1075409,6
1007048,5
1031421,1
1058142,3
1242751,1
1234848,4
1307266,6
1086700,3
1274997,5
1181110,5
1019487,3
1261395,5
1073839,5
1277647,3
1130280,6
1237136,3
1317725,3
1057644,3
1003408,6
1195917,3
1267433,6
1200785,1
1281191,6
1148129,5
1260924,6
1100856,3
1310448,4
1216078,4
1164247,1
1304199,6
1161719,6
1306441,1
1022524,1
1228896,6
1270256,2
1226098,4
1297766,3
1101186,6
1263712,5
1044521,3
1203934,6
1246217,5
1064958,6
1195196,5
1234469,3
1279270,6
1166474,3
1187726,6
1002153,1
1204639,6
1216837,1
1310139,5
1298113,3
1295803,3
1245080,1
1166063,5
1069011,3
1224269,1
1319768,5
1179996,4
1285400,5
1073211,3
1283314,6
1052522,1
1320544,4
1213502,6
1105793,5
1225413,3
1139665,5
1168647,3
1306482,6
1259327,6
1003175,1
1181652,3
1114491,4
1030405,4
1316069,5
1270053,3
1235372,3
1223631,5
1258884,3
1238143,5
1224555,6
1167778,4
1231600,6
1018860,4
1135840,6
1097887,6
1145905,3
1018018,3
1053341,3
1041282,6
1000546,6
1044373,6
1029843,3
1041180,5
1083187,4
1301455,6
1184152,4
1119473,6
1079291,5
1007936,1
1027745,6
1004871,5
1071220,1
1255344,4
1237310,1
1007228,4
1103235,1
1007642,3
1252911,1
1148853,3
1147657,5
1258370,6
1312575,4
1131213,1
1148965,3
1173969,3
1222105,6
1183273,3
1121838,3
1025653,4
1109325,4
1010698,5
1119968,5
1225121,4
1064282,1
1308320,6
1121391,6
1186080,6
1110199,5
1023273,4
1305284,6
1017819,1
1097667,1
1035958,1
1041269,4
1207977,6
1267288,3
1299974,3
1103208,6
1151571,3
1205163,6
1143127,3
1278131,3
1074303,1
1073618,4
1079368,4
1063365,6
1233204,3
1310483,3
1086870,3
1038537,4
1213830,4
1312186,6
1289418,4
1244708,5
1013201,6
1319575,5
1156385,3
1231464,3
1103789,6
1311399,5
1014846,1
1113930,5
1315943,1
1154860,3
1002396,5
1092436,6
1076841,5
1281192,3
1092565,6
1128835,6
1005719,1
1076495,6
1061074,3
1145715,6
1230288,1
1218688,4
1236585,4
1150498,5
1086852,6
1004528,4
1261823,4
1109301,4
1231695,3
1094441,6
1160849,6
1113232,1
1273025,6
1216661,3
1321257,3
1099988,6
1155893,6
1125905,4
1123778,5
1212495,3
1226247,4
1272175,6
1319596,3
1171869,6
1033843,4
1055319,5
1142805,1
1072003,4
1250462,5
1177014,4
1293774,4
1325635,5
1263229,3
1290022,4
1251338,4
1103159,4
1036094,4
1089568,1
1305588,4
1047170,3
1314283,1
1125012,3
1030822,4
1156070,6
1192744,4
1279906,6
1223150,4
1022522,3
1289515,4
1144771,4
1195042,3
1220557,1
1156190,1
1242698,5
1280591,6
1046285,6
1269058,6
1187310,4
1094807,1
1134252,1
1285841,4
1273934,3
1266713,4
1054961,1
1110841,6
1253213,5
1077271,6
1023107,5
1027234,6
1143501,3
1267467,4
1217133,3
1043554,3
1010185,3
1057794,3
1298994,5
1165569,4
1029618,3
1190292,4
1075057,4
1050029,3
1197195,3
1049720,5
1260329,4
1021016,6
1147060,3
1231015,6
1200827,4
1304712,3
1010003,1
1130636,6
1247125,6
1080686,6
1303051,6
1192592,6
1089163,1
1253513,5
1323481,4
1009384,4
1308818,4
1176203,3
1304783,1
1253111,3
1105364,4
1033361,4
1129645,3
1237966,1
1294012,2
1052602,5
1321944,1
1063853,1
1269818,5
1035769,6
1241820,6
1198965,6
1045266,4
1177815,4
1075347,3
1193658,6
1251407,4
1182463,3
1055965,6
1297862,1
1028621,5
1115740,6
1017507,3
1282793,3
1032914,6
1276783,3
1212002,1
1050501,6
1127225,3
1068118,6
1056593,6
1006718,4
1112218,3
1289386,3
1029391,4
1209272,5
1152551,6
1018309,5
1097038,6
1113392,1
1302885,1
1227183,6
1281177,6
1132920,4
1140875,1
1240380,6
1207420,3
1163763,4
1029290,1
1247923,4
1304742,1
1050475,1
1302652,4
1121341,3
1068851,6
1211967,6
1147573,1
1149191,3
1078209,5
1276229,4
1023641,1
1140020,4
1220362,5
1226943,3
1245378,6
1237103,6
1035623,1
1307038,4
1016097,3
1248505,3
1080832,5
1261318,4
1128415,6
1142674,4
1024977,5
1152169,3
1071768,3
1012832,4
1032613,5
1312627,6
1151508,3
1269088,3
1289073,6
1325323,6
1162288,5
1046566,3
1152888,1
1045284,3
1050036,6
1173971,7
1024126,6
1260967,6
1295275,1
1295711,1
1030513,6
1147555,5
1110099,5
1169779,4
1136730,3
1121949,6
1283585,3
1208647,3
1041381,6
1157153,5
1089793,5
1051226,3
1074413,5
1156235,1
1317323,3
1161357,6
1186208,6
1194786,3
1230152,4
1070149,4
1199410,6
1130897,6
1102423,1
1268428,4
1182981,5
1088931,4
1308629,5
1241859,4
1091859,6
1201885,3
1062171,1
1049619,5
1263997,2
1278332,1
1209316,6
1171341,5
1005762,6
1075151,4
1251489,6
1022901,4
1183876,3
1111634,3
1074858,5
1111947,4
1221662,6
1101380,3
1136411,6
1048654,3
1044743,6
1008309,3
1028894,6
1028732,3
1245466,4
1089161,3
1056899,6
1249943,5
1058483,1
1091953,1
1261486,1
1012373,3
1016584,4
1230906,1
1239322,6
1295238,1
1133712,6
1037240,6
1104246,3
1209700,4
1100368,5
1101049,5
1112246,3
1079963,6
1023734,6
1311505,5
1162945,6
1302219,6
1097521,4
1076007,5
1161817,3
1093288,3
1172356,6
1299648,3
1319103,5
1031491,6
1085936,6
1322495,3
1197118,6
1161587,4
1020408,3
1272485,6
1121705,4
1308207,3
1118823,3
1309528,3
1228032,6
1077053,1
1170662,4
1001477,3
1260905,6
1109088,3
1269061,5
1284931,6
1279660,6
1112982,3
1056532,6
1252039,6
1184892,3
1315355,6
1321020,4
1129087,5
1280488,3
1015340,3
1285101,3
1268700,6
1150162,6
1060509,4
1203065,6
1284972,6
1201158,5
1236604,3
1217705,4
1022841,3
1316411,4
1190319,3
1091409,6
1079530,3
1304283,6
1092609,4
1140873,5
1158868,6
1216119,6
1257936,5
1217159,5
1003026,3
1008350,6
1073741,6
1218970,6
1287935,5
1277709,6
1310747,6
1194540,1
1136041,1
1043988,5
1018055,3
1206811,3
1034055,4
1298635,3
1073047,6
1232611,5
1066317,3
1240495,5
1204674,5
1124109,1
1061822,5
1154450,4
1247545,6
1185791,4
1310969,6
1227774,5
1324602,4
1277379,6
1113245,3
1158206,3
1269797,6
1175479,4
1273993,3
1188528,6
1267092,1
1015273,4
1294047,6
1253373,4
1051112,6
1204235,1
1234077,4
1018835,6
1061922,4
1287483,3
1248501,1
1138108,6
1082282,3
1192075,4
1159912,1
1156305,7
1196662,6
1082557,6
1195438,3
1034320,3
1196627,6
1320314,7
1228033,4
1295635,5
1206538,6
1004095,6
1254350,5
1237097,2
1181868,1
1006740,4
1010045,6
1123408,4
1100588,3
1049783,5
1322035,5
1098835,4
1089479,1
1176275,6
1012254,7
1045923,3
1128695,6
1242654,4
1258625,3
1244135,4
1231080,6
1047875,4
1092722,6
1186076,2
1145174,4
1321770,4
1002302,3
1302309,4
1118914,5
1003035,1
1253920,3
1171499,6
1019046,6
1186772,6
1044251,6
1175188,4
1181739,3
1129562,1
1033468,3
1059633,1
1055727,6
1168579,4
1222109,1
1213535,3
1203943,4
1151215,5
1186738,3
1083762,3
1146616,3
1140204,6
1246446,3
1146726,5
1280475,4
1006927,5
1263442,4
1318224,5
1095929,6
1201896,3
1069801,4
1185387,3
1315829,6
1008440,3
1118433,3
1075887,3
1313902,1
1294329,6
1098127,6
1151516,5
1046741,3
1132863,3
1198526,3
1066779,5
1005803,6
1218485,6
1103274,3
1177534,4
1125234,4
1216933,6
1014054,6
1175677,3
1130333,3
1084063,3
1273471,5
1231582,1
1228649,3
1132281,1
1086118,1
1132009,6
1298254,6
1043649,6
1186858,4
1058361,4
1143717,2
1213678,6
1186461,4
1015540,4
1193169,6
1117132,3
1290540,6
1081517,5
1312635,1
1285357,5
1020239,6
1261007,4
1071174,4
1262441,1
1039287,1
1226671,6
1133006,4
1148088,1
1134813,3
1205993,3
1205034,6
1112133,3
1157754,4
1251956,3
1089267,3
1033444,6
1191029,1
1271391,5
1109663,3
1241606,4
1309114,6
1209757,3
1210075,5
1252074,1
1055776,4
1002163,3
1003468,4
1100688,3
1034638,6
1244146,6
1047293,4
1322788,3
1324922,5
1072521,5
1248073,6
1158923,5
1212053,6
1148189,6
1065661,1
1318698,4
1050775,3
1222960,2
1150888,3
1030832,6
1029394,3
1152894,4
1007605,6
1201645,3
1139182,4
1250530,6
1279215,5
1243113,4
1207718,1
1241918,1
1149803,5
1033432,6
1178970,1
1296864,6
1248580,3
1116777,7
1004300,3
1238479,4
1308788,3
1249114,1
1193340,5
1213741,5
1104613,6
1309773,6
1222000,6
1228551,3
1302129,1
1158542,5
1232091,6
1168160,3
1309271,5
1123668,6
1127653,1
1069156,5
1012652,6
1076465,6
1013357,3
1140931,4
1094115,4
1266978,6
1185911,6
1062975,4
1040379,3
1228973,5
1207687,6
1186373,5
1305059,5
1140429,3
1229728,1
1065361,4
1324966,6
1191059,3
1051616,4
1054321,4
1091315,3
1073362,1
1200963,1
1067581,6
1141049,6
1270048,3
1020241,6
1253237,6
1277254,4
1024246,6
1286677,4
1287432,3
1224251,3
1251228,4
1107977,3
1063427,3
1173503,6
1204386,6
1325481,6
1032179,4
1193369,5
1134963,3
1291090,4
1140695,6
1021586,3
1119236,4
1081427,6
1164998,3
1014245,3
1217606,1
1146251,4
1055478,6
1206205,1
1002772,6
1183315,1
1079989,4
1240187,4
1250060,5
1135904,3
1132116,4
1061057,1
1075991,3
1304763,3
1169178,5
1209843,4
1136938,5
1068070,6
1079595,5
1269919,6
1207801,6
1069914,5
1224602,1
1136629,6
1073995,3
1092013,6
1308098,5
1018464,6
1250537,6
1115767,5
1191908,1
1047667,4
1254387,4
1011629,3
1066896,5
1309755,3
1146950,6
1073402,1
1248604,4
1223126,5
1026818,3
1163971,5
1238443,3
1309435,4
1067210,4
1034044,3
1305672,1
1148798,4
1093957,6
1050426,4
1084448,3
1298028,5
1222971,6
1026981,4
1125010,1
1201076,1
1029723,6
1292250,6
1129718,5
1286088,4
1115734,5
1278683,6
1297115,3
1004997,3
1183169,6
1157753,6
1199780,4
1078232,3
1161141,4
1033606,3
1265749,4
1159764,6
1271002,1
1226334,6
1128597,5
1043146,4
1299748,6
1283723,5
1165056,3
1256646,4
1297901,5
1213340,6
1104625,1
1285676,6
1221582,6
1190380,6
1123337,6
1061301,4
1128115,4
1298532,6
1318442,6
1078449,5
1250712,4
1086178,1
1299893,4
1292883,3
1164767,1
1222254,6
1187514,3
1047845,6
1306261,3
1221741,6
1075938,3
1278773,6
1315000,5
1241881,2
1323295,6
1318283,4
1247434,4
1162139,5
1300506,3
1026109,4
1047787,1
1238346,3
1070314,3
1247186,4
1008070,1
1204063,6
1209090,3
1074725,5
1212848,6
1070029,4
1023290,4
1203755,3
1123667,1
1306130,4
1220468,3
1106615,3
1009415,5
1197585,6
1099266,2
1234697,3
1011281,5
1322242,4
1074298,6
1305441,4
1021106,5
1213034,3
1164716,4
1110798,5
1139466,3
1247642,6
1124432,6
1185647,3
1193518,6
1226285,3
1013019,3
1131296,6
1251298,1
1185262,1
1273144,4
1264423,4
1172841,3
1250289,3
1110634,6
1176269,4
1064670,3
1021305,3
1235821,6
1256090,4
1237052,3
1138009,4
1053942,4
1218435,6
1073061,4
1059519,3
1007072,6
1289997,4
1131787,6
1240882,3
1005832,6
1091000,3
1067075,1
1271604,6
1108283,3
1202888,4
1125701,7
1115782,3
1248942,3
1260209,6
1021832,6
1217033,1
1315757,3
1202755,6
1296470,5
1212794,6
1022767,3
1249856,6
1047321,6
1254938,5
1050215,6
1107343,7
1269185,5
1000781,3
1040844,6
1115144,6
1002099,5
1285568,3
1205747,6
1270062,3
1028925,3
1047220,3
1206072,3
1097526,6
1113921,5
1278105,4
1088898,6
1303219,3
1281231,6
1027099,5
1060809,3
1287664,6
1299232,3
1215874,4
1245181,6
1105233,4
1141288,6
1197064,3
1021734,1
1026101,6
1192504,3
1142605,3
1126869,6
1146557,3
1218555,1
1195492,6
1282524,1
1000691,4
1051735,5
1014579,5
1152721,5
1208823,4
1270600,5
1263589,4
1002735,3
1182888,4
1118295,1
1274354,3
1094665,6
1115257,4
1114630,3
1313199,5
1119039,1
1273446,3
1216131,3
1220519,4
1293567,5
1166954,3
1199765,1
1053190,3
1272538,3
1037310,1
1103910,6
1253514,4
1220839,3
1056120,1
1089524,6
1045439,4
1289850,3
1271762,3
1123521,6
1098292,1
1258283,3
1198267,6
1223803,6
1040625,3
1181575,3
1103588,4
1171524,5
1002930,6
1053085,5
1033380,6
1244071,5
1272748,5
1164826,6
1324641,6
1260986,4
1303767,3
1077487,2
1225137,1
1254736,6
1187537,6
1017771,6
1007556,6
1086329,1
1106106,6
1072022,6
1319923,2
1089036,4
1226447,6
1101388,6
1110950,3
1068887,6
1088661,4
1243696,5
1307022,5
1049464,5
1055527,4
1203466,5
1234558,6
1121540,3
1148882,6
1074098,4
1226430,1
1311495,3
1103206,5
1174810,5
1008379,3
1310987,6
1285823,1
1262239,3
1215566,2
1045117,5
1090266,4
1147607,4
1247682,3
1237899,6
1180864,6
1181667,1
1153969,6
1233710,5
1031987,3
1286058,3
1161747,6
1094576,6
1086163,6
1220773,4
1156273,1
1104143,6
1303436,6
1051800,4
1290417,4
1282935,6
1125300,3
1166562,3
1173432,3
1175986,6
1021660,6
1291203,1
1266912,6
1140833,5
1269445,6
1233681,5
1049152,5
1178732,3
1272873,6
1085357,3
1137133,3
1029162,4
1004737,6
1011764,3
1217945,4
1192471,4
1263113,4
1274124,6
1247539,1
1207220,4
1082328,4
1170490,6
1139330,4
1177800,3
1313284,1
1240671,6
1157078,6
1093194,1
1226489,6
1239682,4
1267418,4
1236574,4
1030043,4
1014745,6
1016111,6
1215802,3
1137621,3
1127219,5
1061102,6
1218413,4
1047489,4
1128641,1
1179025,1
1123347,1
1071863,4
1280384,6
1139485,3
1116562,5
1133652,3
1273825,2
1236007,6
1010670,4
1270177,4
1093933,4
1309663,1
1255022,3
1299166,3
1247130,4
1302456,3
1063440,3
1296810,6
1041997,4
1292543,5
1227118,6
1047896,4
1024393,5
1085339,5
1030330,1
1183702,3
1079484,6
1293162,3
1123724,3
1072916,6
1064456,6
1311829,4
1288409,6
1313528,3
1057422,3
1059001,6
1181478,5
1248880,4
1067032,1
1183135,6
1208968,1
1154864,3
1057139,3
1314568,4
1093830,1
1262280,5
1116215,4
1086099,5
1254649,3
1266592,3
1262522,4
1012756,3
1063930,6
1033856,4
1007756,6
1251280,4
1054336,6
1264933,5
1072710,6
1254882,4
1005029,6
1057659,4
1009990,4
1157922,1
1020458,6
1267637,3
1082772,5
1322899,4
1018449,6
1317348,5
1197186,4
1114072,3
1222078,1
1285255,6
1293134,2
1218535,4
1325015,5
1062699,3
1219519,5
1144368,6
1260009,3
1282273,3
1152140,6
1179829,1
1156494,1
1053039,4
1139820,5
1094272,6
1120289,5
1005047,6
1273142,1
1107441,1
1083825,3
1297993,4
1297851,5
1312994,3
1200628,4
1071447,4
1316322,6
1077016,6
1254884,6
1226709,5
1080609,4
1173000,4
1291912,5
1143199,4
1077755,5
1129110,5
1025123,3
1055066,2
1081061,6
1325557,3
1109389,6
1246459,5
1064977,1
1182922,4
1217150,4
1306553,4
1120699,5
1132362,3
1161512,2
1090708,4
1236484,6
1322185,6
1161089,6
1313429,1
1015950,6
1274041,5
1280250,5
1232989,5
1200069,3
1205805,3
1315279,6
1108633,3
1206721,6
1211871,6
1282319,3
1134466,4
1194845,1
1198043,3
1320072,6
1298120,4
1317662,3
1131380,5
1080488,1
1042552,4
1162694,4
1131320,1
1190738,5
1153140,1
1098545,1
1203430,4
1291023,5
1062086,1
1134059,6
1074107,7
1235892,1
1074227,5
1161955,5
1043450,3
1048138,4
1100934,5
1196326,6
1214980,3
1070849,5
1266632,1
1025701,3
1162675,6
1011452,3
1282816,4
1271531,6
1117925,6
1015761,6
1196129,4
1275619,4
1017889,4
1045213,6
1257798,4
1013050,5
1001107,3
1278311,3
1004311,6
1051689,4
1070411,3
1167324,4
1186169,5
1293248,5
1094834,4
1146185,6
1037029,4
1255387,3
1056692,3
1139192,4
1227894,4
1184297,6
1241287,1
1323639,1
1021435,6
1283690,6
1123434,3
1164159,3
1070867,6
1182292,4
1183894,3
1127091,3
1303283,3
1132579,3
1078194,3
1218132,5
1174348,1
1263610,5
1208215,6
1273220,4
1146576,4
1133891,3
1070313,4
1101290,5
1023485,3
1066160,3
1303524,3
1082580,3
1086342,6
1058886,4
1010284,6
1282420,3
1024860,6
1214674,4
1264632,4
1260275,6
1313446,6
1035260,4
1211092,6
1095009,3
1180003,5
1135573,4
1097606,1
1040739,3
1059724,6
1056432,6
1117080,6
1181569,3
1003734,4
1131694,3
1200313,3
1280854,1
1309723,6
1274538,4
1251286,6
1067723,3
1308379,3
1039091,3
1210409,6
1172835,3
1163959,5
1222953,3
1113736,3
1248314,4
1291808,3
1247884,6
1320215,3
1320927,4
1275003,4
1224399,3
1021303,6
1207809,5
1164280,3
1250446,3
1284817,5
1152516,4
1097209,5
1283396,3
1243394,1
1244885,4
1043779,4
1075927,5
1126811,4
1104873,3
1267435,5
1089932,4
1058150,1
1303822,3
1234647,5
1087747,5
1211973,3
1088595,3
1230702,6
1213752,5
1103300,4
1042079,4
1238785,4
1105338,4
1168758,6
1113276,1
1269879,4
1281350,3
1224715,3
1127869,4
1084431,4
1287506,1
1079762,3
1131555,6
1246452,4
1268461,4
1086910,1
1034492,2
1178586,5
1123175,6
1100215,4
1156967,3
1284750,1
1272974,4
1161697,4
1125514,6
1260235,3
1188525,6
1238083,3
1160293,4
1150733,5
1233124,6
1246981,6
1241371,4
1228744,4
1203868,4
1003391,5
1269096,4
1068659,1
1319725,4
1185188,3
1247462,6
1265010,1
1047862,4
1216321,1
1084652,3
1030747,4
1005090,1
1048517,1
1002702,4
1193018,1
1022733,3
1063217,2
1238989,6
1277315,4
1065087,6
1303305,3
1244952,4
1320120,3
1135995,6
1028423,1
1101814,6
1036386,6
1205753,3
1123248,4
1201604,1
1067429,4
1263788,1
1174674,4
1322349,6
1010024,5
1132588,5
1221634,3
1277853,3
1237556,5
1265159,6
1312908,3
1015385,3
1232372,4
1054075,4
1142576,4
1131742,3
1155629,4
1134049,6
1125230,4
1172468,3
1013411,5
1202889,3
1016549,6
1250948,4
1137776,3
1302590,5
1181937,3
1168407,5
1150041,6
1079885,6
1034833,3
1295642,6
1221511,6
1083145,4
1026660,3
1087278,6
1022100,6
1131611,6
1009555,4
1232320,5
1037305,3
1096296,4
1118591,6
1084403,4
1213165,3
1162147,4
1147749,3
1209812,4
1260785,4
1047104,3
1296609,5
1228816,6
1000048,5
1056675,4
1236811,5
1149281,4
1192772,3
1076416,4
1064953,1
1073043,5
1085853,5
1210563,6
1108683,3
1296317,6
1214543,3
1103310,1
1045787,4
1283125,5
1166680,3
1258913,4
1310379,4
1061397,5
1319580,6
1183621,6
1044674,6
1276567,1
1217281,4
1232785,6
1116319,4
1300271,6
1304150,4
1166434,3
1096319,6
1292886,4
1135734,4
1168114,1
1169315,3
1057305,5
1031330,6
1215509,4
1246504,3
1260447,3
1279013,5
1042639,6
1115299,3
1175226,6
1055167,4
1057439,6
1264172,4
1134092,3
1240460,6
1211990,6
1303949,3
1162283,4
1040114,5
1014033,6
1295295,5
1207883,4
1089052,1
1015896,6
1074339,5
1311395,6
1039914,6
1177785,4
1137584,6
1203533,3
1135110,3
1262829,2
1216191,6
1233858,4
1260466,6
1313759,2
1191028,6
1229506,3
1127106,6
1315072,7
1133840,1
1218604,4
1307036,6
1282947,5
1246609,5
1062994,5
1145825,6
1061178,2
1239480,4
1028017,5
1075188,4
1219605,5
1026933,5
1235939,6
1284217,1
1135580,4
1151111,3
1305623,6
1178427,4
1146971,6
1093591,4
1254709,3
1231370,3
1032986,3
1117563,4
1059200,5
1178717,6
1234171,6
1299356,3
1270911,5
1086045,1
1047512,3
1190372,5
1228450,4
1319953,3
1186204,1
1129694,4
1155454,5
1051651,4
1251599,6
1037846,6
1179813,5
1005095,5
1144101,6
1035768,4
1253772,4
1156446,4
1275568,3
1107206,4
1175307,3
1038622,4
1275109,5
1096523,5
1008933,2
1058698,3
1218491,5
1251727,4
1036780,3
1123298,1
1128552,6
1094527,1
1169749,4
1277568,1
1274661,3
1317695,4
1012675,6
1243517,5
1154742,6
1118738,5
1087667,3
1153856,6
1203492,3
1122714,4
1224198,6
1170750,5
1264210,3
1310375,6
1139027,6
1259871,5
1148377,3
1008936,6
1306997,1
1025115,1
1278299,1
1280382,6
1274479,5
1320627,4
1095591,6
1082562,4
1251781,5
1289991,4
1284656,4
1216395,4
1100858,1
1130814,4
1317039,3
1093996,6
1195646,6
1092042,6
1117926,6
1279051,3
1160224,6
1191338,5
1159473,3
1079087,3
1192501,6
1254525,6
1001651,6
1319045,3
1225139,3
1175996,4
1107420,3
1062598,5
1152054,5
1265523,1
1197517,6
1011861,3
1215959,5
1120899,4
1021707,5
1260381,3
1140648,6
1121566,1
1239624,5
1171978,3
1069470,3
1175278,4
1101620,3
1197326,3
1151737,1
1263368,6
1180615,4
1274113,3
1216801,4
1074518,4
1017168,6
1182724,4
1249779,3
1204798,3
1023173,4
1270462,6
1250765,5
1066832,3
1208729,5
1183325,5
1185175,4
1214875,4
1163536,3
1070939,4
1259838,4
1129031,5
1015277,6
1291676,6
1311650,1
1053281,6
1290513,6
1133761,6
1177011,4
1022775,1
1133722,3
1260064,3
1158215,4
1023709,1
1255452,6
1132738,6
1221879,1
1060478,5
1090730,6
1126827,4
1045388,5
1303184,4
1081824,1
1103725,6
1233081,4
1196792,5
1287638,6
1249869,1
1157694,6
1308627,6
1029520,6
1078740,6
1225101,1
1083915,6
1074359,5
1173286,3
1279102,5
1038175,1
1218965,1
1265649,5
1258779,3
1201624,1
1145294,6
1104861,7
1261425,5
1321328,3
1090088,1
1278078,6
1038763,3
1266324,6
1155468,6
1162723,6
1291180,2
1182195,6
1087491,3
1297169,5
1167472,1
1135763,1
1077884,6
1093601,5
1121461,5
1284806,5
1265795,4
1171823,1
1200171,4
1281713,6
1271718,4
1194658,4
1013973,6
1226849,6
1234660,6
1045415,4
1305279,4
1131453,1
1028033,5
1102113,4
1204183,4
1219303,3
1135421,3
1139625,6
1256480,1
1013043,1
1273275,4
1229879,6
1084437,3
1277155,3
1239649,6
1000149,6
1186089,4
1091067,4
1178384,6
1299004,5
1024926,1
1201308,4
1031095,6
1215892,6
1160000,5
1215735,4
1121803,6
1028574,6
1253949,6
1149616,2
1231618,3
1000610,4
1025592,3
1205007,4
1247002,4
1234017,3
1260985,4
1168438,6
1071751,1
1237790,3
1319788,5
1057431,5
1041138,5
1295505,3
1156083,4
1042553,4
1209225,1
1252762,4
1138865,6
1133351,4
1285498,6
1143563,6
1153472,1
1164405,4
1209761,1
1087675,4
1117931,3
1011925,3
1039937,4
1252328,5
1324867,6
1292575,3
1257817,3
1038116,4
1161120,6
1056907,6
1208052,6
1012562,4
1022137,6
1090875,6
1292828,6
1261103,2
1320116,3
1084038,3
1039610,3
1265432,6
1228438,4
1079140,6
1089498,6
1113074,6
1161036,4
1033675,5
1070268,3
1070384,4
1259786,4
1279395,5
1083584,3
1304689,3
1005166,6
1223227,5
1100295,5
1105978,4
1271164,4
1044038,3
1162878,6
1312761,3
1027975,1
1049987,3
1231145,6
1080449,3
1198810,6
1276923,3
1080127,6
1272508,6
1150177,6
1178158,4
1181094,3
1301134,5
1208801,6
1185395,5
1310592,4
1260157,1
1009580,6
1219508,4
1160512,3
1265522,1
1293227,4
1230905,6
1035834,4
1020632,3
1061649,6
1078025,6
1322677,6
1233677,6
1272107,3
1150783,4
1226932,6
1136103,6
1285493,5
1039135,4
1072968,1
1120167,1
1046279,5
1082520,5
1289828,5
1088387,3
1029878,1
1298740,5
1144415,5
1289024,5
1039199,5
1248673,6
1045073,4
1305103,3
1081456,6
1010975,3
1123263,3
1244247,4
1014172,6
1066599,5
1069085,5
1031875,4
1211910,3
1110265,6
1176080,4
1205985,4
1009992,4
1224337,4
1236330,1
1212519,4
1164944,6
1220793,3
1223520,3
1017316,3
1023829,4
1276878,3
1071241,6
1163606,3
1175274,1
1106209,4
1081463,3
1252686,6
1238368,4
1233266,1
1000074,5
1080608,4
1030079,5
1055972,4
1208039,2
1300559,6
1052059,1
1191636,1
1272993,6
1288919,3
1112771,4
1047272,4
1159280,2
1022475,6
1001678,6
1132047,4
1310901,6
1131064,4
1161363,6
1257624,5
1202675,6
1177506,4
1259895,3
1213974,4
1321333,5
1096416,4
1112026,4
1027717,3
1034995,1
1298645,4
1269011,1
1092626,3
1177414,6
1181305,4
1044325,3
1119676,6
1123052,5
1170798,4
1057160,5
1269186,3
1112333,3
1151906,6
1016990,6
1204855,3
1102633,4
1068879,4
1314222,6
1296855,6
1029995,6
1302688,1
1215040,5
1063554,6
1301953,3
1322662,3
1092486,4
1058774,3
1092580,6
1033703,5
1238394,4
1220175,6
1120706,4
1134022,4
1321486,4
1141309,3
1076295,3
1086883,4
1082521,4
1106146,6
1173645,4
1287160,4
1236247,6
1317406,3
1036803,1
1013824,1
1055197,5
1012387,5
1044545,4
1110884,3
1023128,3
1177172,5
1125038,5
1202238,4
1152337,5
1292392,3
1249588,6
1025103,1
1272913,3
1148432,6
1065802,4
1123657,1
1096984,4
1121170,3
1120740,6
1246924,2
1086078,4
1077290,4
1171722,6
1055760,4
1163101,5
1100864,4
1312664,3
1130187,2
1043840,4
1281869,3
1276778,6
1205381,6
1014994,6
1086622,4
1099246,3
1154548,4
1106614,6
1286177,5
1179407,4
1080226,3
1116549,6
1167903,6
1079622,6
1261506,3
1010477,5
1004565,5
1015008,1
1004083,3
1244812,4
1019813,3
1079420,4
1050244,4
1182954,6
1157494,5
1044222,3
1193536,3
1273570,4
1097293,3
1071018,4
1138373,7
1116250,6
1105998,4
1161925,6
1100714,1
1024035,5
1215466,4
1237194,3
1047195,4
1246642,5
1109594,6
1032301,1
1039070,6
1300963,3
1090177,5
1150793,6
1298547,6
1001677,6
1298286,6
1111446,5
1067843,5
1067138,4
1105125,1
1291869,3
1159695,4
1112988,6
1197274,1
1068954,5
1095750,6
1108832,3
1069150,4
1203748,6
1159108,5
1187277,4
1189368,1
1184585,1
1302647,6
1195752,6
1221218,6
1033288,3
1191248,4
1308292,5
1306193,6
1138263,6
1193668,3
1282295,3
1137893,4
1138355,5
1107795,1
1281474,3
1110458,4
1184063,4
1253142,5
1234230,3
1211225,5
1138167,1
1301831,6
1243933,4
1282014,4
1264967,5
1252515,6
1176104,3
1227570,3
1191090,5
1205627,6
1271886,3
1093607,3
1052016,4
1097255,1
1197485,6
1202015,1
1021499,4
1119588,1
1105113,6
1111875,5
1266090,5
1239108,5
1253095,4
1324530,5
1282572,6
1007233,5
1261655,5
1140685,6
1140814,6
1022053,1
1295111,3
1224342,1
1074781,4
1077922,6
1104572,2
1287517,1
1231831,6
1118691,4
1048602,5
1277199,3
1284628,6
1034616,5
1248990,6
1230336,4
1314556,3
1303086,6
1159292,3
1246926,5
1163585,3
1104373,6
1317584,4
1222399,3
1318839,4
1196804,1
1192605,4
1046004,1
1122828,3
1293299,6
1036566,5
1294699,4
1275200,6
1027114,1
1199395,1
1238848,4
1153041,6
1082344,1
1266304,2
1266947,1
1282957,5
1314178,3
1063372,3
1279535,6
1118846,1
1136832,4
1054436,5
1188348,6
1043871,3
1126987,6
1189180,3
1233248,1
1050790,5
1013414,6
1183450,7
1114184,4
1044397,1
1265087,4
1231289,4
1220688,1
1171702,3
1095045,5
1249030,5
1090993,1
1224665,5
1058733,5
1110581,1
1128265,6
1246172,5
1053461,5
1305727,5
1172363,6
1053015,4
1009452,3
1315127,4
1249362,3
1311271,6
1262176,3
1004618,1
1323416,6
1017341,6
1098214,6
1166219,3
1084348,4
1210077,6
1021323,1
1061248,4
1293483,6
1121141,4
1246211,1
1159759,3
1115230,4
1121750,4
1049141,6
1151471,6
1189760,6
1037311,3
1089147,3
1011858,6
1145962,6
1312719,1
1278286,6
1073738,5
1167284,6
1255291,3
1263730,5
1178026,3
1184895,6
1144598,3
1035709,3
1200263,6
1165906,6
1225723,3
1038161,5
1127568,3
1191487,4
1022168,3
1083041,3
1208683,1
1201320,6
1089911,4
1224187,1
1071895,3
1004068,6
1254688,1
1068434,5
1213078,1
1143107,5
1053889,3
1204290,1
1192425,3
1286996,3
1091449,5
1119452,3
1263798,3
1059753,6
1309434,3
1120239,4
1245309,3
1077823,1
1292202,3
1284275,3
1275278,6
1120856,5
1201297,3
1257020,4
1134112,6
1173522,5
1176427,6
1000830,5
1096881,5
1032565,6
1319883,4
1312605,6
1313956,4
1002308,3
1014247,5
1225310,3
1166784,6
1095899,4
1123745,6
1092197,1
1116557,5
1308531,5
1053857,5
1070629,4
1292341,6
1156932,4
1323113,1
1183274,5
1286601,6
1050956,3
1268465,6
1037647,3
1171710,6
1076022,6
1131154,3
1071614,3
1048733,4
1225319,4
1037341,6
1186983,2
1149720,3
1182746,3
1262590,1
1053408,4
1084112,3
1306670,5
1116414,1
1004408,5
1236943,3
1158611,5
1127583,6
1148524,3
1238434,3
1072216,3
1307971,4
1238559,4
1183984,3
1151788,4
1088789,3
1113197,6
1124421,6
1229836,3
1259892,3
1126648,4
1151626,3
1193157,4
1300030,4
1162748,3
1009256,1
1215342,6
1199235,1
1137955,3
1270505,5
1163970,3
1270161,4
1308510,6
1109835,3
1091785,6
1100465,5
1108226,3
1004390,4
1275325,6
1086668,3
1245483,1
1219171,3
1276729,6
1135760,1
1106802,3
1112276,3
1227930,6
1213762,4
1019388,6
1149937,3
1098737,4
1078717,1
1215811,3
1146966,3
1182346,5
1128022,5
1300339,6
1114966,6
1100277,1
1098744,4
1025611,5
1201074,4
1150648,5
1130743,4
1306499,6
1014663,3
1179543,5
1076578,5
1146662,5
1035512,5
1073705,4
1231854,6
1103233,4
1249431,6
1303186,6
1070450,5
1193778,5
1259855,5
1322452,6
1013897,5
1168615,6
1313202,4
1186403,6
1156368,4
1097601,6
1272442,6
1061227,6
1039692,5
1039799,4
1220562,5
1220297,1
1040754,6
1169166,6
1241893,5
1230880,3
1103645,1
1109574,3
1132798,1
1099143,6
1110625,6
1056524,1
1012852,3
1278169,1
1036024,6
1236021,5
1073578,1
1205468,6
1266563,6
1305473,6
1084836,3
1257515,3
1299659,1
1281886,6
1056107,3
1214442,4
1263014,4
1006048,5
1270061,3
1048076,1
1214279,3
1019412,4
1222576,6
1242662,3
1250050,1
1206395,4
1229683,4
1035281,6
1253982,6
1134465,4
1092422,3
1062041,3
1191846,5
1149332,4
1225323,3
1100906,4
1124368,6
1177865,4
1251263,1
1093598,4
1046440,5
1066166,6
1149513,3
1177329,6
1066390,1
1201695,6
1316210,1
1112578,5
1122685,5
1240554,6
1046027,1
1272186,1
1157225,5
1068414,6
1028827,3
1134274,5
1165257,4
1091746,5
1244665,6
1079499,4
1263853,4
1024402,5
1114418,6
1032351,3
1275070,6
1076964,4
1316099,4
1122943,3
1293041,6
1040298,2
1316186,5
1114529,5
1250966,6
1066772,5
1217214,6
1234285,4
1149264,6
1277033,5
1225133,6
1225303,1
1294319,3
1174909,6
1116513,3
1248567,3
1312754,4
1088800,4
1237493,5
1281528,3
1145903,3
1212670,3
1086321,6
1142781,6
1284892,6
1290308,4
1116560,3
1097221,3
1035754,5
1323851,6
1061810,6
1237259,6
1324577,4
1196188,5
1184172,1
1148151,6
1198078,4
1289712,3
1102292,1
1113116,2
1118685,3
1174281,4
1191710,4
1051982,1
1300333,4
1201748,3
1022778,1
1048621,1
1226815,6
1191135,4
1164874,1
1074284,6
1002664,6
1110520,6
1107003,6
1159594,4
1313061,6
1097694,6
1234444,4
1018802,3
1029341,1
1208552,3
1005799,4
1291514,4
1185701,5
1282737,4
1090040,3
1175043,4
1221854,6
1281904,3
1176579,5
1292138,6
1084255,5
1137091,6
1280588,4
1201239,5
1062409,4
1315351,6
1034748,3
1195159,4
1170610,3
1290963,6
1297499,5
1118518,4
1073479,6
1175614,4
1099113,6
1140479,3
1023211,5
1144471,1
1168524,4
1004129,6
1170114,6
1272096,1
1317598,6
1127493,4
1275947,6
1304785,4
1223374,3
1285273,4
1241697,4
1038619,6
1106914,5
1077795,6
1028881,4
1130962,4
1291211,4
1227902,5
1312916,6
1102513,6
1048581,3
1068490,4
1275977,3
1075885,3
1193285,5
1265247,3
1106620,4
1001699,3
1142643,4
1250595,3
1219044,4
1028407,1
1325753,4
1323938,4
1187464,4
1300102,3
1300668,5
1285144,4
1064970,4
1243585,6
1291086,4
1077360,3
1299268,6
1275259,4
1078852,3
1149610,5
1281151,4
1191875,3
1106996,3
1267880,5
1118191,4
1323389,4
1058389,4
1077155,5
1249921,3
1026223,3
1040669,4
1220008,4
1176577,6
1258534,6
1002501,5
1147298,6
1109871,6
1219704,1
1074122,3
1137081,6
1279069,4
1067008,3
1098302,3
1076148,5
1202788,1
1274947,3
1223411,5
1134613,2
1218232,1
1145912,3
1286342,3
1065045,3
1275914,5
1227252,3
1139291,6
1064913,3
1043151,6
1086775,1
1205087,1
1049283,1
1155539,6
1080370,4
1098930,3
1256311,5
1037142,6
1205888,4
1163724,6
1224434,3
1237051,5
1279195,3
1106571,5
1090115,5
1295908,6
1181347,5
1201388,6
1096936,6
1235024,5
1119940,3
1128299,3
1126595,4
1090061,4
1030129,4
1099258,3
1325578,5
1257493,6
1218896,4
1236818,1
1194275,3
1068311,3
1151941,3
1324270,6
1116887,5
1305716,1
1249456,3
1285405,4
1000627,3
1232004,6
1283555,3
1202651,1
1206109,3
1000892,4
1131156,6
1180028,4
1274214,4
1318219,2
1167303,4
1013196,3
1251343,6
1017967,1
1087378,4
1235860,1
1083803,3
1187140,5
1064580,5
1119369,4
1189165,6
1132159,5
1273318,4
1019107,6
1262204,6
1130766,1
1040405,3
1234449,3
1173824,4
1221087,2
1037423,1
1029399,5
1115189,4
1218364,4
1135241,3
1091406,3
1002630,3
1217295,6
1212566,1
1055214,3
1260450,1
1259898,5
1164512,3
1296947,3
1174311,6
1071061,3
1025498,1
1000004,3
1311714,6
1206269,4
1043960,1
1159328,6
1028312,4
1083565,4
1240396,5
1099815,6
1142797,6
1008214,6
1112159,4
1026183,5
1117441,5
1308235,1
1135190,4
1194475,5
1182226,5
1325254,3
1262800,4
1306260,4
1005253,4
1287543,6
1102883,6
1163003,1
1212033,6
1117953,4
1085863,3
1167146,1
1148007,4
1232729,3
1043050,4
1253742,1
1261934,2
1076592,6
1148094,3
1003740,4
1214682,4
1050420,1
1165637,4
1135087,1
1225642,4
1081134,4
1020638,4
1147474,6
1131859,4
1076372,3
1027258,3
1085455,1
1317438,6
1108040,4
1319022,6
1119462,4
1195662,1
1318275,5
1208003,6
1118950,3
1000923,4
1321198,4
1187874,4
1290242,6
1228630,5
1306404,4
1178740,5
1248000,1
1321339,6
1152575,4
1307505,6
1150607,5
1173293,4
1116705,6
1138290,4
1289662,4
1044009,4
1006098,5
1297289,4
1082047,6
1266471,1
1250408,3
1162282,5
1111578,6
1259962,3
1273968,3
1055976,6
1066358,4
1106218,6
1057297,4
1180633,3
1303553,3
1287461,4
1288229,6
1170580,4
1213898,3
1071448,6
1305401,3
1282991,1
1206554,6
1301962,3
1320581,3
1067216,5
1299800,3
1066574,5
1197762,6
1114653,1
1267874,4
1241208,4
1170837,5
1243586,5
1022360,1
1243317,3
1144595,3
1242182,3
1000208,6
1067731,5
1249722,3
1291256,3
1069952,5
1184241,6
1022870,5
1232094,4
1048732,3
1010890,4
1286987,3
1019419,5
1129733,4
1228184,1
1176630,4
1078550,6
1088106,4
1208467,3
1122419,5
1080062,6
1053577,6
1002289,6
1197193,3
1261334,6
1176845,5
1271353,6
1178863,4
1165588,1
1292809,1
1115337,3
1202013,5
1102769,3
1034743,4
1069323,4
1305074,6
1258720,3
1240969,5
1203734,4
1143704,6
1225501,3
1323533,1
1288164,4
1186534,4
1010215,3
1000139,4
1082925,6
1117352,3
1204897,6
1288214,6
1110846,4
1313768,3
1155290,6
1060987,4
1238091,6
1188162,5
1271082,6
1261647,3
1135643,6
1091831,5
1316395,1
1140021,6
1149465,5
1028629,3
1308660,4
1040557,6
1074974,6
1248929,3
1192876,5
1054244,6
1068425,3
1184259,6
1226412,1
1195692,4
1083828,3
1129043,4
1253003,4
1295787,3
1064519,1
1052696,3
1251106,2
1317917,5
1073626,6
1132386,3
1315169,3
1128056,3
1120074,4
1081740,5
1177273,5
1034129,1
1253308,4
1029135,3
1169741,4
1205128,4
1280333,4
1151257,6
1018157,3
1198287,5
1315196,6
1254468,1
1004552,4
1303854,3
1060035,3
1205535,6
1048723,4
1075690,4
1218323,1
1138533,2
1011797,5
1091512,6
1113076,5
1008013,6
1250376,3
1106019,1
1262652,3
1154608,5
1267238,3
1314114,6
1107775,4
1236558,6
1008103,4
1105518,5
1160034,5
1130748,6
1004719,5
1179426,1
1126894,6
1189768,4
1289589,4
1029237,5
1270457,1
1015257,5
1019425,6
1000067,6
1059337,4
1116923,3
1169021,3
1169761,3
1115713,4
1153915,3
1320229,6
1061800,1
1324455,5
1108752,3
1264266,6
1137267,5
1018119,3
1251326,6
1186943,4
1259414,6
1209284,5
1253747,3
1216637,6
1165555,4
1311656,5
1183106,6
1291964,3
1197385,3
1089525,4
1067162,3
1160301,4
1069572,5
1254674,4
1163833,6
1254293,4
1008044,4
1090220,3
1239910,1
1313923,4
1029936,3
1157939,4
1209718,6
1111438,5
1281545,5
1233544,2
1214503,6
1324935,6
1173578,3
1029950,6
1201179,6
1087547,3
1064657,1
1175249,5
1043884,4
1113108,1
1251170,6
1218238,7
1252036,4
1060181,6
1134445,1
1116054,6
1298960,4
1074255,6
1172596,4
1024744,3
1299266,3
1066079,3
1184283,3
1325620,3
1034263,4
1079686,3
1005022,5
1011464,3
1058768,6
1204995,3
1314677,6
1302687,6
1047868,3
1246064,3
1243418,5
1093477,4
1130882,3
1273227,4
1049096,6
1078942,3
1319169,1
1012279,6
1223671,5
1039353,3
1039734,5
1284264,3
1093130,1
1103555,1
1223674,5
1086465,3
1124030,4
1261893,5
1062390,5
1257947,5
1105116,6
1212078,6
1063370,5
1204101,4
1003108,6
1029286,6
1040571,3
1226920,6
1282794,5
1066576,3
1027294,3
1090809,1
1321209,3
1046263,4
1243724,3
1156124,3
1020356,4
1154660,4
1185520,4
1151218,6
1241635,4
1297764,4
1175984,1
1047258,6
1085759,6
1234143,5
1224976,1
1237358,6
1302113,5
1228313,4
1060078,4
1176599,5
1005443,5
1259788,6
1260442,6
1002788,1
1000376,6
1222596,1
1183354,5
1240676,5
1011219,3
1116229,5
1127416,5
1284463,4
1062647,6
1189142,4
1021578,4
1214275,5
1157880,6
1170519,4
1027299,6
1264328,1
1049192,3
1190922,4
1114925,5
1169463,4
1098705,3
1143497,3
1204796,5
1039849,6
1004402,4
1156624,4
1021883,1
1067404,3
1077328,5
1314006,1
1081280,5
1030413,4
1124972,1
1064123,3
1282193,5
1136199,3
1121627,6
1317331,6
1124063,6
1238525,6
1145560,3
1188077,3
1171246,4
1165600,3
1218815,1
1168359,4
1289155,1
1297132,3
1200993,4
1054087,4
1171563,5
1102375,1
1245935,6
1017173,6
1071993,1
1158083,5
1097081,4
1186528,4
1171639,6
1152923,4
1193635,5
1246414,6
1150563,6
1204608,1
1002530,2
1274924,3
1134188,4
1203585,1
1094984,3
1217760,4
1063321,4
1243809,6
1241276,6
1250950,1
1321337,1
1010447,6
1169726,4
1307440,4
1259255,3
1303146,1
1307496,1
1205243,4
1085466,6
1069711,3
1000018,6
1267795,1
1045632,6
1136387,6
1130769,6
1230792,5
1017028,3
1073592,5
1041157,1
1265731,1
1323221,4
1124892,2
1258705,1
1126401,6
1028647,6
1237357,3
1185913,4
1201594,6
1037767,3
1178130,6
1106764,6
1164289,5
1064703,4
1078625,3
1316109,3
1134301,4
1098826,4
1080165,6
1241675,6
1270360,6
1148124,4
1252140,6
1018666,6
1224113,5
1316286,6
1170162,3
1068920,6
1305108,4
1309483,6
1234248,6
1137974,5
1267443,1
1143592,1
1163846,6
1007647,6
1313307,6
1210436,3
1015808,4
1203593,6
1298668,3
1176120,3
1239689,6
1116640,3
1257502,6
1126288,3
1294378,4
1036854,5
1209244,5
1323013,5
1025856,3
1008020,5
1153280,6
1256392,1
1317560,4
1315678,6
1323590,1
1239376,6
1127531,6
1232290,5
1238584,4
1291037,3
1190430,3
1251771,4
1189644,4
1248177,5
1057475,6
1061515,6
1212289,6
1144022,1
1105539,3
1235487,4
1098953,5
1266962,3
1136503,5
1322512,3
1092238,4
1189847,5
1196232,5
1064284,5
1296461,6
1074135,3
1154128,5
1090016,6
1196172,3
1318426,6
1092794,3
1109189,6
1167803,6
1107789,5
1031058,4
1094273,5
1056969,3
1224655,4
1280436,2
1239374,4
1249444,3
1152617,6
1250593,6
1103548,1
1143975,5
1008074,6
1152946,3
1085371,5
1174520,5
1129442,6
1041386,1
1280054,1
1300186,3
1287723,5
1047254,5
1123923,5
1150097,3
1240338,6
1114342,4
1054408,5
1291683,6
1136733,3
1076849,1
1265001,3
1039647,5
1273593,3
1171793,3
1157868,4
1301161,5
1074590,5
1081108,1
1107088,1
1125910,4
1313340,3
1264759,4
1225711,4
1065818,6
1069583,3
1092808,6
1251160,5
1102951,3
1011211,6
1043263,3
1086760,5
1183343,6
1121370,4
1026446,5
1098111,3
1057573,4
1248310,3
1024315,7
1199773,5
1204771,3
1294290,6
1005182,6
1027742,1
1208007,3
1323783,6
1017652,4
1223353,3
1063491,1
1267022,6
1225424,5
1150027,3
1086863,6
1064323,6
1035367,6
1292556,3
1192693,3
1108853,5
1163734,4
1298955,4
1030474,6
1033131,4
1091788,3
1253515,4
1082584,6
1312163,6
1076453,1
1217076,6
1318928,5
1269893,4
1119351,6
1027484,6
1098874,3
1120103,2
1311343,3
1223806,4
1107630,3
1018471,4
1306098,7
1204251,3
1077583,1
1168243,6
1225508,1
1057656,3
1162351,3
1077421,3
1194521,1
1001083,5
1217313,6
1152479,5
1005936,6
1324929,5
1147096,1
1000340,6
1215813,5
1297774,3
1321904,4
1152954,4
1183659,3
1198705,3
1263116,1
1153146,5
1182532,1
1029776,6
1090826,6
1047385,1
1022233,1
1323929,5
1226653,3
1219267,3
1117965,3
1052053,6
1001025,5
1248552,5
1183418,6
1147923,5
1273237,5
1004420,6
1014334,1
1323849,3
1180777,4
1081537,5
1178635,4
1202937,6
1295073,1
1313301,4
1266757,4
1194014,6
1190286,1
1015947,4
1317497,4
1321796,4
1212734,3
1286581,5
1207048,4
1046036,5
1154505,4
1265150,1
1054566,6
1082357,3
1090740,3
1220157,6
1253797,4
1227410,6
1250068,6
1248092,4
1216229,6
1315485,3
1046068,4
1196130,6
1209563,6
1028668,3
1131494,1
1247616,3
1030742,6
1007548,4
1071136,6
1276419,6
1190605,6
1272138,3
1033064,6
1270992,3
1292311,3
1042389,6
1159065,6
1125414,6
1167500,3
1183874,6
1302433,5
1004963,6
1087295,6
1215361,1
1125424,3
1320138,4
1194811,3
1263692,6
1076622,6
1277690,4
1213567,6
1269240,5
1316482,3
1211333,4
1089135,3
1150761,4
1101310,4
1078569,5
1307382,6
1239703,6
1125152,6
1091950,6
1303912,3
1309050,6
1130183,5
1313755,3
1297450,1
1110547,1
1140337,5
1273007,3
1168598,6
1260565,4
1047261,2
1288686,3
1249454,3
1148440,1
1223526,3
1245689,3
1295365,4
1099995,4
1067297,5
1068255,6
1001762,1
1058693,3
1223658,6
1058603,4
1141235,5
1309370,4
1006203,6
1117569,5
1148157,3
1162769,4
1237129,6
1232352,1
1079362,1
1025864,6
1234532,3
1039543,4
1247624,2
1302747,6
1113764,6
1055343,3
1092764,1
1050157,3
1190867,1
1290333,6
1083231,3
1060512,5
1008782,3
1215749,3
1034848,4
1042324,6
1047807,2
1034203,1
1288867,6
1057578,6
1316617,3
1020403,5
1251397,4
1144388,1
1183161,4
1204971,4
1096182,1
1191921,6
1118094,4
1059135,3
1264676,1
1191366,4
1094638,4
1206208,1
1195666,3
1122262,5
1120253,6
1237090,4
1135992,5
1177788,6
1277806,6
1087710,4
1163706,4
1139273,6
1287475,2
1027779,6
1149062,4
1206603,3
1063033,3
1272687,4
1047892,6
1268800,5
1306880,4
1060429,3
1265697,1
1298654,4
1257394,6
1220539,6
1072081,4
1092569,6
1080022,3
1008000,4
1001622,1
1055046,5
1142229,6
1074124,4
1112897,4
1165004,6
1282353,3
1229417,4
1104570,3
1077681,4
1106708,3
1251018,4
1105934,4
1266003,4
1181401,5
1059134,1
1301644,6
1103980,4
1299720,6
1146272,4
1296432,1
1191903,3
1269166,6
1050770,3
1039995,5
1092660,6
1241475,4
1311632,5
1309015,6
1319996,4
1077695,5
1299834,4
1061867,3
1002145,1
1291221,5
1269953,4
1286870,6
1310129,6
1213705,3
1117451,6
1303676,3
1320685,5
1220897,6
1168312,1
1024638,5
1087409,5
1119683,6
1186062,3
1275283,1
1312975,5
1288307,4
1092587,3
1002326,3
1141799,6
1163850,1
1165999,5
1183695,5
1047106,5
1081037,6
1179995,3
1142569,4
1174771,6
1163973,3
1003081,6
1315499,3
1030583,3
1148624,6
1243518,5
1147793,3
1021697,3
1180425,5
1003884,6
1124119,3
1250745,5
1122081,5
1052618,4
1151792,5
1007826,1
1324299,4
1136982,3
1020465,4
1028681,3
1294916,3
1204900,5
1107049,3
1134669,2
1308456,1
1033941,3
1272221,4
1219906,4
1198366,6
1055503,6
1127334,5
1230142,5
1210831,4
1102024,3
1146439,3
1025829,6
1267356,3
1065715,6
1040163,6
1225308,4
1275426,4
1294661,3
1152713,5
1146421,3
1103580,6
1265209,5
1176921,3
1203093,6
1043486,6
1267719,6
1273927,4
1154674,5
1292467,6
1065582,4
1170871,5
1116985,5
1095616,3
1117663,4
1038718,2
1161791,5
1046701,1
1048534,4
1060784,6
1110652,5
1133537,3
1072546,3
1161967,6
1146529,4
1060052,4
1033458,5
1256223,5
1277327,1
1191066,6
1061953,1
1107732,6
1090961,3
1217644,4
1237545,5
1094750,3
1200749,3
1232044,3
1165266,4
1160612,6
1197859,6
1021339,3
1314100,6
1011907,3
1163429,1
1228946,6
1046513,4
1227555,6
1035180,3
1024435,6
1094188,4
1194834,1
1282089,5
1044292,4
1216963,6
1250334,4
1294691,3
1255071,5
1171450,5
1265079,4
1304419,3
1300800,4
1199287,4
1120693,1
1194536,5
1188628,6
1112482,3
1074938,3
1204321,4
1070528,1
1196784,6
1110091,6
1059689,3
1225895,6
1133305,4
1113519,6
1019426,4
1030977,6
1083163,6
1196387,6
1050919,3
1251734,3
1085099,1
1213302,1
1033433,4
1081369,3
1087117,6
1123049,3
1151554,1
1085652,4
1174045,4
1045482,3
1288702,1
1166107,4
1078269,3
1019321,4
1230076,6
1255103,3
1088302,4
1218661,1
1248148,3
1325628,6
1263444,3
1184358,3
1309449,4
1115013,6
1059031,1
1305666,3
1162784,4
1027079,4
1162690,3
1114069,4
1016418,3
1290826,1
1224242,6
1218726,6
1034773,4
1301476,3
1148666,6
1282485,1
1211136,5
1296446,1
1139399,4
1183086,1
1223761,1
1317963,1
1265845,3
1058913,4
1310968,6
1075617,4
1209787,1
1236707,4
1079806,4
1177439,4
1233676,3
1114804,4
1041612,6
1122110,5
1241726,6
1006313,3
1009364,5
1125561,5
1282783,4
1170514,5
1220665,4
1158106,3
1059737,5
1008767,5
1235873,4
1237816,3
1077000,5
1286633,5
1187316,1
1022266,5
1283100,4
1016578,6
1097963,6
1307206,3
1314938,4
1145784,4
1010820,3
1005436,3
1277889,3
1114918,6
1007179,6
1035006,6
1198749,6
1045883,1
1269916,4
1054991,5
1086692,4
1210093,5
1009080,3
1224460,5
1180856,6
1278898,6
1033434,6
1131185,1
1311802,4
1261987,4
1274901,6
1150261,5
1161473,3
1008701,6
1130163,6
1194242,6
1168372,3
1144034,3
1168201,4
1164643,4
1184764,4
1258646,5
1030775,3
1019466,6
1113872,2
1293641,6
1199933,4
1200110,4
1132202,3
1062185,4
1242573,3
1085457,3
1002097,4
1248709,5
1159425,3
1258323,3
1025992,1
1188804,4
1112207,5
1123028,4
1316886,4
1085744,4
1089710,4
1231525,1
1179179,4
1155053,6
1096569,4
1048042,6
1100811,1
1266423,5
1240999,1
1099583,6
1098242,5
1065147,6
1213528,6
1187649,4
1154176,3
1305893,4
1167510,6
1206948,3
1049924,1
1191822,4
1001461,3
1075469,6
1184230,6
1102096,1
1264091,5
1020684,5
1012595,3
1092836,5
1118346,4
1169583,1
1039067,1
1060402,4
1084749,4
1295628,1
1103751,6
1262665,4
1183119,6
1019997,3
1323426,4
1317386,3
1224334,4
1099358,6
1208993,1
1234042,3
1181529,5
1061766,4
1232626,6
1210603,3
1242350,6
1111673,6
1088331,4
1162437,1
1154109,4
1045103,6
1256876,4
1184540,4
1180411,4
1094059,6
1104891,5
1054905,3
1236668,6
1282300,6
1176534,4
1073729,4
1071430,1
1204319,3
1176806,3
1173463,5
1050860,6
1240766,3
1309693,5
1129148,6
1090899,4
1247990,6
1092041,5
1210558,6
1031879,4
1217170,6
1249599,5
1253094,4
1163856,6
1266243,4
1305628,3
1315387,3
1253567,3
1024396,4
1166702,6
1234027,4
1024868,3
1263004,3
1262787,1
1104696,1
1055088,5
1193826,6
1150770,6
1252146,6
1281244,4
1166231,6
1153989,4
1112008,5
1294636,3
1096514,5
1296127,5
1236670,6
1065860,3
1279171,3
1207054,5
1238355,5
1274655,1
1259940,6
1185216,4
1208554,1
1061426,4
1073862,5
1070179,5
1134011,6
1300840,4
1053368,1
1092821,6
1081753,6
1031637,3
1167601,6
1206066,4
1056679,3
1169635,6
1105445,5
1027275,4
1218915,3
1253851,6
1078587,4
1196714,1
1226122,4
1267411,5
1205655,4
1299788,3
1315007,5
1325060,5
1255967,3
1157136,1
1268282,6
1090055,1
1125095,5
1142953,4
1299865,5
1280958,4
1098257,6
1215912,4
1235021,1
1276697,1
1023179,6
1004431,5
1258725,3
1287068,1
1259523,6
1171933,3
1154083,3
1302899,4
1295319,2
1021394,3
1030075,3
1095877,3
1094095,6
1096666,1
1115669,4
1149142,5
1118992,3
1173014,3
1124960,6
1292140,4
1048567,5
1089984,4
1020292,5
1078662,1
1101427,6
1167187,3
1014407,1
1000669,4
1099203,5
1146646,4
1297789,3
1289866,4
1255374,1
1111618,3
1144100,4
1008524,6
1189640,6
1157048,1
1249341,6
1220769,1
1132667,4
1207981,3
1149623,4
1166916,5
1226326,1
1007413,5
1134897,6
1239577,6
1028456,4
1277992,4
1031555,4
1074029,3
1143635,1
1274498,3
1159845,6
1207575,5
1085405,4
1175504,4
1129902,5
1255337,3
1267975,5
1276882,3
1197127,3
1282378,5
1101542,4
1143137,1
1180535,3
1085846,6
1164134,1
1191881,6
1179757,3
1310556,1
1069042,1
1117957,5
1191123,6
1002577,3
1015977,4
1050542,3
1297558,4
1302793,1
1183208,4
1275192,5
1213444,1
1060907,3
1241273,6
1105861,5
1008444,4
1266365,6
1322182,4
1174185,3
1010102,5
1083392,6
1039754,3
1034713,6
1045333,5
1149023,5
1093075,5
1155395,4
1308534,3
1039913,4
1148159,4
1092320,5
1099121,3
1192764,4
1272497,4
1125417,3
1164796,1
1086339,5
1164343,5
1309294,4
1243825,6
1269504,6
1214025,3
1041659,3
1295866,3
1311513,5
1082101,4
1114008,3
1160915,5
1085651,6
1236767,4
1123632,6
1013739,6
1035014,4
1271608,6
1186877,3
1017437,5
1250902,5
1323471,5
1282363,3
1104461,6
1304798,1
1020162,4
1276017,4
1021352,5
1250563,4
1298104,1
1032714,3
1155076,4
1169718,3
1231163,3
1171413,4
1154737,6
1273944,6
1107252,6
1307685,4
1026325,3
1214176,3
1113686,6
1177671,3
1046467,4
1056142,6
1208101,4
1199653,1
1225493,6
1198551,2
1172493,6
1047929,6
1190983,4
1241079,5
1165332,6
1228802,4
1196007,4
1053911,3
1118772,3
1005201,1
1076828,1
1169180,4
1134773,6
1128402,4
1283409,4
1211488,6
1258332,1
1041008,6
1303490,4
1180149,4
1174422,5
1058590,3
1202952,3
1166018,6
1197752,3
1287642,5
1014986,1
1313921,3
1215395,6
1049697,3
1064546,1
1115638,5
1253310,6
1049144,3
1184987,4
1140925,4
1053236,5
1170390,3
1163084,5
1149659,5
1145314,6
1164498,5
1206426,3
1125754,3
1274118,5
1019056,5
1155224,4
1195008,4
1286513,4
1069282,4
1317720,1
1310617,5
1258918,6
1269222,1
1048246,5
1110701,6
1256983,1
1105753,4
1240639,6
1246253,3
1081771,3
1058412,6
1091971,3
1090393,6
1291563,4
1139387,4
1176214,1
1040807,6
1021870,6
1188166,3
1163731,5
1310638,3
1257091,3
1299123,4
1166610,5
1272407,5
1162428,6
1056057,1
1233865,1
1066104,6
1193777,3
1065470,1
1311418,5
1252196,1
1171410,6
1194271,2
1229466,1
1004288,1
1322577,6
1217967,3
1032167,1
1192264,3
1188954,1
1130433,6
1276052,4
1115580,6
1270279,4
1142360,6
1022011,3
1061322,3
1139257,1
1004330,1
1238029,3
1017858,5
1059431,6
1207772,5
1154438,5
1211058,6
1132982,3
1245755,1
1325637,6
1163355,4
1198738,4
1015892,5
1300101,5
1041784,1
1209506,5
1036007,3
1077492,3
1299178,6
1030421,1
1021182,6
1145591,5
1240158,3
1210706,4
1102187,6
1084662,3
1109670,5
1162549,5
1263244,4
1124467,5
1013163,4
1076656,6
1105756,3
1308122,6
1313655,3
1188880,3
1001390,4
1234945,3
1112579,3
1179949,6
1039264,6
1297221,4
1175053,3
1163630,4
1078726,6
1073580,4
1155262,6
1221412,3
1299234,3
1011223,3
1063101,3
1284621,4
1194463,3
1074727,3
1112042,3
1284376,1
1137378,3
1197436,1
1021396,4
1246395,5
1109948,5
1026915,5
1234033,3
1084093,6
1084924,4
1185408,4
1281684,5
1053665,4
1041572,3
1011133,6
1284632,5
1307103,5
1179463,3
1278663,6
1226527,3
1142429,3
1322188,1
1240382,6
1197444,3
1078646,1
1196109,5
1025040,6
1325488,6
1116266,1
1106766,6
1022357,4
1189781,4
1278213,3
1096066,1
1094294,6
1142476,6
1236105,3
1097994,3
1142448,3
1231825,3
1162155,4
1135688,4
1186271,4
1063067,3
1223044,5
1089830,4
1248825,1
1045460,1
1072795,6
1224185,3
1203424,3
1261240,3
1119510,6
1130289,6
1171485,5
1273487,6
1251793,6
1131405,3
1183049,4
1302714,6
1211897,3
1052612,1
1167914,6
1293919,6
1284483,2
1206149,6
1110340,5
1284248,4
1218043,5
1141670,3
1133133,4
1065197,1
1059845,6
1299134,6
1045944,5
1104617,5
1207172,3
1194702,4
1084545,6
1015554,4
1122261,6
1277011,4
1146728,1
1277347,6
1282691,6
1235045,3
1179560,3
1146197,1
1242281,4
1116823,3
1023204,1
1105279,5
1037083,4
1322585,6
1277514,6
1219432,4
1300386,4
1168197,5
1164842,3
1073219,4
1191656,1
1312772,3
1143118,3
1113421,3
1043223,4
1177007,3
1021207,3
1249730,5
1284327,4
1077620,6
1160971,4
1045459,1
1073443,4
1083786,5
1298996,1
1005260,3
1199608,3
1013901,6
1262305,3
1101729,6
1188715,4
1107479,3
1308387,3
1244217,4
1014664,3
1260284,6
1143402,6
1320952,3
1274477,4
1132878,4
1186025,3
1264881,3
1003829,6
1156236,5
1140173,5
1282337,4
1032233,5
1000846,6
1221804,1
1174274,4
1105258,3
1042657,3
1216900,6
1030642,5
1247602,6
1295748,6
1104571,1
1173092,4
1283168,4
1318869,3
1031464,3
1125339,1
1068289,6
1215559,6
1266536,3
1174275,5
1325249,4
1000044,6
1144475,5
1275262,4
1293809,3
1294275,3
1257359,1
1116198,4
1250743,4
1226915,1
1008963,5
1126465,5
1121303,6
1254299,1
1095731,4
1284379,3
1065190,5
1035887,5
1194645,3
1124866,5
1137496,4
1197771,5
1267979,5
1300839,3
1060518,6
1285886,6
1011602,3
1230930,6
1307075,4
1260777,4
1283882,3
1065523,3
1183429,4
1271017,1
1007552,4
1147121,6
1235621,3
1271756,6
1148681,3
1079908,4
1060202,4
1088626,6
1117035,1
1249213,1
1250115,6
1315421,4
1141587,1
1179111,5
1178138,3
1194485,3
1038931,4
1312339,6
1320984,3
1290737,3
1266128,3
1296875,6
1080284,4
1034042,5
1281019,4
1296491,6
1012508,5
1120671,6
1289550,3
1080161,1
1066316,4
1034093,6
1186024,5
1109405,3
1079036,4
1190797,6
1282574,6
1228509,4
1056389,3
1240202,4
1004320,6
1012527,3
1254617,3
1260160,6
1012356,5
1036112,6
1226092,5
1320992,4
1240090,3
1159116,3
1134405,1
1042097,3
1014129,5
1043001,5
1203712,4
1059115,3
1084805,5
1236866,3
1208663,5
1131007,5
1240623,6
1137638,1
1180403,3
1008080,1
1032852,6
1176348,5
1168117,3
1262823,3
1140242,6
1140388,1
1076127,3
1192373,6
1216592,6
1120213,3
1133254,4
1220366,6
1261391,3
1320427,5
1115374,6
1085514,6
1077059,5
1295562,5
1065896,3
1111658,6
1253690,3
1117808,3
1188063,3
1081862,6
1007931,5
1096016,3
1220334,3
1064207,4
1259445,5
1005238,4
1273392,5
1319894,4
1016716,1
1275422,3
1191161,3
1193854,4
1193641,6
1234372,3
1232443,4
1300097,6
1024896,1
1131700,2
1245673,4
1127330,1
1051601,3
1069001,6
1196165,6
1010716,4
1112269,3
1101473,6
1315399,6
1288036,3
1051676,4
1144443,6
1282673,6
1303824,5
1127411,3
1078771,5
1294681,6
1195487,5
1092392,6
1075147,4
1216449,4
1300921,4
1019992,3
1083363,3
1314967,6
1136739,4
1166426,6
1103679,3
1273181,4
1228975,6
1321096,6
1218954,1
1313706,6
1018612,4
1304681,6
1297375,6
1228881,6
1090818,5
1174078,6
1181546,1
1107212,3
1310744,5
1098601,1
1279284,1
1310180,4
1003619,3
1180605,6
1224684,1
1138479,4
1170336,5
1193749,3
1238218,1
1213383,4
1233637,4
1318678,6
1142370,4
1037002,4
1141362,6
1269392,7
1260499,6
1169747,4
1273428,5
1221166,3
1014238,4
1149594,1
1216841,5
1266392,6
1033264,6
1233954,4
1200835,5
1113535,4
1064272,1
1157630,3
1244677,4
1067528,3
1190033,4
1100534,6
1314726,3
1206078,3
1271068,4
1248870,6
1120955,5
1215718,6
1260303,4
1305515,1
1267479,3
1091685,5
1072151,4
1046510,6
1252720,6
1177509,5
1174322,1
1140287,6
1191599,5
1023700,1
1011233,3
1179588,2
1039662,6
1181606,6
1233228,6
1061073,3
1164708,4
1301230,4
1167353,6
1111561,6
1296651,3
1104115,6
1223361,5
1265642,6
1078217,5
1202839,1
1111476,5
1031648,3
1139527,1
1182264,1
1285714,6
1275169,5
1083861,3
1232818,4
1250420,1
1143272,4
1260803,3
1132485,1
1260412,4
1052672,4
1012078,4
1110739,4
1248146,6
1134078,6
1157776,6
1161261,6
1155414,4
1211471,3
1312458,5
1139995,6
1034393,1
1105540,3
1309264,5
1122382,5
1147614,1
1132045,5
1249824,4
1305463,3
1164942,6
1291417,5
1131878,1
1152855,4
1076600,6
1086625,4
1229549,4
1110412,3
1269795,4
1146327,6
1241763,6
1275601,5
1134845,6
1253198,6
1041063,4
1106902,1
1251917,3
1203441,5
1178870,3
1216626,4
1042766,6
1053104,4
1228585,3
1062532,3
1243834,4
1159756,6
1149114,3
1294022,5
1306931,6
1031923,6
1218620,4
1179962,3
1209461,4
1309203,6
1091245,3
1311162,5
1184524,5
1240666,6
1034980,4
1290094,1
1030335,6
1217838,6
1004802,4
1066378,6
1317753,3
1256830,4
1094985,1
1175711,4
1010643,6
1202686,6
1111224,1
1125434,1
1155632,6
1024234,3
1310435,1
1003326,3
1075992,5
1100367,4
1234888,3
1186320,6
1316393,4
1300627,6
1057768,6
1014398,6
1314175,1
1231586,3
1078446,7
1076580,4
1022649,4
1026156,6
1212681,4
1219922,4
1107928,5
1109076,5
1048476,5
1229705,5
1212743,3
1230460,6
1014602,4
1302500,1
1080571,4
1178660,5
1264456,3
1092733,6
1161244,5
1303256,6
1127717,3
1069088,6
1275719,4
1030377,4
1056249,6
1186682,5
1065531,1
1233096,5
1031182,4
1068729,6
1166489,6
1149925,4
1213703,6
1082808,3
1029178,4
1200733,4
1053424,3
1281820,5
1036253,5
1160211,5
1301057,5
1288760,3
1140341,4
1108117,4
1011444,4
1097170,1
1194782,1
1005980,4
1146516,4
1257253,3
1139075,1
1000976,4
1257417,6
1136423,6
1040576,1
1218467,5
1038162,1
1111998,3
1280314,1
1303581,3
1314589,4
1320820,5
1115200,3
1208578,5
1124422,6
1122941,3
1148061,3
1053950,6
1113561,1
1057002,5
1223597,6
1080476,6
1098351,4
1015522,5
1240981,6
1123661,6
1124187,3
1114795,3
1049360,4
1002830,3
1204837,6
1118210,6
1277708,6
1084409,1
1165397,5
1293927,3
1191730,4
1263248,6
1047522,6
1305869,6
1243428,5
1158373,6
1212804,7
1043753,6
1204703,5
1087551,4
1318983,6
1029987,4
1227732,1
1067734,4
1084310,4
1001756,6
1204667,6
1148677,1
1021658,4
1276520,6
1228753,4
1107908,4
1307317,3
1299948,6
1191682,6
1198219,6
1154636,6
1315121,5
1083535,6
1250163,5
1280950,3
1287769,4
1102808,6
1238024,3
1210383,5
1079929,3
1109459,5
1144328,5
1267364,5
1257096,5
1314403,4
1021824,4
1144586,1
1208223,6
1165208,5
1229202,6
1136013,4
1306604,3
1031650,3
1132516,3
1118690,5
1139779,6
1009431,1
1082621,4
1079604,5
1209885,1
1287458,5
1033235,5
1161762,5
1158114,5
1093185,6
1304881,3
1186919,1
1135326,3
1006014,6
1088826,5
1025792,3
1153244,1
1268072,4
1293586,4
1070441,5
1082676,1
1217289,4
1261614,4
1059832,5
1166606,4
1086086,4
1264214,3
1187764,3
1211913,3
1065335,6
1308301,4
1213192,5
1058205,6
1302094,1
1028870,1
1224698,3
1261881,3
1249364,4
1009778,1
1146183,6
1033330,3
1091528,1
1273621,4
1137544,1
1072689,6
1044829,6
1129459,3
1053382,1
1287876,4
1091795,5
1073476,1
1121280,5
1135839,4
1213326,1
1091540,6
1161744,5
1132537,5
1167864,6
1161115,5
1079520,3
1088763,5
1143376,5
1260774,1
1032576,3
1071649,4
1226423,5
1285513,6
1228391,6
1072244,6
1044951,4
1010971,4
1021766,5
1229279,5
1044797,5
1177679,3
1210666,3
1087857,6
1219835,5
1019908,6
1248254,1
1105600,3
1188195,4
1031137,6
1251797,3
1088190,4
1319056,6
1317317,3
1044588,4
1197880,3
1286469,3
1176687,3
1060493,4
1310427,5
1206263,4
1237265,4
1278753,1
1213711,3
1097410,3
1013873,3
1106621,6
1181616,4
1045505,3
1311786,4
1296232,6
1153246,6
1144691,3
1167471,3
1022736,3
1071290,3
1284337,6
1005081,1
1253593,2
1155755,4
1082223,4
1100070,4
1079969,3
1134537,4
1144183,4
1119569,1
1212358,4
1097145,5
1287918,4
1060316,4
1309034,3
1011469,4
1225976,6
1197357,5
1156905,4
1117811,1
1001995,4
1227144,3
1243563,6
1004775,3
1173154,6
1040483,3
1178874,6
1106667,4
1036098,4
1137276,5
1244043,3
1272462,1
1276269,6
1056059,4
1283378,5
1253023,3
1293820,4
1011502,5
1294416,6
1078482,6
1316946,1
1123699,3
1240698,4
1213190,5
1140703,6
1002390,4
1122177,4
1171672,6
1292955,5
1325003,4
1134526,3
1060293,3
1286373,5
1308222,3
1205197,6
1099017,5
1024344,1
1049311,1
1095392,6
1015907,5
1011555,5
1175612,6
1103896,3
1233186,1
1125503,6
1004422,2
1309993,5
1005258,3
1243501,6
1130436,3
1203337,6
1095619,4
1138508,3
1030346,4
1308896,4
1215330,4
1021281,6
1291272,3
1116554,3
1072146,4
1301289,1
1032438,4
1108887,6
1023140,4
1209072,3
1204953,3
1265835,4
1218483,4
1179187,6
1010662,3
1135625,4
1102829,6
1204366,3
1316328,3
1233488,5
1264917,6
1121828,3
1148840,3
1107938,4
1323769,6
1188360,1
1061893,4
1243492,3
1300454,6
1182661,6
1003375,5
1033008,3
1263207,3
1155987,6
1283725,6
1083412,1
1216738,6
1299188,5
1093518,5
1218766,6
1053119,6
1308113,5
1308544,4
1090717,6
1289702,6
1153651,4
1075900,6
1311177,3
1312982,5
1193231,4
1160890,4
1078321,5
1190905,1
1144697,6
1251576,6
1017569,3
1163906,6
1055175,4
1207681,5
1016374,6
1059277,6
1242339,6
1128801,3
1315140,3
1208836,4
1025572,7
1071262,6
1279773,4
1132486,4
1114717,3
1307265,3
1014524,7
1000098,4
1267623,3
1100400,4
1078545,6
1300500,4
1291298,6
1229459,2
1010023,4
1249066,6
1202182,3
1244905,3
1118280,3
1159171,3
1062842,3
1277128,6
1152355,6
1089857,4
1208827,3
1251245,5
1096880,6
1297659,1
1074766,3
1104009,6
1134918,3
1225661,6
1185093,5
1321363,3
1071516,6
1163915,3
1293301,4
1220012,6
1074216,1
1069863,6
1028291,3
1051304,6
1132571,3
1230597,5
1252094,4
1068178,1
1106597,6
1228100,4
1302399,4
1154103,5
1154072,6
1269467,3
1195310,5
1144619,6
1099865,1
1304682,6
1108066,6
1323476,3
1235607,5
1260677,6
1276960,3
1080171,6
1303618,6
1069681,6
1194078,6
1019784,4
1112839,5
1068608,5
1162493,6
1108383,5
1173793,3
1011388,3
1214834,6
1287089,6
1094581,6
1089304,4
1159143,4
1199573,6
1177139,3
1130381,4
1207215,4
1251309,6
1079600,4
1122326,5
1154671,4
1098306,3
1043022,3
1237876,3
1084069,1
1260545,6
1110567,4
1037841,1
1116436,3
1312811,3
1124380,6
1041217,6
1285522,6
1288858,1
1173976,4
1035103,4
1320443,5
1269611,4
1100470,3
1306467,4
1266571,6
1176503,4
1023844,6
1325623,5
1281974,5
1250411,5
1320357,1
1092268,4
1071050,6
1095382,3
1255701,4
1051678,6
1219203,4
1249329,6
1278571,3
1150628,6
1301871,4
1286682,6
1213980,3
1011427,6
1009042,5
1209716,3
1293847,5
1264625,4
1321492,5
1146596,6
1093297,1
1265800,5
1239201,5
1050137,6
1101433,6
1176775,4
1241800,4
1254565,3
1071618,3
1274794,3
1093042,4
1188811,3
1182121,3
1220929,3
1257691,6
1304498,1
1289220,1
1299646,4
1263658,2
1203330,4
1137163,4
1103730,4
1244216,3
1009919,3
1240729,6
1027932,3
1180791,3
1187392,4
1246322,4
1304338,5
1085535,3
1112014,6
1007869,6
1194953,4
1325663,4
1195453,5
1109095,5
1298511,6
1305808,3
1107626,3
1184918,5
1293915,6
1300577,6
1040544,1
1246032,5
1162063,3
1081798,5
1085408,1
1176182,6
1117412,1
1278736,6
1118468,4
1169001,3
1039116,4
1098475,3
1286307,4
1147850,3
1043113,6
1072217,6
1144563,4
1253741,1
1272469,4
1101144,3
1164794,6
1168560,5
1168633,6
1311447,1
1183472,3
1109012,6
1294018,6
1207063,5
1318487,6
1243182,6
1116598,4
1318317,1
1111193,6
1189106,3
1189775,5
1094585,1
1150294,5
1301630,6
1000059,4
1293825,1
1103745,7
1242457,4
1073731,3
1246632,1
1293583,3
1078050,1
1188649,3
1124776,6
1091376,3
1073015,3
1034017,3
1004851,5
1010916,3
1093574,4
1307084,3
1185228,5
1218499,6
1241058,6
1099631,4
1235765,4
1035238,4
1116453,5
1087283,3
1175071,4
1039612,3
1296532,4
1251843,4
1027728,5
1159401,6
1194451,5
1094228,3
1269708,5
1238538,3
1300948,6
1122796,5
1254594,1
1205136,3
1043955,4
1212823,6
1139069,6
1030879,6
1249239,3
1289087,1
1034100,6
1072512,3
1175118,5
1311150,6
1077303,4
1274515,1
1254980,4
1046303,5
1084464,5
1072685,3
1155226,6
1302685,6
1124477,6
1187546,4
1294905,4
1137825,3
1063131,6
1116111,3
1199609,4
1026930,1
1199103,4
1056242,3
1281036,6
1197747,1
1324754,5
1013042,3
1280802,4
1024658,1
1309354,6
1048655,3
1118487,1
1026048,6
1265909,4
1302764,6
1019450,3
1133040,3
1174031,5
1005131,3
1046468,1
1271597,4
1188606,3
1188952,6
1277900,6
1166048,4
1292933,6
1271764,5
1183661,5
1096806,1
1265594,1
1194690,5
1243690,4
1223075,6
1055246,3
1252557,4
1190852,5
1019921,1
1058929,6
1174576,4
1323615,4
1290856,3
1002935,3
1161805,6
1257647,4
1234395,4
1067622,3
1184565,4
1138903,4
1001220,3
1069236,3
1154309,3
1000844,3
1048551,4
1254779,1
1067364,1
1213396,1
1184315,3
1299142,3
1191773,6
1085761,4
1265032,6
1259883,5
1223758,3
1322649,1
1000408,1
1149410,4
1150357,1
1277529,6
1203400,6
1317063,1
1168673,4
1145165,5
1157842,6
1098782,3
1115615,6
1057341,4
1207609,5
1092741,4
1030672,3
1076355,5
1227488,3
1103637,4
1290433,5
1038066,3
1134700,3
1120741,6
1285918,4
1273075,3
1151656,6
1216428,4
1172931,3
1241863,4
1228537,3
1059838,4
1010387,6
1063893,6
1185858,6
1106473,6
1285500,6
1066580,3
1168535,1
1113672,3
1092209,5
1169027,4
1072329,3
1108021,5
1130104,4
1037306,6
1208160,6
1054888,6
1269247,6
1051764,6
1240035,3
1000982,6
1015583,4
1049789,6
1281723,3
1222120,1
1093937,1
1197313,1
1076785,1
1065854,4
1308120,5
1135749,5
1198246,4
1086666,4
1191633,4
1143120,5
1193045,3
1067552,1
1036772,6
1093083,3
1244130,6
1097086,6
1300134,6
1121703,3
1172793,1
1182795,4
1003076,4
1020117,6
1220187,5
1301484,3
1210543,5
1100656,4
1097942,4
1151153,3
1046819,3
1207265,5
1018552,5
1277031,7
1050706,4
1008425,6
1111172,3
1261343,4
1320197,4
1285256,6
1283351,6
1180071,6
1176264,3
1300203,3
1320552,3
1086753,4
1292062,3
1012066,6
1266568,4
1085902,4
1199594,6
1094063,6
1055267,3
1006587,6
1104253,5
1021854,4
1214335,1
1229152,5
1267776,5
1117831,4
1012497,1
1142911,1
1189945,3
1215356,4
1232709,6
1325308,2
1042596,6
1184998,5
1105078,4
1141010,3
1284631,6
1056879,4
1128475,4
1196085,6
1186161,5
1262278,6
1139307,4
1073421,3
1230146,4
1209110,6
1106717,7
1188570,6
1315493,3
1150591,4
1185862,4
1211070,5
1071111,5
1217743,4
1070389,6
1145781,4
1225412,5
1275750,3
1245236,4
1148695,1
1029498,3
1202565,4
1268269,4
1007589,4
1195225,4
1047203,4
1196324,6
1034899,6
1010857,6
1131820,4
1056484,3
1052902,6
1125787,6
1145066,6
1131337,5
1169937,5
1172066,6
1253119,6
1137563,6
1099474,1
1309746,5
1232870,3
1048280,5
1312952,2
1161297,6
1255097,6
1219259,6
1287618,5
1138818,4
1178598,6
1178567,3
1015520,3
1288124,3
1217261,3
1070123,4
1045691,6
1223098,5
1210089,4
1209633,3
1300628,6
1224676,2
1200611,6
1039891,6
1059609,3
1159551,3
1072874,5
1160494,6
1073123,3
1094314,6
1090787,6
1224118,1
1240462,3
1024716,3
1126330,6
1152684,5
1106599,4
1181536,6
1192601,5
1128332,1
1165781,5
1112368,6
1120183,5
1253358,4
1289718,6
1087192,6
1157351,3
1316427,6
1227675,2
1170476,6
1200889,4
1312221,1
1017233,5
1309237,3
1037824,6
1030060,6
1216111,4
1035923,6
1150373,4
1135438,3
1208929,6
1061782,3
1003874,3
1171355,5
1050909,3
1187005,3
1159590,6
1323819,3
1300775,4
1314149,3
1024556,3
1097276,5
1002900,4
1078530,6
1049346,3
1117357,5
1101830,6
1001306,4
1158800,3
1033331,5
1061586,6
1185079,6
1032952,3
1138807,3
1150721,4
1217955,6
1127840,1
1072647,1
1126246,3
1021604,6
1152914,6
1015665,3
1181039,4
1082253,3
1192030,1
1010547,3
1029864,1
1270390,4
1234692,5
1306454,6
1126614,3
1013777,5
1277092,5
1069345,3
1190293,3
1013641,4
1276402,4
1188683,1
1305591,6
1064699,1
1207980,6
1103010,6
1235951,5
1245272,5
1028858,6
1138920,3
1020422,5
1109173,6
1120223,6
1185411,6
1242013,6
1195991,3
1200118,6
1050401,4
1270717,3
1159750,5
1091673,3
1183592,6
1024041,6
1033525,3
1281138,4
1079199,6
1007350,4
1100818,6
1307589,6
1315558,3
1240520,4
1301100,1
1062440,4
1220532,6
1273356,1
1286924,6
1306644,4
1070369,5
1268836,2
1006191,6
1076740,6
1103062,6
1005109,4
1222137,1
1306058,3
1041901,6
1310813,3
1198541,5
1227026,6
1124506,4
1115694,6
1070601,3
1184403,6
1138255,6
1275415,4
1217853,5
1004708,4
1209832,6
1103157,3
1274407,4
1303247,1
1242348,1
1273539,1
1243431,1
1142680,3
1265353,6
1244753,3
1281320,4
1012265,4
1324920,3
1228824,4
1109077,4
1079831,6
1028598,6
1041454,5
1284914,4
1310944,4
1073207,5
1190567,3
1080616,4
1239572,3
1301442,6
1267487,3
1041787,6
1049449,6
1166583,6
1221447,1
1087727,6
1273797,4
1059904,4
1008907,5
1076030,4
1094922,5
1234450,1
1160840,6
1122890,4
1075558,5
1226701,4
1037071,4
1146721,6
1211233,1
1241828,1
1152773,6
1116703,3
1226224,6
1158572,1
1194466,3
1135599,5
1256033,5
1222872,1
1063939,4
1221139,1
1105311,3
1083090,5
1218143,4
1107142,3
1240989,3
1118334,4
1248412,6
1062418,3
1284708,3
1181231,3
1210053,4
1244010,6
1221278,1
1272751,6
1275570,6
1254933,3
1124804,3
1252850,5
1067251,6
1224437,5
1200080,3
1323336,3
1265220,3
1113703,6
1210945,1
1171797,5
1174517,6
1124820,6
1200860,6
1300803,5
1069897,1
1279625,4
1255345,1
1287645,4
1251541,6
1194253,6
1258553,6
1318232,5
1098928,3
1070064,5
1288770,3
1249200,6
1138211,6
1119133,4
1182633,3
1056923,3
1274703,4
1225899,6
1218508,1
1042058,6
1246558,3
1306980,5
1133267,3
1163703,3
1262868,5
1128204,4
1169202,4
1162906,5
1084312,6
1106093,1
1240489,4
1086286,6
1062976,6
1084388,6
1296110,5
1041926,4
1184975,4
1065996,4
1320065,7
1103783,3
1061896,6
1027815,6
1318041,4
1089274,3
1027295,5
1260208,4
1265492,6
1271980,1
1303973,6
1279636,4
1141039,4
1322658,3
1312501,1
1100005,3
1122772,4
1324755,5
1268294,6
1004386,3
1147035,6
1105182,1
1319793,4
1026249,1
1024695,4
1279809,1
1195273,1
1060966,5
1158772,6
1271134,5
1013069,6
1039616,3
1155421,5
1143175,6
1108170,3
1218919,6
1201187,3
1220739,4
1244085,6
1308582,6
1148597,5
1039230,2
1024062,3
1300613,6
1172718,3
1120482,6
1310812,4
1274343,6
1151148,4
1200340,3
1025094,1
1164891,6
1059207,3
1026801,6
1054679,6
1113512,3
1155471,5
1262211,1
1277808,5
1247779,6
1065141,5
1066535,4
1306590,4
1162420,6
1317568,5
1164296,3
1139902,3
1162427,3
1135166,3
1291980,1
1253904,6
1010151,6
1117379,3
1286291,4
1077995,3
1271403,4
1020527,5
1130444,6
1086340,4
1083967,3
1150534,3
1156353,6
1245611,6
1115973,4
1179430,6
1085971,6
1076638,4
1245502,3
1224999,4
1322354,3
1322955,3
1120428,4
1133400,4
1038883,6
1041295,4
1308791,4
1118547,5
1298095,3
1284209,5
1240607,6
1082590,6
1306363,1
1183983,6
1198991,4
1055162,4
1275995,3
1279140,3
1261385,4
1104831,3
1298558,3
1153834,3
1168865,3
1046555,3
1231230,4
1310273,6
1282133,6
1154891,3
1301751,2
1266610,4
1292313,3
1093863,6
1233111,3
1075653,5
1291736,6
1261538,3
1233090,1
1137973,3
1291150,3
1097063,6
1219607,6
1218492,5
1264452,3
1189161,4
1161187,6
1136851,1
1313811,3
1084697,3
1272985,5
1228690,5
1061077,4
1210231,6
1021836,6
1264604,6
1025262,4
1198329,5
1008160,1
1233757,3
1135390,5
1291031,5
1117560,1
1225579,6
1155078,5
1050621,3
1288763,3
1158626,5
1322604,6
1283925,6
1285908,3
1318890,4
1082726,3
1264369,6
1042820,4
1200376,6
1267268,3
1152988,4
1288874,5
1119398,3
1192034,3
1224718,1
1245009,4
1321184,6
1067649,3
1135135,6
1146873,4
1248016,6
1292919,4
1270301,4
1142239,5
1083827,4
1144784,4
1288209,6
1301733,1
1279896,5
1130169,4
1200185,3
1029970,4
1163480,5
1137367,6
1051494,6
1189902,5
1017416,1
1203721,5
1001649,1
1270537,3
1198976,6
1197354,4
1143834,5
1051434,6
1049513,3
1158064,5
1112537,4
1242346,3
1054808,6
1322476,3
1057528,1
1205051,6
1318441,3
1100874,6
1043550,3
1236548,1
1219358,4
1026394,3
1126527,5
1068501,4
1072760,1
1316314,4
1294281,6
1165641,1
1286362,1
1224539,4
1097194,3
1020128,4
1262596,4
1207925,4
1143233,3
1169641,6
1317036,6
1066143,6
1038985,6
1181145,6
1071740,4
1149595,6
1263176,6
1068955,6
1059138,6
1060219,6
1306006,1
1003713,1
1053729,1
1284615,3
1107008,6
1149563,5
1280778,4
1116707,6
1288693,3
1258525,6
1255240,1
1153079,6
1001517,4
1171258,4
1024639,6
1096167,3
1157643,4
1115558,5
1100234,3
1263661,3
1318122,3
1044433,4
1207768,4
1056967,6
1302594,6
1040118,6
1124150,5
1013453,3
1264610,6
1069219,3
1308607,1
1080377,5
1245691,5
1211195,3
1275006,5
1157116,1
1186167,3
1109769,3
1094816,6
1025126,4
1224391,4
1084012,4
1305971,4
1285689,3
1163815,4
1312323,3
1241419,4
1186087,4
1085232,4
1172524,4
1111284,5
1015332,6
1186017,1
1136972,3
1206847,3
1257941,4
1140967,3
1144675,3
1306097,6
1285722,4
1056681,4
1263045,5
1322355,4
1171234,3
1096601,4
1170647,3
1259564,4
1274646,5
1251211,1
1193130,6
1262230,5
1277273,3
1181168,4
1116165,4
1082943,2
1134154,3
1196161,6
1190898,5
1064660,4
1269896,4
1275852,3
1209628,6
1093774,1
1306545,3
1164436,6
1286041,1
1094352,5
1251679,4
1004290,4
1285644,6
1078479,3
1185438,6
1211047,5
1275134,3
1195577,4
1260797,1
1033311,3
1066994,3
1224752,3
1289708,5
1007114,6
1113579,6
1209478,4
1261301,1
1299688,5
1256213,3
1021206,6
1309565,4
1297009,4
1164087,6
1261357,1
1286918,4
1209893,3
1103599,3
1230281,6
1128319,5
1209713,6
1207675,4
1031857,4
1135849,5
1187624,5
1012503,6
1229870,3
1062486,4
1147513,6
1115399,4
1220858,1
1195974,1
1222144,1
1012010,4
1246536,6
1315700,4
1047150,5
1075376,1
1014705,6
1153412,3
1019077,6
1028381,6
1204903,4
1290942,1
1137396,5
1289221,5
1123639,3
1257946,4
1312571,3
1098726,6
1112658,5
1018186,3
1225096,6
1149232,3
1230134,4
1269481,3
1324113,6
1126747,5
1200156,4
1299857,4
1259674,5
1078073,6
1045317,5
1043285,4
1149035,3
1121292,6
1050947,6
1015301,6
1264188,1
1083787,1
1115150,4
1302878,6
1321556,4
1059353,4
1149650,5
1268801,6
1163072,6
1294726,5
1140655,1
1178823,6
1170213,3
1096836,6
1183408,6
1012131,6
1029789,3
1317956,1
1057285,3
1262854,6
1160090,6
1248678,3
1099308,4
1222255,3
1242778,4
1206551,4
1011691,5
1094225,3
1289091,3
1217460,3
1073847,4
1160556,1
1185356,3
1270691,5
1317499,1
1166928,6
1180659,6
1078293,1
1113389,4
1140201,6
1232678,6
1300738,1
1040111,4
1189522,6
1304109,4
1060006,4
1220750,4
1184456,4
1181475,3
1029753,4
1109026,3
1298105,3
1137112,5
1262295,5
1063172,5
1150684,3
1120526,4
1016475,5
1200892,4
1162584,3
1043943,4
1238806,5
1096130,4
1164572,6
1016624,5
1007208,4
1212628,4
1043809,5
1128232,1
1031976,4
1020754,4
1056008,1
1297355,4
1241717,1
1257160,1
1173150,5
1011513,5
1263990,4
1026472,5
1206183,4
1138613,4
1165106,6
1202814,4
1197022,3
1306691,4
1317745,6
1127298,3
1304500,6
1146177,3
1131566,3
1100260,6
1270648,1
1077047,6
1158793,5
1278196,1
1320457,6
1165845,1
1284043,6
1024726,6
1270113,6
1044568,3
1199587,4
1248534,5
1037884,1
1227421,1
1001064,6
1272851,6
1243376,1
1288133,6
1141437,3
1167348,3
1323879,1
1297585,3
1081877,5
1043098,6
1011654,6
1051514,4
1102827,3
1218167,5
1202679,5
1311168,5
1305615,6
1103166,4
1124490,6
1067774,1
1295802,6
1278927,4
1174930,3
1147248,3
1295815,1
1182132,4
1063086,6
1278376,3
1297537,3
1174497,4
1093343,6
1239052,3
1077807,1
1180725,5
1193213,4
1183043,5
1037230,5
1033393,4
1153801,6
1009142,5
1289787,4
1129504,5
1288175,1
1257746,3
1029396,4
1103455,3
1024261,4
1178299,5
1179170,3
1265890,6
1153984,6
1055706,1
1100324,4
1272761,6
1117600,4
1035453,3
1090239,6
1072038,1
1208814,6
1015049,4
1230450,5
1008685,1
1095191,4
1094100,6
1072127,4
1044465,4
1171976,6
1092846,6
1143404,4
1144128,3
1082143,1
1069927,5
1112341,4
1285924,4
1317862,4
1122384,4
1246687,4
1132118,6
1251908,5
1299435,4
1274522,4
1306732,3
1151805,6
1028160,6
1252053,5
1154989,1
1179029,4
1101172,5
1082281,4
1002846,5
1201275,7
1045101,4
1235257,4
1080405,5
1000379,6
1034979,6
1018715,6
1112416,1
1028170,4
1304502,5
1080606,5
1132321,6
1171393,4
1004191,4
1137101,5
1103724,1
1288697,5
1149632,5
1231108,5
1114400,4
1321589,3
1295225,6
1039139,3
1220345,3
1299751,6
1241338,4
1089259,4
1137694,3
1178084,3
1261599,6
1235198,4
1133758,1
1249270,6
1193950,3
1269762,6
1066031,3
1273150,3
1190579,3
1043465,1
1076864,1
1233327,3
1103505,4
1066784,4
1224162,3
1080925,3
1272204,1
1100552,6
1022462,3
1274117,3
1246250,3
1296256,1
1320309,6
1237675,3
1022391,4
1031582,4
1319835,5
1036044,6
1181898,6
1222316,2
1121934,6
1159624,1
1281468,3
1176222,3
1277591,1
1235897,3
1165409,6
1282157,3
1073031,5
1021227,3
1007344,6
1215345,6
1249350,3
1082262,5
1047280,4
1041985,3
1306519,6
1115960,3
1054345,1
1055613,1
1109892,4
1043318,1
1100985,4
1004898,1
1189928,4
1158135,6
1254102,6
1050623,7
1238987,4
1190718,6
1276564,1
1110235,3
1185622,6
1200268,3
1005660,3
1240421,5
1237673,1
1116912,1
1075089,4
1228238,6
1064162,3
1065790,4
1044660,6
1095196,5
1123614,6
1136240,1
1185563,3
1249603,6
1220108,4
1247315,6
1065693,6
1050959,4
1059926,6
1318318,4
1246614,3
1193879,3
1198884,3
1304925,6
1099699,1
1251149,6
1212827,3
1113053,6
1168593,6
1244767,3
1005536,4
1128072,6
1309468,4
1193758,6
1070499,6
1193455,3
1151306,6
1278361,4
1151583,1
1156607,6
1248084,3
1173867,6
1248062,6
1138186,4
1096837,6
1175840,3
1303417,1
1036493,6
1223682,1
1060279,4
1179626,3
1229080,4
1114271,3
1287349,6
1034181,4
1292288,3
1237351,4
1119739,4
1065329,3
1162835,4
1175073,4
1057779,5
1263019,3
1056755,6
1275395,6
1148304,4
1022117,5
1075144,3
1020689,6
1298593,3
1174442,3
1000387,4
1016084,6
1127347,3
1108896,4
1286253,1
1108630,6
1310199,5
1120295,4
1172156,1
1232448,5
1105065,6
1117613,6
1127656,6
1247453,6
1145413,5
1229507,3
1105790,5
1142759,3
1201537,3
1306387,6
1262867,5
1235602,3
1101913,1
1290794,4
1157160,4
1251342,3
1296897,4
1057208,6
1132785,4
1198597,3
1113113,6
1220138,6
1116126,5
1003669,6
1242070,4
1188163,5
1236876,4
1039601,6
1015295,6
1110204,3
1060779,4
1196743,3
1025920,4
1223984,4
1015698,4
1177478,6
1244945,3
1322970,4
1223455,3
1222541,4
1255007,3
1229030,4
1172324,4
1166379,3
1133353,6
1089116,6
1067107,6
1146542,3
1195952,3
1256206,4
1189187,3
1139818,3
1296151,5
1298619,6
1139862,6
1036859,6
1005985,3
1260923,4
1271911,4
1297438,3
1192633,5
1170065,3
1157125,1
1028716,5
1100575,4
1296616,6
1316998,5
1172119,6
1031437,3
1026666,6
1273147,1
1261409,6
1224462,5
1164546,3
1060020,3
1042007,1
1239824,3
1290586,6
1038165,5
1239889,5
1242122,1
1187702,5
1304772,4
1052051,4
1024713,6
1287516,4
1321107,3
1145364,4
1097362,6
1246601,4
1146892,6
1191891,6
1136918,4
1095366,3
1237013,6
1170084,4
1036063,4
1071179,5
1267185,3
1090735,6
1146917,4
1152399,6
1026556,4
1181853,3
1278817,5
1270120,5
1206868,6
1178352,3
1210445,6
1165879,3
1046569,6
1307425,3
1222712,5
1226788,1
1179476,6
1063324,6
1157138,3
1045492,4
1007824,6
1283408,6
1215730,1
1173457,5
1309778,5
1162920,3
1202201,5
1052989,1
1235152,3
1291449,6
1001047,6
1276917,5
1033555,6
1264218,1
1147389,3
1155581,4
1011951,6
1049052,5
1319597,1
1171281,2
1177864,5
1217786,3
1209458,4
1127053,5
1079017,6
1053081,1
1156818,4
1100498,6
1321311,3
1071151,3
1019697,4
1130375,1
1001474,3
1056399,6
1053127,4
1070227,5
1205314,3
1287200,6
1011696,1
1300320,3
1271306,3
1217856,6
1100847,5
1040367,1
1066334,4
1219770,6
1195131,6
1214447,5
1006912,6
1072356,3
1192236,3
1313511,5
1254094,4
1120293,6
1169402,6
1262493,1
1076488,3
1224217,4
1290553,6
1292943,3
1269340,3
1310472,6
1097144,4
1148232,3
1183674,6
1093126,6
1219702,4
1205407,5
1230578,4
1273748,3
1260537,6
1157095,3
1257925,1
1198993,6
1193104,3
1158151,3
1132714,1
1167161,6
1185195,6
1089411,3
1256740,4
1302262,4
1322004,1
1105520,3
1247045,6
1320140,5
1071509,1
1091368,1
1083936,4
1190840,6
1074016,5
1048543,6
1109760,4
1046039,5
1142149,4
1124303,6
1107060,6
1293452,4
1226159,6
1142830,5
1016402,5
1066461,4
1092559,5
1085792,6
1011570,6
1256074,3
1142634,5
1075218,4
1087974,3
1043569,4
1277025,3
1208259,6
1128569,5
1078836,4
1137943,4
1125986,6
1201597,4
1251143,6
1018767,6
1054975,5
1314826,6
1226445,4
1212029,1
1159585,3
1248273,3
1080433,3
1065593,6
1223875,6
1027863,4
1126995,6
1041961,3
1020976,1
1198383,3
1131143,5
1077174,3
1236227,6
1266819,6
1059065,6
1117782,6
1213401,1
1154573,3
1179466,1
1036382,1
1320259,1
1216643,4
1188551,4
1298923,4
1288224,3
1032444,3
1071837,3
1080587,3
1057943,3
1036477,3
1249597,3
1177304,5
1063770,4
1259110,5
1012647,4
1055305,3
1004100,5
1074468,4
1050427,6
1324738,5
1156103,3
1008436,6
1170222,6
1095832,3
1017281,1
1142668,5
1101086,3
1086981,4
1226055,6
1261783,3
1235083,5
1271664,4
1304700,6
1249544,5
1172439,1
1066929,5
1157171,3
1114816,3
1121552,6
1150230,6
1015690,4
1030093,3
1268604,6
1221318,4
1093060,3
1180796,4
1239617,1
1156707,3
1082397,4
1290804,2
1255266,4
1176807,4
1079287,4
1136965,6
1005146,6
1171609,6
1232412,5
1212778,1
1161837,3
1132177,4
1164723,6
1118508,3
1123319,3
1019584,4
1118248,4
1082258,1
1267782,6
1242731,3
1291016,5
1105759,6
1287637,5
1238193,4
1041037,5
1273292,3
1315108,6
1114202,5
1040166,6
1210907,6
1104270,5
1157359,1
1228999,5
1107770,6
1183662,5
1027681,5
1038261,4
1322750,5
1301654,4
1240195,4
1060814,5
1079540,6
1007749,1
1172377,2
1167279,6
1147563,5
1309273,5
1168799,4
1038878,6
1237844,6
1167155,4
1000744,6
1101001,1
1256301,6
1151757,3
1239030,6
1101152,5
1238943,6
1261904,4
1284643,6
1167918,6
1061816,6
1276678,1
1130872,4
1023729,3
1149381,4
1139911,6
1294953,6
1179259,3
1049158,4
1169111,5
1016304,3
1197129,5
1081843,4
1246089,6
1037129,3
1161142,4
1077018,3
1028402,3
1144511,4
1300873,6
1253674,1
1238916,5
1217476,3
1166690,1
1061531,1
1122085,1
1029605,6
1089142,4
1302481,6
1307213,1
1026715,5
1031214,5
1299895,3
1228855,6
1138956,3
1268346,5
1005604,2
1128290,6
1229426,3
1101774,3
1067685,4
1085654,1
1156482,3
1203383,6
1218807,5
1011061,4
1121915,6
1029649,3
1126494,4
1319186,4
1123534,1
1003268,6
1107978,5
1160257,6
1041205,6
1234763,5
1056766,6
1199090,1
1194699,6
1323668,6
1086886,6
1063458,3
1039749,5
1308545,4
1317315,6
1160997,5
1004519,4
1272255,1
1298981,4
1303092,3
1128472,1
1212338,1
1268021,6
1034805,3
1174514,3
1261150,4
1153811,4
1303483,5
1282215,3
1064049,6
1142463,3
1248697,3
1022761,3
1110838,4
1033155,6
1260645,3
1268666,4
1265907,4
1000086,4
1039740,5
1214673,2
1057353,3
1227367,3
1091879,4
1071593,6
1053791,3
1217586,3
1109819,6
1140151,6
1020666,3
1307003,4
1082209,1
1037135,4
1174707,5
1273086,5
1116437,5
1247520,6
1032570,5
1198306,4
1069885,4
1074439,3
1319562,5
1214664,5
1316244,1
1023075,5
1236503,4
1293572,6
1221578,3
1136276,3
1089575,3
1244740,3
1252000,6
1035059,3
1025064,4
1260979,3
1169777,3
1215046,6
1038403,3
1285535,6
1013199,4
1310721,6
1229179,3
1091122,4
1114253,5
1029696,5
1313544,3
1095260,4
1314775,5
1046577,3
1032016,6
1276840,4
1278484,4
1214516,5
1198680,3
1165611,6
1195252,6
1059692,4
1216290,1
1138179,4
1106743,6
1011018,1
1195664,5
1274294,4
1030193,6
1165411,5
1221414,6
1088444,4
1227756,1
1044734,3
1107578,3
1045659,3
1001860,5
1108405,4
1194684,6
1250630,5
1114027,5
1002351,5
1041343,1
1093061,4
1311468,4
1315386,3
1249089,3
1120502,3
1158707,3
1185144,3
1068416,3
1256987,6
1189975,1
1009241,3
1091357,3
1273877,4
1033969,1
1067171,6
1064923,5
1201519,6
1061716,3
1272830,1
1204539,6
1127967,3
1186517,6
1264114,5
1120984,4
1288569,3
1218803,4
1120759,1
1294406,1
1057913,4
1231434,3
1102275,6
1001707,4
1158461,6
1266078,4
1234046,6
1111036,4
1257429,3
1088382,5
1262554,4
1261178,6
1160074,6
1170495,3
1311697,4
1195450,5
1264886,3
1219354,7
1029692,5
1009412,1
1086481,4
1079773,6
1111272,4
1020780,3
1159707,5
1014453,6
1121479,1
1302721,6
1247855,3
1048965,6
1062150,3
1030174,1
1282218,3
1298848,3
1172997,1
1099252,2
1164455,4
1322385,2
1136120,4
1146630,2
1246094,4
1124206,5
1139707,4
1182974,3
1038463,4
1219165,3
1202807,3
1275078,4
1136251,6
1113361,4
1297567,6
1259341,4
1131773,6
1245626,4
1110127,4
1311504,4
1143393,4
1308561,3
1126001,1
1169833,4
1000974,3
1168479,1
1167753,1
1089887,1
1061394,4
1039572,4
1206411,4
1096832,3
1034254,5
1204407,6
1297073,4
1046487,3
1195464,6
1170175,4
1273744,5
1247578,1
1230334,3
1319008,3
1070630,5
1249092,4
1181165,4
1139534,4
1238601,1
1062446,3
1041210,3
1278977,5
1066151,3
1252228,5
1042383,1
1112835,1
1258873,5
1080794,4
1178632,4
1077213,4
1101300,4
1165430,3
1263412,5
1097668,3
1058530,3
1172035,1
1164400,4
1173742,2
1158747,1
1096750,1
1227128,6
1218264,6
1215364,5
1049879,3
1034925,4
1011046,5
1042588,5
1211789,3
1047608,4
1178728,4
1298805,5
1240806,3
1034654,3
1317797,3
1261820,6
1248391,4
1253667,6
1009318,4
1171428,4
1174475,6
1300011,1
1016118,5
1006733,6
1175723,3
1214234,3
1045672,4
1270451,3
1015511,3
1052635,3
1160115,4
1132151,4
1150413,6
1000700,5
1155263,4
1283777,1
1319127,4
1216014,5
1207094,6
1149888,6
1113289,6
1087149,6
1209224,6
1200862,4
1317137,3
1210825,4
1108504,6
1162184,4
1213163,3
1253115,6
1186523,3
1150621,6
1013994,4
1266359,3
1018373,3
1098894,5
1116700,4
1300610,3
1252321,3
1318396,6
1093105,6
1250989,5
1237679,3
1142779,3
1041190,6
1271190,4
1304230,5
1089094,1
1039313,6
1132656,3
1179444,6
1198371,3
1062192,6
1299003,4
1119185,4
1178444,6
1066398,6
1074387,3
1254993,1
1321144,5
1010847,3
1116667,5
1280939,3
1097748,1
1107906,3
1232686,6
1032891,1
1152333,1
1123856,3
1263693,4
1080398,3
1011569,5
1037320,5
1079757,3
1137019,4
1098506,3
1148427,4
1197097,3
1199982,4
1110023,6
1062732,3
1151452,3
1014369,5
1320118,3
1178147,5
1176114,1
1292807,5
1258482,5
1045921,3
1180114,4
1223095,5
1040504,4
1224561,1
1153011,5
1180843,6
1201011,4
1078806,1
1158286,3
1216750,1
1144366,6
1001822,6
1048041,4
1142665,3
1323507,5
1293404,4
1288200,4
1204873,1
1102107,4
1088289,6
1228223,4
1168105,6
1251590,3
1100267,4
1042662,6
1299730,1
1299831,6
1315883,1
1268853,5
1023176,6
1022629,1
1180340,4
1264001,3
1285752,6
1314852,4
1150618,3
1127100,3
1134533,6
1273458,4
1231205,5
1263252,6
1229313,1
1254953,3
1089385,3
1249885,6
1152739,3
1110098,6
1279549,1
1035435,3
1090970,5
1159547,5
1058917,2
1071643,5
1064359,6
1202931,5
1176313,6
1010149,4
1176493,1
1118245,3
1049920,4
1228410,6
1228662,1
1090356,5
1076977,6
1321072,5
1090963,6
1213591,6
1214083,5
1210267,3
1295633,4
1204061,5
1284269,1
1311628,3
1294311,6
1075969,5
1306548,1
1125096,5
1113313,4
1221862,4
1092230,6
1013131,4
1092726,5
1093592,3
1183321,4
1009076,6
1084333,4
1014417,4
1217262,4
1192945,4
1227124,1
1079974,4
1266350,3
1054409,4
1119281,5
1009764,6
1109470,3
1266046,3
1218829,4
1014048,5
1179131,1
1301372,4
1119285,4
1044638,5
1078693,4
1316620,4
1172093,3
1129270,3
1190519,4
1295439,4
1296054,3
1214879,4
1319796,3
1148030,4
1240191,4
1239847,5
1166767,4
1275330,4
1209206,6
1279505,6
1183433,6
1296164,6
1249672,1
1068468,3
1298410,1
1298962,3
1161593,1
1100177,4
1097945,1
1039954,6
1019850,3
1178756,4
1290398,5
1322606,5
1182337,3
1032537,3
1253170,5
1127215,3
1308359,1
1083005,6
1149122,5
1188085,5
1036306,6
1098212,6
1257682,6
1241938,3
1126294,5
1055997,4
1045885,3
1317942,6
1205221,6
1171888,3
1229124,4
1203508,4
1026468,6
1053900,3
1166699,1
1278771,6
1107427,5
1259175,3
1109203,6
1094403,4
1159486,6
1183396,1
1223638,3
1029891,4
1048021,4
1221628,4
1121321,4
1071184,4
1319010,6
1066979,6
1012882,5
1093123,4
1096314,1
1241852,6
1214535,6
1039772,1
1228530,6
1205824,5
1269378,6
1251161,1
1314158,4
1151939,6
1098954,4
1071530,5
1224423,3
1050950,7
1319340,1
1173448,4
1300198,3
1135293,3
1310470,3
1296569,3
1298889,3
1151551,3
1209297,3
1080645,4
1270820,3
1292474,5
1317365,6
1106312,3
1212772,3
1102945,3
1200021,5
1179846,3
1213484,5
1230047,4
1016890,6
1209044,3
1051536,3
1091490,7
1038307,3
1041510,4
1149835,6
1256411,4
1072414,3
1298687,6
1007689,5
1304406,5
1180301,4
1241677,6
1091058,3
1312076,5
1066743,4
1074118,4
1152196,6
1291094,5
1085796,3
1191299,6
1270848,6
1069263,3
1095947,3
1119036,6
1138371,5
1311515,3
1212567,3
1214896,6
1085577,5
1306576,1
1122012,4
1233097,6
1157093,6
1262777,4
1168070,4
1007497,4
1270996,3
1012743,6
1166319,3
1065950,3
1015701,5
1154473,6
1119821,3
1030437,3
1276705,5
1226728,4
1278301,1
1115377,3
1150898,6
1215723,6
1032550,2
1096312,2
1136232,2
1018997,4
1080592,3
1091035,3
1290245,3
1004026,6
1178591,3
1182399,4
1163104,5
1248001,6
1091465,6
1083384,1
1273407,6
1223379,4
1186503,6
1008569,1
1189288,4
1117478,4
1284886,5
1073053,3
1298665,4
1257802,6
1068818,4
1155950,4
1265435,3
1014467,6
1209183,4
1180681,3
1258897,6
1051642,1
1257248,4
1146357,1
1129603,6
1264111,6
1144601,6
1131695,5
1096369,4
1053654,3
1000262,3
1103490,3
1029558,1
1194841,3
1320632,5
1097130,6
1112754,4
1249400,1
1268968,5
1236896,3
1026618,5
1310036,1
1010956,6
1247809,6
1229252,6
1083754,6
1087982,6
1199276,5
1239825,3
1016732,4
1153348,5
1098002,3
1135447,5
1054373,6
1256943,5
1061370,4
1312674,3
1068177,6
1131406,5
1064434,6
1269442,6
1264217,5
1146859,5
1052413,6
1182336,1
1179162,6
1261997,5
1248789,1
1126230,1
1032981,6
1248778,4
1281765,4
1114272,5
1067654,4
1202072,6
1120273,7
1215684,1
1204331,6
1111776,1
1303448,4
1217749,6
1118047,3
1272166,6
1024845,4
1063829,4
1126299,5
1270269,3
1313747,3
1183539,1
1079621,3
1194594,3
1323898,4
1092926,4
1128296,5
1104228,4
1242494,6
1018107,4
1218910,3
1163834,5
1149011,4
1051306,4
1283742,4
1010161,4
1009750,5
1021467,4
1143074,6
1190127,5
1178365,1
1321714,6
1262113,5
1180088,1
1212639,4
1069748,6
1271984,3
1147469,3
1082516,4
1185671,5
1042828,6
1013474,6
1237965,1
1236919,5
1276836,1
1297035,5
1181337,4
1258853,3
1176106,5
1235786,3
1066094,4
1135646,3
1211212,3
1187881,4
1120888,2
1211859,1
1155740,5
1000202,6
1052286,6
1156516,5
1238016,6
1056574,4
1168055,5
1168478,6
1272603,4
1192366,5
1025496,5
1092834,5
1019358,3
1296717,3
1157846,6
1126605,3
1010711,3
1315378,1
1229357,1
1109878,6
1074343,5
1027635,6
1006567,6
1141024,3
1291239,6
1196622,6
1226855,6
1157187,3
1163605,6
1006958,3
1006998,3
1160593,3
1312650,3
1284321,1
1247574,5
1109631,6
1002414,5
1102942,6
1067960,4
1098333,1
1191647,4
1226332,4
1238547,1
1120692,3
1133192,4
1088128,5
1021104,4
1049409,3
1067283,4
1086879,1
1250372,4
1069418,5
1201639,4
1225285,1
1179866,3
1012605,4
1042804,4
1121474,4
1191325,1
1074728,1
1043539,4
1162865,3
1197512,3
1044422,6
1256471,1
1265473,4
1321935,6
1030229,3
1272322,4
1215383,6
1092506,2
1200075,4
1051354,4
1134999,6
1196009,3
1260824,6
1257565,4
1226767,5
1012953,6
1122913,3
1236863,6
1225031,6
1228145,3
1156139,6
1080228,3
1297276,5
1028066,5
1142220,3
1230517,3
1289748,5
1273585,6
1032225,3
1106843,4
1185486,1
1001434,4
1180091,4
1126798,1
1110143,6
1080532,5
1267910,1
1023695,3
1094479,6
1173999,6
1159706,3
1094091,4
1260560,6
1150293,4
1292472,4
1281592,3
1135413,3
1249084,6
1212167,4
1320983,4
1268788,4
1159462,1
1199528,6
1081016,3
1138503,6
1113844,3
1053013,3
1279152,4
1283025,3
1173094,5
1188518,6
1313313,3
1124329,4
1249555,4
1190770,5
1005608,3
1066785,6
1274746,5
1162785,4
1128920,6
1170625,6
1245218,6
1112165,6
1214702,6
1248892,3
1161007,4
1225405,6
1030399,5
1065726,3
1236122,3
1154148,7
1013184,4
1086358,6
1017927,3
1199473,6
1143901,3
1024361,4
1170291,4
1200819,5
1013846,5
1185057,4
1085159,3
1188349,1
1103131,1
1076224,3
1001444,4
1069442,4
1071498,5
1192940,1
1194821,4
1150458,4
1243618,6
1026590,5
1096267,1
1017633,4
1050668,1
1154529,4
1036250,1
1083956,4
1109557,3
1110334,5
1257042,1
1062542,4
1184760,6
1299490,5
1217046,6
1085135,5
1280691,6
1295997,1
1200939,3
1134206,3
1111682,6
1150584,6
1223644,4
1117154,4
1250693,4
1172431,4
1295862,4
1152896,6
1167458,5
1222577,5
1320312,6
1261955,1
1198655,4
1135279,5
1172322,3
1261944,3
1184279,5
1232889,1
1031906,3
1037918,5
1292052,3
1273850,6
1179240,3
1227341,4
1024274,4
1150319,4
1307181,6
1249056,3
1098796,6
1204556,4
1228883,1
1070796,6
1176735,4
1218514,3
1253409,6
1206887,5
1199263,6
1315615,3
1111250,1
1290453,4
1179399,3
1102380,3
1241117,1
1289140,3
1163711,5
1001260,1
1082381,6
1096007,6
1210992,3
1151935,5
1273898,5
1310389,4
1049328,5
1027825,3
1080838,5
1136131,4
1241097,6
1312215,3
1242753,4
1262901,6
1026861,3
1028519,3
1036265,4
1232388,5
1146457,6
1030815,6
1241348,6
1031354,1
1067093,6
1183365,4
1257583,5
1131637,4
1245715,3
1306593,6
1143244,6
1015382,6
1034496,4
1247224,1
1115394,3
1065823,4
1199002,1
1267218,5
1070763,3
1136779,6
1265766,6
1070344,5
1115336,6
1063867,3
1045146,5
1038160,1
1081418,5
1284809,3
1110038,1
1232865,1
1304947,4
1218050,5
1178930,4
1012448,5
1116282,6
1140125,4
1152391,4
1274182,6
1105412,6
1303466,6
1111028,6
1234891,3
1274316,6
1224281,3
1109281,1
1141537,3
1008218,5
1312707,6
1060182,3
1307077,4
1268958,4
1138118,4
1222397,6
1117790,6
1270201,3
1290075,3
1089190,1
1219030,6
1240147,6
1057638,6
1169969,5
1277309,3
1231468,4
1305948,6
1181831,4
1085088,1
1099569,7
1301936,4
1123492,6
1135380,4
1168276,3
1097788,3
1135116,5
1079840,3
1055747,6
1126806,6
1280753,6
1259482,4
1125454,3
1090514,5
1173694,6
1015424,6
1214331,6
1129281,6
1010746,4
1194909,1
1126986,4
1072978,7
1142663,1
1077319,3
1048553,6
1105697,3
1164778,3
1167418,1
1184273,3
1292818,3
1147586,4
1074463,6
1089756,2
1135006,1
1139458,6
1216047,6
1137707,4
1101053,3
1300412,4
1301206,6
1179859,3
1258650,4
1278412,3
1156571,3
1324635,1
1005325,4
1013590,1
1097334,6
1197965,1
1079269,3
1101125,1
1068571,6
1142897,6
1033573,4
1324625,5
1156579,1
1295436,6
1266728,5
1083952,6
1212650,6
1221394,2
1150981,3
1036706,3
1056346,6
1306828,6
1079611,4
1186134,6
1211429,3
1008167,1
1197838,5
1053022,3
1079063,3
1021683,4
1229601,6
1116106,3
1176622,3
1229425,5
1026740,6
1227063,6
1268203,6
1261619,3
1239465,5
1311801,5
1026506,6
1221686,5
1059941,6
1075756,5
1014125,4
1153418,6
1121158,3
1048343,4
1311694,1
1125442,4
1089577,6
1248873,5
1256601,5
1299554,6
1111892,5
1216314,3
1203654,3
1198651,1
1266187,4
1310776,6
1125759,6
1054671,6
1041511,5
1142441,6
1045120,5
1022214,6
1166867,6
1312162,6
1269022,4
1146858,6
1264987,6
1010246,3
1038650,6
1097247,4
1146990,7
1056349,4
1291875,4
1101796,3
1093695,3
1268833,4
1211523,6
1073013,6
1255125,3
1264891,6
1172243,1
1144154,5
1322431,4
1313903,5
1290838,5
1210918,5
1059768,4
1192286,4
1286541,5
1020105,4
1124091,6
1289547,5
1038159,1
1250199,6
1204936,3
1108711,6
1006325,4
1077089,3
1054949,3
1287399,5
1250658,3
1196480,1
1186439,4
1200478,4
1064265,1
1239579,3
1323560,6
1174884,3
1101703,3
1186865,5
1206421,3
1125883,1
1183625,1
1054190,1
1215062,1
1001004,5
1261686,3
1242289,6
1026386,3
1210778,6
1211758,3
1257080,1
1182239,5
1032532,6
1106042,5
1106097,5
1115291,3
1216554,3
1136021,5
1263624,6
1131974,1
1259738,4
1047884,1
1051161,5
1011599,5
1275832,6
1160462,3
1030964,6
1088648,3
1267804,5
1131686,4
1279948,6
1023680,4
1093650,1
1102641,3
1091019,5
1243943,3
1322990,6
1048994,4
1299226,6
1085293,6
1120878,6
1142355,3
1203111,4
1193733,3
1175535,6
1026350,3
1154436,3
1228493,3
1243735,4
1074445,3
1287522,5
1083968,6
1237363,6
1296444,6
1032754,3
1254863,4
1193911,5
1305150,4
1218934,6
1197496,1
1311246,1
1202944,2
1002480,3
1037891,1
1226918,4
1165187,5
1072688,4
1224558,3
1317071,4
1114075,3
1190219,5
1045193,3
1170164,3
1247176,5
1200255,4
1269306,1
1283141,6
1107848,5
1288767,4
1309885,2
1294745,5
1035899,4
1301775,4
1046304,3
1047853,2
1160970,3
1060288,4
1152305,3
1186760,6
1038716,6
1160637,6
1241300,3
1293935,6
1110533,4
1236829,6
1020407,5
1029761,5
1294970,6
1079590,6
1037949,1
1099364,7
1034169,3
1227545,5
1288721,6
1293880,4
1077591,6
1245303,4
1221944,6
1307522,5
1098888,6
1025163,3
1223531,4
1119437,5
1230343,6
1320109,3
1150822,1
1121266,5
1081447,3
1044146,3
1223672,5
1195737,5
1181479,3
1216668,6
1218156,3
1137799,6
1017472,1
1075450,4
1152130,3
1134807,6
1245521,3
1004684,3
1017873,6
1067640,4
1104881,6
1247251,4
1090234,6
1050786,1
1107566,4
1032592,4
1309976,3
1008186,1
1162612,4
1087499,5
1304985,1
1321655,2
1288448,6
1292450,3
1143868,3
1039085,6
1100322,4
1067655,3
1033549,4
1108061,4
1134620,1
1047463,3
1252808,6
1170804,5
1014352,3
1136313,3
1041065,2
1269602,5
1084318,4
1090575,5
1061848,6
1103578,6
1266242,5
1046059,2
1187165,5
1065631,4
1094493,6
1320804,4
1237404,4
1297922,4
1092816,5
1318263,3
1098336,5
1169680,6
1298493,1
1119780,1
1120173,5
1265249,5
1064929,6
1072248,4
1087310,4
1246425,6
1096143,2
1089406,1
1222253,4
1066525,5
1102403,3
1134046,4
1187864,1
1249044,6
1295269,5
1063546,3
1063490,1
1077606,6
1167013,6
1194617,5
1113235,4
1091819,6
1039324,4
1151607,6
1306372,1
1004237,4
1212236,6
1152368,5
1025341,2
1046373,5
1042821,3
1250935,3
1120898,5
1223558,6
1019657,6
1141792,6
1214238,5
1203028,1
1190479,6
1127843,4
1129370,6
1098572,1
1006455,4
1248442,5
1169825,6
1005502,4
1118286,4
1306157,5
1094158,3
1079178,6
1117618,6
1116018,6
1150145,1
1306362,3
1112486,3
1047182,3
1192399,4
1154410,4
1059569,5
1239562,6
1257052,1
1045591,5
1234024,5
1116010,3
1097975,5
1083618,2
1051537,4
1113427,6
1296662,1
1189072,4
1204310,3
1001673,1
1108279,6
1046530,6
1219106,6
1274506,5
1016396,5
1215650,6
1154929,3
1055427,1
1135971,3
1183083,5
1246589,6
1216341,1
1030999,3
1118237,6
1079950,3
1017388,5
1320504,3
1301044,1
1113546,6
1290747,3
1005280,6
1009351,4
1294066,3
1145690,2
1215437,4
1158739,3
1255294,6
1086895,5
1081984,6
1227037,5
1255834,1
1139210,5
1220621,3
1201860,3
1064099,3
1243023,5
1292949,4
1175934,3
1036638,5
1310104,6
1066101,3
1314931,6
1255674,6
1322099,5
1123606,6
1260230,2
1087210,5
1021593,5
1173271,1
1114286,3
1071422,6
1075489,6
1183366,4
1150252,6
1050440,3
1263774,1
1085756,6
1117967,3
1163326,1
1078016,4
1153524,1
1151605,3
1092318,5
1016172,5
1272313,3
1211561,4
1250706,3
1156065,4
1116122,5
1214049,6
1018505,6
1067873,4
1129217,6
1261353,3
1262312,6
1055680,3
1006546,6
1028916,4
1318503,6
1279949,1
1041335,6
1070614,1
1003882,4
1110151,3
1303029,5
1086731,3
1013532,4
1011559,4
1054945,3
1137087,3
1197446,4
1123560,4
1239495,6
1164709,6
1238608,3
1218664,4
1030407,4
1163172,3
1310441,3
1171597,6
1025022,4
1211184,3
1075306,6
1073780,6
1149710,3
1022917,4
1183447,1
1073539,3
1222915,6
1182529,6
1009459,6
1310341,3
1010887,6
1284712,6
1227485,6
1218162,3
1317067,3
1227172,4
1218786,3
1040419,4
1141083,6
1014428,3
1121908,4
1135802,6
1210860,6
1144297,2
1031651,4
1061321,6
1114036,3
1241156,6
1008192,3
1257006,5
1314536,6
1230358,5
1088099,6
1253176,5
1234235,3
1058939,5
1001837,4
1261422,6
1163367,6
1204957,3
1260079,3
1102008,1
1159249,5
1147202,4
1323695,3
1177420,6
1305151,4
1060594,4
1176549,3
1228556,5
1224940,3
1091979,6
1040788,6
1177982,4
1262704,6
1216480,1
1257652,4
1054540,5
1099796,4
1316821,3
1243454,4
1247093,1
1269089,4
1147504,1
1091992,3
1207192,6
1077136,1
1207637,3
1223854,5
1118593,6
1100730,1
1273820,3
1179884,6
1296801,3
1228041,4
1195845,3
1198683,3
1164918,6
1287498,1
1020086,6
1138267,1
1142489,4
1020990,1
1006043,6
1166249,3
1126953,6
1236527,6
1251649,4
1064990,6
1114990,4
1034750,4
1296995,6
1252687,6
1203907,3
1147401,3
1273729,3
1206093,3
1089775,1
1203379,5
1210127,5
1138014,6
1183014,4
1033189,6
1077143,3
1003061,6
1216810,1
1137474,6
1285622,6
1164677,3
1268569,3
1095543,6
1210586,5
1269140,5
1154654,5
1236110,3
1161675,5
1071320,1
1151831,5
1281032,3
1246580,4
1016503,3
1215411,1
1182063,3
1017534,1
1217507,4
1048100,3
1280895,6
1159283,4
1128011,6
1244857,7
1174200,5
1071194,3
1285993,4
1176081,3
1321657,3
1167560,4
1319306,4
1222996,3
1157791,4
1040482,1
1077501,4
1297900,1
1284373,5
1126150,1
1286250,6
1317028,4
1019737,2
1022265,6
1181835,3
1259176,3
1086527,4
1084114,4
1312103,3
1026566,4
1260578,6
1276102,4
1036366,5
1080335,6
1039516,6
1248502,5
1247808,6
1188658,6
1235480,4
1095193,2
1101897,4
1235812,3
1043685,5
1289765,6
1180256,4
1165675,3
1029075,5
1110861,3
1087271,3
1167390,4
1056403,6
1180023,6
1143165,6
1056549,5
1266122,6
1034669,4
1279617,6
1294968,6
1280922,2
1012142,6
1135237,1
1136058,6
1038854,5
1160738,5
1229189,6
1196503,3
1052282,5
1053425,3
1154756,5
1188907,6
1275919,5
1182325,5
1170458,3
1103450,4
1257951,6
1042635,5
1210322,4
1083880,3
1239209,4
1170724,6
1294791,6
1115921,5
1236196,3
1308875,6
1133956,4
1011677,4
1178167,6
1144583,6
1035620,6
1103271,6
1034828,3
1116714,4
1064394,3
1135703,5
1298880,1
1238920,4
1002463,4
1253406,4
1031821,1
1110166,3
1081397,7
1029530,4
1200738,6
1193725,6
1217762,4
1167658,1
1004955,6
1308562,4
1177988,3
1108956,6
1222534,1
1142442,6
1182591,3
1024885,4
1245788,4
1307088,3
1097307,7
1142223,4
1096670,6
1043062,5
1275944,4
1317304,4
1194731,5
1194010,6
1210047,4
1317647,6
1008937,3
1151425,4
1276799,1
1271548,1
1293644,6
1038884,3
1162604,6
1285064,3
1309564,6
1182130,3
1062161,5
1291862,6
1123494,6
1306497,5
1106350,4
1250686,5
1053719,6
1021068,5
1054552,3
1254342,4
1008382,6
1114358,4
1241752,6
1051912,4
1121969,6
1052349,3
1105736,4
1045309,3
1273908,7
1268396,1
1214389,4
1044622,4
1121730,3
1144245,3
1259548,5
1286942,5
1025058,6
1010295,3
1187563,1
1123435,3
1065694,4
1108894,1
1125868,5
1225511,6
1016116,5
1206842,5
1037300,4
1220462,4
1147141,3
1306503,3
1082411,4
1223697,2
1136769,4
1107818,6
1162496,6
1008090,2
1124052,3
1282709,4
1038377,6
1168283,6
1107464,3
1097111,4
1322224,4
1017533,3
1234829,4
1262243,4
1016835,3
1006639,4
1143763,3
1103553,6
1141035,1
1060888,4
1315975,6
1106789,4
1084463,4
1301355,6
1233372,3
1177109,4
1127518,1
1042918,4
1190664,5
1300548,4
1183869,1
1143362,1
1027148,6
1183932,5
1270221,4
1279838,4
1117045,1
1172094,5
1270218,6
1243623,4
1267510,5
1099630,5
1165908,3
1296367,6
1232213,6
1179436,5
1156147,6
1195111,4
1284319,6
1184694,6
1237590,4
1019223,6
1028764,5
1036417,3
1136061,6
1155650,4
1278794,3
1015627,5
1202806,1
1128876,6
1309319,6
1047934,1
1292766,1
1280019,1
1287103,6
1218715,4
1138647,6
1050784,3
1079802,1
1203305,4
1064103,6
1194918,5
1305731,5
1214680,6
1027741,2
1045989,4
1246162,4
1222896,3
1001372,4
1100836,6
1164579,5
1012419,5
1120825,6
1011795,1
1270502,1
1156036,6
1274970,5
1088256,6
1007777,5
1301120,4
1254211,1
1217753,3
1076403,6
1272023,3
1224928,1
1140926,4
1064135,6
1093612,4
1286830,4
1076675,6
1305991,5
1268775,3
1062445,5
1320019,6
1068216,1
1128765,5
1218404,5
1259308,5
1321639,6
1277791,6
1080965,4
1120093,4
1225845,3
1084935,5
1152709,6
1113097,6
1157780,6
1260029,1
1027959,3
1303115,5
1254458,1
1107558,6
1180925,6
1246406,6
1143765,6
1270231,4
1191600,3
1149369,3
1271854,3
1240612,1
1182211,4
1102058,5
1092456,5
1146756,4
1317910,4
1292267,5
1299763,1
1204978,5
1211995,1
1087877,2
1234885,5
1269754,1
1070020,4
1183787,6
1286648,7
1054832,1
1125743,5
1169786,5
1018650,5
1279647,7
1180980,6
1169286,6
1045174,3
1184369,3
1076794,3
1171952,6
1261105,4
1174207,3
1153938,6
1219871,6
1120184,3
1212875,3
1132904,4
1162729,3
1113540,3
1279093,4
1056991,4
1244204,3
1268320,1
1201347,4
1103356,5
1100890,3
1062876,6
1274859,3
1300980,1
1160881,3
1293147,6
1198809,5
1115100,6
1014882,3
1075764,3
1136205,4
1183349,4
1213932,6
1034890,4
1276048,1
1111668,4
1131110,6
1074344,1
1171443,1
1103397,3
1266970,5
1013223,4
1281799,3
1091549,6
1038975,6
1031086,1
1054228,4
1267857,4
1304602,3
1121340,6
1211777,1
1142210,1
1315058,1
1090293,3
1184301,3
1100981,4
1323675,6
1095129,3
1298236,6
1248223,1
1293759,3
1230689,1
1231887,5
1063793,3
1035255,6
1007474,3
1242711,1
1191148,6
1139332,3
1195860,6
1236992,5
1264236,2
1223192,6
1135552,4
1085388,6
1165584,4
1236470,4
1120742,6
1086193,6
1286118,4
1258639,6
1090108,3
1299787,4
1297654,4
1292144,4
1212403,3
1295665,6
1271972,3
1070392,5
1052821,6
1238383,6
1149200,4
1087319,3
1020009,3
1063650,5
1033133,1
1028797,6
1257023,4
1119770,3
1280962,1
1122344,3
1057059,6
1076339,3
1027337,4
1268376,4
1126496,1
1192966,4
1128932,4
1226742,3
1253809,4
1068328,5
1055500,4
1182362,6
1206143,3
1207292,6
1070006,1
1066137,6
1134575,5
1134598,4
1106922,1
1013429,6
1202990,1
1250834,4
1121310,4
1282886,5
1235830,5
1322682,6
1123953,1
1204818,1
1214021,4
1054399,5
1256041,6
1319530,6
1056721,6
1187521,1
1049821,5
1191758,6
1113105,4
1218795,3
1088429,6
1140352,6
1159264,6
1299735,6
1220313,5
1105633,6
1166368,5
1144514,3
1239920,3
1016264,3
1145493,6
1095229,3
1187252,3
1140570,5
1316236,5
1221184,6
1246046,6
1021863,3
1106805,5
1107513,1
1026854,3
1225813,5
1175126,3
1004212,3
1012017,4
1196864,3
1204241,4
1149804,4
1190194,4
1118184,6
1241288,1
1273171,6
1277037,3
1224835,3
1128988,4
1050345,6
1208106,4
1011900,1
1020934,1
1209511,4
1121918,4
1200778,4
1303445,3
1279799,6
1041152,3
1135901,4
1072190,6
1242756,4
1110174,6
1126664,6
1305467,4
1057927,6
1109147,6
1057173,5
1073194,5
1243887,1
1020763,3
1089111,5
1116263,4
1196591,1
1091557,3
1267924,5
1272487,5
1130337,3
1014759,5
1319689,3
1160284,6
1117856,5
1047292,1
1099288,4
1270936,6
1046088,1
1077517,6
1207678,4
1048897,3
1285421,3
1167024,6
1075162,3
1271556,6
1017248,1
1061997,4
1255340,1
1112381,4
1211925,1
1045484,5
1037319,4
1258684,3
1037514,1
1284510,6
1015886,4
1260586,3
1172194,1
1022436,4
1071941,4
1055942,3
1178005,4
1030266,3
1318092,4
1286268,4
1123601,3
1217721,5
1222625,3
1080680,3
1232060,3
1197048,3
1082913,5
1134021,1
1323435,3
1293503,5
1250698,5
1217573,6
1074202,6
1214366,5
1112746,3
1280367,5
1238227,5
1237263,1
1217153,1
1223204,5
1005407,6
1000036,6
1109266,6
1294822,6
1134368,4
1050662,1
1171093,4
1082744,5
1278218,3
1207796,3
1137348,4
1008014,3
1145631,5
1118564,6
1252222,6
1317870,5
1173495,6
1253824,6
1045027,6
1050832,1
1064014,6
1254164,1
1269533,4
1091437,5
1276164,5
1072695,4
1268635,6
1159521,5
1070520,6
1309932,6
1252087,6
1139814,3
1201832,4
1176709,4
1301651,4
1126849,5
1308924,1
1263796,5
1301939,6
1074114,3
1054457,1
1296816,5
1097484,3
1013038,6
1037162,4
1192892,6
1298828,1
1045587,6
1041737,6
1284411,4
1061371,3
1148742,1
1223433,6
1275701,4
1244513,6
1176415,1
1223180,1
1167302,3
1066105,5
1212940,5
1265307,4
1210220,3
1250100,4
1003893,3
1049384,4
1291872,3
1270754,6
1264970,4
1186612,1
1237652,3
1107297,3
1188027,3
1095969,6
1131938,5
1034757,6
1229502,6
1283655,1
1104476,5
1123468,4
1212930,6
1209579,6
1237964,5
1218477,6
1144222,6
1267912,6
1099522,4
1135153,4
1212871,1
1224227,3
1075291,4
1186579,6
1158412,1
1311000,1
1138189,3
1147775,4
1219493,5
1124898,3
1175503,1
1295188,4
1127175,3
1013811,4
1143450,5
1115005,4
1042309,6
1286108,3
1074575,4
1177006,5
1169356,6
1215420,4
1144810,1
1111873,4
1293035,3
1294259,4
1296150,6
1282223,5
1305554,1
1229560,6
1130393,4
1160269,1
1075059,5
1120538,5
1309609,6
1067800,3
1013338,1
1086715,3
1314147,4
1181204,6
1253356,1
1061912,3
1290252,6
1161591,3
1177996,4
1181390,4
1227886,1
1194348,3
1246191,6
1247856,3
1082395,6
1251910,5
1045935,3
1064828,6
1117470,5
1176655,6
1040096,3
1009729,1
1291836,4
1051063,6
1025863,4
1320496,3
1189661,1
1172097,3
1212550,1
1284550,5
1235193,6
1212816,3
1054003,6
1008131,4
1136687,4
1260355,6
1231711,3
1314431,5
1025926,3
1269992,1
1134415,6
1252958,4
1231842,3
1066145,3
1143148,5
1117580,6
1267394,1
1230599,6
1054467,1
1262917,6
1255753,5
1323345,3
1010068,1
1203672,4
1312507,6
1296767,4
1130676,4
1120338,5
1155326,3
1023819,2
1302374,3
1317018,4
1321617,6
1301602,4
1201997,1
1298480,4
1103264,6
1050702,3
1172740,6
1263936,6
1185993,4
1092620,2
1259660,3
1279677,6
1243798,3
1099914,4
1299936,3
1207590,6
1201140,6
1245870,6
1188221,3
1028337,1
1298682,6
1301830,1
1057125,4
1199736,3
1047395,6
1282335,4
1070224,6
1112673,4
1200924,6
1296231,3
1177312,4
1085373,6
1152645,1
1187299,1
1136190,3
1216858,6
1154303,3
1262141,4
1205741,3
1319605,6
1059133,4
1225497,4
1113924,3
1294687,3
1067384,6
1043443,5
1036120,3
1125931,3
1080802,5
1195257,3
1139450,6
1278037,4
1087754,6
1269454,5
1121623,5
1314525,6
1086288,4
1137521,6
1039925,4
1275956,4
1264445,4
1314232,3
1289735,3
1299829,3
1298185,5
1207848,6
1060654,4
1143331,4
1089282,5
1260991,6
1275446,3
1242376,5
1205748,3
1190212,4
1185250,6
1270906,3
1049215,4
1278179,3
1012037,1
1219293,3
1216573,6
1107321,4
1299392,6
1004630,3
1213033,6
1317006,1
1167190,6
1055928,5
1054531,3
1217542,4
1170988,6
1315011,3
1278234,3
1124363,3
1215031,6
1054883,1
1309423,3
1112787,1
1219309,1
1093135,6
1245387,4
1108193,1
1088871,4
1161924,3
1118307,4
1288953,5
1264470,5
1127415,7
1203293,3
1222570,1
1193970,3
1185316,5
1213158,5
1271589,5
1280389,6
1075179,3
1117027,2
1043375,3
1239502,5
1080539,6
1135081,6
1040728,3
1303057,3
1159146,3
1079064,4
1238172,4
1175978,6
1149143,4
1053542,4
1260806,6
1192617,6
1134372,6
1101151,3
1277743,6
1139189,3
1287752,3
1051976,5
1173138,4
1036589,5
1218818,3
1201731,6
1324592,4
1149978,3
1159986,5
1202025,5
1253269,6
1132216,3
1070853,3
1124043,3
1079751,3
1172306,4
1124868,4
1044225,4
1023178,3
1154433,5
1038428,3
1257594,6
1109777,3
1016287,1
1023986,6
1264691,4
1035354,5
1315388,5
1283120,3
1239200,2
1256426,1
1267832,5
1206755,3
1058737,3
1034125,2
1029603,6
1148600,3
1082712,4
1098787,4
1281360,2
1165622,3
1280711,4
1136577,4
1147627,4
1006228,3
1183514,4
1214870,3
1284067,4
1205004,1
1075612,1
1286451,6
1283547,4
1220283,5
1098749,3
1151086,3
1020720,5
1255220,6
1295847,6
1047660,6
1152578,6
1142564,4
1026575,4
1273833,1
1080854,6
1294272,6
1162719,4
1103543,1
1072035,3
1203311,1
1055788,7
1019646,6
1205225,3
1317165,3
1268509,3
1105642,5
1234242,5
1098231,1
1099320,3
1040186,1
1098426,5
1103009,5
1178786,3
1039638,1
1214917,6
1061358,3
1240731,6
1101665,5
1052947,6
1065943,3
1121074,5
1108663,3
1210518,5
1258847,3
1145657,4
1000468,2
1290056,3
1177767,3
1197515,3
1164119,3
1273145,6
1305388,6
1190508,6
1180811,6
1153333,5
1008804,4
1030145,6
1308998,1
1134474,3
1291469,3
1257878,4
1270966,3
1137138,4
1230920,4
1137618,5
1056040,1
1171593,4
1162887,1
1053319,4
1121178,3
1258642,3
1239066,4
1190921,6
1081856,3
1246206,3
1195199,3
1087871,6
1240904,4
1096374,6
1259006,6
1044176,6
1017634,4
1001173,4
1197865,6
1140680,4
1067444,4
1015107,6
1214467,6
1003121,5
1106300,4
1072612,4
1057056,4
1053260,6
1104896,5
1253460,3
1310977,6
1115858,6
1047650,3
1166494,6
1042366,1
1310334,6
1064088,4
1170586,1
1279594,2
1263223,4
1311653,4
1208120,6
1225660,4
1206648,5
1118756,5
1269838,1
1302600,5
1315067,3
1131502,6
1003500,5
1001792,3
1219464,6
1047310,3
1213048,6
1224961,6
1201359,4
1291283,4
1152751,6
1255811,3
1053006,6
1086140,3
1249014,3
1016254,3
1124448,1
1112809,6
1099932,6
1241930,6
1189225,4
1312378,6
1281850,6
1267693,3
1177932,6
1224889,6
1155417,3
1233262,4
1135523,5
1305490,4
1203841,3
1276493,4
1204355,6
1043919,6
1194993,5
1179715,3
1299914,2
1221177,1
1063523,4
1182287,1
1270032,4
1063521,4
1010097,5
1304372,1
1112692,4
1155469,6
1132512,1
1240836,6
1126710,6
1237649,4
1266215,3
1008303,6
1294243,3
1055165,5
1106762,4
1274475,1
1008835,6
1178059,5
1324650,3
1202079,4
1146699,4
1003783,3
1007129,3
1059630,1
1147238,3
1033839,6
1297399,4
1252283,3
1169642,6
1176259,6
1186353,5
1283194,6
1097737,4
1109772,1
1160771,3
1199345,6
1172441,6
1101055,5
1038741,2
1272349,4
1321196,1
1019758,4
1193660,3
1081270,1
1120410,1
1288904,3
1208336,6
1259987,6
1113715,6
1258769,6
1059975,4
1090469,1
1237271,4
1166675,5
1153099,1
1073383,4
1284239,3
1288407,6
1063259,4
1240749,6
1270045,6
1311324,4
1161511,6
1226093,4
1275138,5
1011166,6
1006761,6
1111473,4
1254971,1
1130263,5
1247542,3
1300234,5
1250688,3
1011077,5
1125451,1
1152656,5
1321201,6
1320965,3
1041294,6
1307402,3
1123773,6
1137459,5
1168100,5
1269655,6
1288558,3
1240273,3
1292599,6
1214388,4
1146076,6
1269298,4
1277388,3
1200788,4
1164429,3
1136382,6
1284772,4
1250662,3
1088453,4
1093537,1
1107213,4
1146581,3
1217305,3
1146515,4
1324411,3
1104597,6
1018453,3
1268610,5
1270293,3
1085728,6
1019504,3
1034274,2
1112727,4
1095558,3
1098446,4
1119690,3
1157298,3
1073001,5
1050079,6
1175444,5
1194111,5
1106752,4
1289685,6
1301450,4
1235818,5
1104709,1
1319457,1
1069305,4
1056596,5
1072375,3
1064894,4
1280283,4
1078645,1
1169197,4
1204592,3
1311007,5
1027174,4
1150303,4
1089495,5
1247816,4
1055041,6
1016553,6
1152583,6
1271334,3
1055107,1
1074053,5
1273113,3
1261998,6
1091066,3
1307859,5
1197029,4
1291851,4
1029239,6
1021675,4
1307452,1
1064940,3
1037241,4
1256165,4
1275100,3
1259688,6
1199490,3
1111160,3
1221716,6
1192420,3
1087468,1
1046903,3
1150585,6
1225380,3
1045058,6
1302009,6
1267748,6
1260454,1
1299591,4
1064766,6
1200036,1
1149769,5
1025019,4
1175591,6
1079537,3
1195379,3
1135239,6
1114007,3
1223909,4
1287268,3
1289661,3
1189422,6
1310147,1
1186154,4
1311237,4
1143263,4
1188147,3
1031803,3
1132319,6
1189397,4
1179693,3
1154361,4
1286011,3
1076703,3
1163301,3
1261424,4
1114948,3
1043876,5
1199880,1
1073228,5
1066983,4
1125762,4
1135047,1
1315422,5
1100546,1
1134358,1
1114737,3
1198722,6
1293724,1
1137438,3
1185350,6
1017021,4
1193902,6
1058302,3
1102528,5
1192135,4
1307663,5
1310891,1
1258826,4
1102896,3
1281812,5
1052735,6
1249665,1
1125808,5
1301332,5
1313689,3
1130627,3
1180092,3
1065337,6
1320100,3
1114883,6
1013375,4
1167315,6
1110682,3
1207892,1
1023008,3
1070018,5
1268050,4
1024970,1
1087098,6
1212843,5
1136925,4
1205107,4
1249517,6
1087679,4
1089104,6
1167716,6
1076219,1
1102638,4
1161049,6
1035366,5
1263916,5
1230907,3
1287921,5
1062108,1
1038079,3
1096454,6
1064406,5
1001202,1
1064900,1
1228654,5
1275617,3
1267700,4
1044054,4
1286706,1
1268455,3
1318260,6
1248839,5
1041319,6
1126518,6
1209544,5
1077097,1
1168887,4
1011039,6
1163222,5
1110844,6
1058443,3
1263115,6
1168364,6
1078130,3
1100729,3
1241326,6
1302342,3
1005013,4
1072672,3
1194147,5
1122980,5
1043735,3
1208333,3
1009211,3
1000446,6
1253665,6
1310005,5
1319532,3
1133752,4
1152090,1
1194634,1
1132553,5
1083725,1
1027046,3
1225722,6
1255237,4
1219272,4
1154738,4
1094560,3
1126116,6
1162696,3
1002820,3
1082320,4
1148848,5
1257843,4
1308747,1
1079753,4
1302828,6
1106419,6
1132337,4
1052783,1
1223802,4
1303169,3
1055507,1
1222158,3
1250741,6
1133260,5
1125402,6
1116809,6
1292812,6
1237275,6
1271791,4
1257706,5
1298862,6
1151893,6
1034412,1
1018409,3
1171023,3
1140951,3
1143739,3
1206838,6
1231808,3
1293063,4
1223893,4
1115112,1
1120134,6
1106604,4
1272732,5
1062138,3
1006247,3
1123948,4
1184399,3
1003404,4
1109308,3
1307337,5
1176594,3
1213067,6
1108830,5
1193083,5
1141056,4
1003483,3
1049478,5
1057701,4
1107581,4
1250256,3
1044557,1
1017116,3
1134145,5
1243910,1
1296834,6
1108391,4
1112383,6
1289095,4
1104654,4
1166327,6
1036930,6
1001059,6
1128234,5
1105888,6
1135701,4
1004910,6
1027268,6
1116837,4
1100948,6
1191752,1
1052917,5
1307177,3
1222237,4
1006457,6
1100497,4
1123714,3
1107283,3
1104930,1
1238604,6
1126156,3
1308911,5
1277770,6
1105168,1
1134972,6
1112979,6
1142017,6
1151909,3
1152317,3
1047127,5
1303350,6
1050078,3
1314391,3
1004329,3
1057999,4
1267094,4
1058869,5
1087843,3
1264857,6
1282674,1
1032073,1
1240272,6
1161581,4
1142823,3
1149732,3
1233185,6
1010453,3
1125611,4
1183813,6
1215905,4
1187113,1
1306118,1
1239323,3
1325444,4
1117306,6
1212883,1
1134570,3
1093448,6
1108455,4
1113652,3
1077368,3
1308205,4
1060165,3
1245176,6
1264258,5
1038263,3
1159045,4
1119973,1
1068252,1
1163061,6
1063356,5
1091367,6
1220963,6
1168800,6
1178388,6
1086450,5
1059380,4
1170282,6
1215572,5
1112353,7
1271536,5
1222412,3
1171997,5
1101710,4
1124259,6
1190540,3
1013747,5
1073247,3
1198890,6
1126147,3
1277299,4
1046434,6
1202155,6
1029348,5
1323055,5
1157836,1
1097336,5
1139886,5
1273754,4
1070182,4
1023798,5
1323605,6
1077450,4
1138516,4
1202985,4
1135505,6
1271095,1
1175198,6
1287194,4
1223018,6
1268101,6
1281843,5
1254728,6
1196652,4
1088981,4
1202262,3
1013232,5
1182605,1
1064860,5
1083470,3
1134193,3
1112324,5
1282755,1
1150519,1
1231134,4
1261443,5
1004468,5
1122660,1
1265483,1
1189593,6
1088672,6
1237468,4
1030128,5
1288520,5
1160440,3
1261061,5
1206822,1
1119013,6
1078636,6
1056495,5
1214248,6
1071106,1
1068361,6
1096285,3
1325261,3
1079967,6
1149737,5
1324662,5
1029912,1
1122254,1
1100362,6
1190347,3
1023360,5
1107505,3
1323490,3
1129420,5
1300551,4
1121108,4
1318906,4
1277318,1
1162210,2
1100629,3
1249476,6
1146262,6
1128854,1
1220887,5
1306678,3
1216067,1
1185312,4
1235926,4
1143116,4
1216718,4
1213899,6
1097173,4
1058105,4
1317728,6
1142647,5
1293426,6
1121132,4
1271517,3
1060041,4
1154832,5
1000525,4
1123241,5
1009852,5
1106507,4
1192648,4
1070686,3
1184923,3
1271820,5
1008662,4
1197289,5
1308989,4
1232145,4
1204647,3
1174863,3
1209550,3
1241854,3
1241485,1
1129932,4
1123006,1
1018699,3
1215312,4
1057746,6
1019689,1
1003941,4
1239801,4
1316828,3
1129194,3
1210581,6
1150077,6
1133173,3
1001483,1
1210300,5
1010195,4
1161169,5
1151413,2
1039626,4
1234577,6
1170569,4
1317682,3
1323607,6
1133829,3
1078934,6
1018721,6
1265423,5
1068359,2
1281117,1
1252535,6
1064736,5
1264267,1
1306976,4
1259109,3
1314752,1
1228043,4
1092050,3
1286879,6
1077951,3
1025742,4
1038376,6
1008646,5
1004797,5
1238028,4
1021155,4
1138407,1
1033073,1
1258631,3
1147015,3
1171657,4
1255451,6
1198720,3
1180607,5
1245756,4
1006732,6
1115674,4
1273077,4
1295545,5
1073903,3
1143682,3
1159629,1
1069370,4
1050200,3
1096287,3
1107100,3
1089904,3
1292903,1
1023129,3
1062905,6
1072728,4
1002721,3
1197536,4
1291394,5
1230268,3
1109362,4
1229296,3
1207735,4
1008514,3
1229134,3
1179927,1
1167943,6
1221664,6
1314190,3
1268046,6
1265867,3
1281225,3
1257631,6
1168414,4
1082840,4
1089210,6
1048379,4
1316132,5
1117842,4
1092424,1
1066121,6
1072787,1
1253155,4
1109526,4
1084524,6
1009942,6
1268402,3
1194686,1
1193061,3
1034875,6
1022794,3
1145828,1
1023474,2
1047052,6
1260640,1
1264183,1
1054462,4
1217050,4
1150693,3
1044909,4
1194268,6
1036614,3
1274125,3
1298717,4
1199190,4
1116712,3
1101836,6
1142658,3
1036535,5
1128320,4
1111996,4
1160056,4
1222738,5
1290388,4
1158420,2
1323146,6
1122071,3
1018632,5
1031791,6
1269150,6
1316872,6
1151174,5
1324962,4
1010204,5
1235060,4
1146036,6
1039161,3
1171648,4
1188967,4
1031830,4
1005019,5
1234816,3
1124249,4
1265269,6
1094076,4
1290328,3
1038728,1
1294645,4
1080162,1
1026647,5
1054582,6
1162830,4
1317595,3
1294998,1
1043541,1
1298463,6
1196548,6
1256228,6
1113964,1
1039831,5
1190896,6
1205048,3
1057083,6
1172542,6
1227191,3
1138239,6
1284660,4
1226228,5
1047362,6
1110370,1
1040974,6
1043182,1
1129595,5
1195382,4
1290429,1
1244127,6
1054599,6
1176776,4
1179827,3
1037925,3
1223912,3
1136990,6
1040680,5
1299277,3
1292061,3
1296926,4
1148518,6
1107805,4
1138212,3
1192710,4
1252722,1
1291242,6
1199702,5
1108550,4
1252280,3
1208364,3
1008608,6
1259208,5
1297831,3
1126377,3
1289042,3
1188388,6
1301930,6
1106477,1
1145337,4
1063997,3
1318386,3
1086135,6
1041315,3
1284227,4
1258795,5
1138442,5
1228314,3
1174087,6
1260314,3
1170531,4
1291936,6
1133710,4
1151986,4
1044312,1
1008810,3
1213134,6
1030272,6
1110637,6
1126615,6
1100568,5
1301446,3
1118426,6
1168712,3
1273157,4
1302204,3
1224543,3
1087742,4
1195977,1
1261319,1
1031895,4
1044571,7
1119600,4
1018115,1
1262290,6
1090338,3
1312468,3
1231353,5
1083050,6
1273297,5
1227267,3
1252949,3
1069304,6
1257967,3
1010522,5
1026417,5
1241120,6
1172943,6
1306221,4
1214121,5
1218925,1
1288935,6
1056649,4
1000842,3
1300585,3
1222685,3
1283229,4
1258442,1
1145624,3
1293806,6
1308885,4
1275632,6
1319194,3
1180311,6
1306294,4
1266695,3
1316954,6
1012005,4
1225047,5
1107866,6
1061206,4
1005596,3
1215041,6
1202521,1
1209522,4
1156969,4
1309008,6
1020367,5
1108756,3
1187984,3
1123212,5
1055551,1
1166261,6
1056976,3
1142744,3
1132040,6
1066182,3
1313282,1
1181150,6
1306921,4
1017944,4
1213771,4
1003153,1
1120346,6
1168124,3
1155509,3
1262658,3
1121367,4
1100067,3
1061591,3
1288565,3
1294596,6
1085313,5
1202869,4
1081441,5
1295654,4
1044379,5
1268872,1
1144812,5
1227044,5
1233465,3
1101435,3
1194225,4
1189568,5
1131957,4
1173021,1
1156565,5
1011780,4
1295213,3
1028646,5
1312135,3
1069543,3
1088036,5
1105276,1
1092039,6
1262600,4
1215244,1
1322436,4
1099649,4
1281536,5
1013428,4
1098558,4
1175659,3
1060985,6
1128963,5
1306120,5
1289056,3
1088606,3
1301259,3
1010897,6
1308407,3
1275373,5
1059448,1
1081382,5
1203464,5
1262150,6
1264812,6
1311819,4
1148134,1
1018441,5
1307049,4
1010096,1
1006514,1
1167788,3
1062912,4
1148785,6
1315130,6
1178587,4
1184985,4
1060150,3
1099628,6
1301062,6
1261288,4
1052495,3
1182054,6
1176718,6
1215975,6
1159949,6
1150202,1
1056942,4
1237802,4
1038895,3
1254012,4
1161888,6
1152509,3
1035454,6
1024655,3
1257930,1
1273636,3
1215069,4
1294734,4
1251618,6
1012875,3
1219658,4
1201556,4
1280994,6
1050606,4
1298881,6
1151632,4
1287314,6
1039953,3
1152144,3
1059113,6
1049423,1
1014624,6
1010885,1
1124351,3
1147997,6
1263925,6
1235938,6
1314419,1
1143451,6
1098122,1
1293588,5
1109524,6
1168493,5
1070294,1
1293585,6
1250205,4
1112793,3
1229121,4
1273436,5
1130913,3
1161720,3
1030518,3
1186416,5
1165629,4
1284663,3
1189493,1
1245047,3
1044065,5
1316036,6
1199088,4
1075453,3
1077433,4
1240702,6
1122903,3
1299112,3
1093831,4
1264141,3
1319318,5
1137234,6
1138504,3
1308623,5
1042819,1
1273173,5
1234023,3
1041284,1
1144596,4
1277211,4
1017455,3
1255609,3
1049708,6
1266554,4
1199830,5
1223118,1
1168754,1
1151862,1
1260961,4
1080152,1
1082420,4
1242337,6
1056992,1
1295687,6
1128730,3
1127746,5
1098356,4
1030462,6
1230053,3
1285495,5
1072615,6
1089157,6
1133500,3
1211768,3
1028580,3
1215198,6
1184978,6
1004265,6
1158666,1
1302567,3
1104674,4
1228856,4
1109691,1
1097189,3
1035866,4
1067690,3
1141397,3
1298040,4
1175929,3
1055376,3
1273362,6
1215144,5
1171860,5
1141876,4
1153266,1
1305431,4
1269308,1
1014036,3
1098206,3
1085353,1
1249574,3
1198717,4
1172168,4
1136908,5
1205566,4
1324730,3
1017580,5
1006284,3
1039493,4
1260898,3
1209311,6
1257438,4
1016136,3
1052430,1
1207328,3
1288125,5
1268599,3
1169248,5
1119783,6
1082092,3
1296358,6
1208935,6
1214020,6
1321425,4
1097187,5
1171669,3
1275363,6
1264793,3
1095505,4
1284120,3
1013361,4
1309886,6
1005437,4
1264164,4
1114221,3
1159827,4
1018222,6
1274540,3
1284589,1
1025778,3
1065555,3
1074924,3
1170449,6
1010543,6
1206875,1
1088505,3
1198158,6
1320538,3
1216291,1
1025567,4
1284855,6
1302038,6
1310113,4
1316020,4
1127718,4
1155615,4
1010210,1
1049221,4
1136546,1
1325275,4
1081080,2
1213147,6
1082439,3
1061951,1
1258035,6
1277739,3
1138786,5
1148266,3
1053909,1
1031806,4
1082245,4
1060417,1
1225802,6
1108483,4
1089739,2
1274189,6
1087304,5
1082041,6
1257101,6
1090755,6
1281621,5
1175298,6
1281995,1
1160751,4
1037213,3
1269333,3
1195081,3
1072939,5
1125026,4
1112639,5
1186188,6
1300127,4
1081960,3
1055885,6
1109238,1
1205291,3
1106286,6
1183908,4
1129682,6
1108145,3
1128917,4
1034171,5
1050272,4
1284469,6
1139089,1
1246947,3
1235839,4
1189895,4
1082234,4
1201188,4
1003435,4
1324116,1
1011635,1
1296893,4
1098486,6
1094438,1
1012733,4
1094449,3
1163647,6
1052827,1
1292539,5
1285750,6
1285808,4
1040393,6
1239326,5
1005294,1
1025916,3
1064521,4
1146599,4
1124184,3
1324133,1
1057734,3
1297381,6
1184269,6
1177811,6
1276238,3
1104482,3
1223086,4
1103091,6
1092341,1
1163252,6
1015062,3
1298233,5
1314606,1
1000115,1
1025745,1
1251651,3
1306839,6
1285344,6
1238896,5
1033185,1
1092183,4
1047958,3
1145650,3
1287965,1
1051079,6
1029806,4
1165394,4
1177621,6
1203582,4
1189503,3
1159872,4
1128523,6
1011260,3
1149757,3
1006763,3
1195029,6
1248282,5
1060447,6
1027785,4
1211383,4
1131479,5
1208969,3
1070748,3
1163185,3
1248253,6
1152085,6
1246799,6
1247195,3
1225099,6
1142330,1
1107396,3
1074877,2
1168664,3
1203203,3
1008216,4
1036170,6
1071455,4
1207351,6
1261333,6
1025466,2
1127108,1
1144886,4
1189943,5
1041852,4
1095245,5
1275442,5
1221393,4
1123784,5
1177612,6
1297627,6
1155805,5
1024494,1
1167014,5
1044946,6
1176116,6
1027116,4
1278664,5
1314268,3
1003309,5
1140767,6
1122470,3
1047288,6
1285850,6
1198615,6
1320970,6
1152437,6
1283392,1
1227126,6
1158532,5
1139526,6
1324699,3
1091676,6
1253137,5
1199789,1
1157165,5
1021412,6
1097506,5
1231639,3
1054812,5
1046571,6
1152629,6
1206685,1
1234353,4
1300119,1
1183241,4
1211502,3
1183130,6
1150686,3
1078873,5
1159227,1
1297906,6
1160962,6
1204108,6
1006112,5
1253329,6
1152698,1
1084098,6
1073230,5
1092459,4
1046839,1
1230551,6
1001204,6
1122910,6
1262842,6
1092902,6
1207947,1
1113664,1
1314659,5
1257083,5
1214393,6
1153948,5
1279137,5
1069798,5
1028200,4
1162414,4
1076036,4
1047535,5
1046932,3
1286306,4
1181542,3
1007486,3
1106526,4
1175751,3
1301686,6
1165651,4
1133857,4
1242619,6
1320953,5
1233520,1
1199208,1
1221228,3
1163434,5
1288482,1
1183970,3
1239854,5
1097292,6
1052973,4
1079224,6
1048054,3
1111371,6
1094921,3
1117889,3
1247444,4
1012128,3
1245669,5
1221082,6
1138958,3
1196948,3
1038345,3
1279631,1
1009016,4
1153248,6
1166984,4
1209457,4
1183515,3
1249050,3
1161328,1
1076674,6
1200617,5
1160032,4
1037673,4
1131037,6
1210651,3
1193553,5
1234959,4
1021565,3
1051876,1
1097090,1
1016819,6
1122803,1
1220182,1
1104404,3
1028403,4
1144358,1
1252619,6
1199115,6
1190889,3
1100319,5
1174526,4
1220298,4
1010099,4
1068171,4
1097608,3
1003456,3
1153946,4
1081610,5
1095626,5
1140933,6
1011284,6
1013648,3
1287008,3
1130820,5
1138910,6
1221097,4
1050225,5
1259104,1
1066089,5
1146226,5
1180118,2
1218248,3
1161979,4
1269637,4
1143896,3
1100614,6
1314576,5
1022577,6
1188549,4
1035770,1
1292276,4
1273801,3
1261278,5
1158188,1
1260743,3
1122727,6
1128192,3
1306161,4
1015832,1
1187842,2
1123210,3
1064474,4
1268734,1
1178156,6
1097789,4
1263948,3
1114156,5
1175801,5
1323718,4
1007731,6
1101359,5
1187686,5
1260467,4
1134096,4
1232768,3
1165660,5
1278682,6
1004572,4
1279681,4
1287593,1
1226454,6
1147950,4
1066370,5
1309622,5
1004665,3
1147368,1
1029490,3
1301202,1
1087093,3
1219080,6
1285242,6
1051128,3
1046101,4
1166109,3
1067074,5
1276615,5
1284945,6
1212328,4
1318483,5
1247040,4
1268420,4
1287460,6
1033097,3
1092909,5
1307455,2
1236186,6
1105260,5
1111972,3
1256997,6
1245604,5
1281126,3
1014006,3
1256360,3
1252508,6
1036050,6
1101403,5
1169085,6
1070291,5
1192424,7
1124670,4
1317045,6
1203323,6
1271661,6
1311050,6
1296137,6
1286024,3
1157484,1
1072432,5
1268534,1
1235217,6
1108230,3
1001872,4
1285836,5
1040594,6
1055363,3
1031579,6
1153204,3
1032244,4
1185023,3
1096245,3
1049051,6
1020201,3
1117264,5
1278529,3
1294068,1
1053974,6
1313515,1
1032158,4
1235319,1
1311894,3
1052226,5
1099615,4
1118062,5
1297948,3
1022670,6
1179316,4
1100345,3
1218982,3
1149708,6
1179567,5
1252167,1
1238309,6
1108886,3
1038494,2
1138929,1
1202817,5
1241986,6
1038812,6
1038732,6
1211974,3
1209636,4
1254019,4
1207692,6
1008549,5
1219152,2
1002997,4
1107855,6
1081307,4
1066233,6
1049038,1
1106543,5
1231392,5
1229882,1
1247344,3
1213702,6
1276873,3
1037001,6
1141843,4
1036206,6
1323966,3
1101951,3
1289789,6
1146486,6
1070534,3
1038308,3
1074707,4
1246340,6
1025407,5
1107259,5
1196851,1
1086311,3
1162311,6
1311572,1
1257724,4
1070802,3
1237009,1
1242803,5
1091356,3
1146851,4
1211266,3
1105981,4
1265566,6
1100846,6
1116861,3
1315064,3
1206181,3
1133124,4
1305125,1
1051545,6
1274745,6
1003748,3
1265217,1
1275913,6
1097885,3
1167963,1
1238034,6
1079208,3
1284053,6
1002633,4
1089297,6
1193856,6
1177637,3
1319866,1
1197594,3
1012415,4
1063030,6
1268405,5
1128896,5
1088523,5
1050377,5
1321178,6
1148719,3
1316447,5
1024522,3
1297589,6
1099040,3
1092688,1
1087176,3
1007528,6
1137538,6
1046241,6
1011006,6
1015081,1
1259017,5
1248578,1
1156136,5
1034956,5
1152412,4
1116163,4
1302936,1
1179551,6
1293920,1
1188814,4
1121318,4
1197177,6
1248242,5
1036380,6
1151779,6
1250764,5
1233489,4
1053511,3
1172154,4
1226080,1
1225119,3
1025177,5
1101138,1
1312113,1
1307269,4
1174875,1
1312949,4
1029025,4
1210710,1
1121150,4
1171370,6
1302198,1
1157159,6
1056760,5
1132952,4
1167231,6
1316544,3
1069705,1
1138072,4
1169398,6
1292589,5
1313089,3
1275364,4
1252818,5
1048387,3
1150022,3
1248482,6
1281454,1
1117722,3
1160182,3
1320887,3
1168895,1
1064916,4
1155153,6
1249164,5
1079808,3
1268757,5
1076112,5
1162705,3
1237419,4
1031828,3
1163083,3
1162205,4
1134429,1
1076474,3
1263340,4
1298728,5
1112392,3
1146508,5
1325820,4
1323890,6
1114214,5
1038703,4
1196101,3
1093252,1
1205012,1
1196689,6
1014472,3
1190754,6
1211426,6
1137423,4
1227559,1
1091375,1
1161132,4
1238725,6
1106217,1
1231177,3
1052456,3
1129278,4
1219360,5
1207723,4
1196789,1
1160499,1
1324297,4
1063364,4
1259637,3
1193329,5
1219448,4
1232404,1
1083611,4
1253192,5
1034775,5
1188157,4
1070159,4
1296276,4
1171043,5
1237922,3
1272997,3
1125592,3
1130357,4
1307665,1
1106314,6
1086931,6
1076324,4
1156609,6
1166783,5
1083492,1
1196881,3
1260918,6
1281653,6
1135561,4
1284314,6
1273551,3
1103466,3
1059918,6
1008491,6
1211454,3
1263428,1
1230833,5
1316612,4
1153434,5
1029192,5
1089654,3
1002256,4
1178239,6
1070749,1
1039461,3
1159988,4
1035763,3
1255109,6
1095438,6
1095146,1
1167998,5
1088049,6
1168175,6
1020168,4
1281456,3
1264282,5
1273332,4
1222464,3
1148372,3
1092187,1
1264617,1
1072590,5
1228828,3
1180388,6
1135932,4
1039209,1
1256322,5
1034200,1
1071337,5
1127438,6
1081524,6
1299990,6
1044648,1
1113407,3
1035214,5
1191131,5
1102258,3
1001717,3
1215148,1
1262041,5
1043264,3
1284100,3
1115900,6
1014844,1
1099596,4
1275594,4
1218310,5
1006645,6
1220495,5
1171034,6
1027166,4
1277111,4
1319765,5
1200537,4
1316709,4
1041309,3
1220016,6
1286736,5
1143085,5
1299531,4
1314328,3
1180227,1
1200773,1
1076561,5
1184448,5
1133081,5
1175263,5
1301326,4
1076747,6
1162851,6
1286406,4
1302560,4
1316575,5
1174253,6
1308254,4
1193417,1
1034504,4
1019710,4
1168304,6
1075288,1
1116211,6
1166126,3
1109579,5
1265021,6
1213930,5
1172834,3
1158225,5
1297841,5
1069039,4
1017722,3
1037711,6
1311082,4
1066652,5
1233004,3
1193328,3
1317860,1
1211638,3
1018410,3
1042891,5
1274057,3
1125917,6
1130798,6
1239005,6
1177246,6
1158180,4
1079137,4
1237971,3
1289262,4
1080412,6
1028011,3
1229974,4
1248760,3
1174573,6
1174778,6
1117785,1
1017224,3
1118279,6
1018989,6
1044522,4
1190078,5
1071720,4
1041378,3
1277760,5
1090918,4
1122491,6
1268792,4
1244546,1
1151496,6
1314087,4
1068159,3
1118075,1
1198910,1
1100723,4
1234955,6
1233885,4
1305077,3
1111921,1
1305218,4
1120214,6
1266587,3
1057040,4
1175233,3
1107116,3
1110350,3
1248752,5
1049725,6
1217047,2
1318020,4
1039268,6
1284244,2
1038523,6
1025086,4
1206317,1
1096398,5
1211277,3
1033732,6
1093050,5
1106562,3
1035702,6
1137642,5
1012462,4
1133481,4
1014015,6
1134831,2
1002140,6
1049484,6
1106281,6
1208255,1
1215051,1
1160048,5
1194723,4
1210577,3
1173159,2
1069372,3
1045493,5
1254498,3
1205086,4
1313501,6
1305888,6
1164947,1
1085424,6
1098055,4
1309335,4
1012994,1
1324337,3
1304660,6
1314044,6
1148650,1
1011184,2
1195020,3
1105746,5
1216804,6
1124942,6
1240583,3
1106373,4
1188618,6
1271781,5
1195776,5
1215130,3
1229032,6
1080759,1
1075335,3
1097210,6
1289725,3
1238288,1
1102490,6
1165410,4
1224406,1
1102114,5
1322022,3
1127704,3
1098422,3
1152831,3
1270162,4
1307887,4
1302257,4
1030745,6
1108488,1
1139473,4
1167717,3
1027901,6
1220673,6
1087112,3
1125545,4
1028096,4
1313107,6
1047429,4
1173776,1
1288891,5
1303660,3
1300515,4
1061045,3
1121094,3
1273088,1
1143781,4
1044436,6
1210525,5
1025599,3
1187197,4
1153389,6
1105273,1
1282692,6
1074000,3
1253232,6
1092440,4
1211961,4
1003605,3
1253414,1
1261124,1
1005512,3
1231114,3
1075902,6
1216094,6
1265056,4
1291787,3
1097351,1
1281160,1
1220451,3
1271189,6
1039495,5
1233894,6
1036855,4
1030187,3
1296619,5
1116754,3
1000984,4
1209588,1
1178862,4
1046016,5
1302119,3
1159461,3
1233267,5
1166400,4
1318943,2
1236638,3
1187424,3
1114599,3
1220150,4
1199026,6
1121498,6
1293907,3
1169423,4
1181271,5
1168252,5
1231928,1
1234189,6
1150837,4
1231604,3
1067047,4
1172854,6
1115564,6
1282736,1
1029909,3
1181233,4
1279620,6
1048927,4
1137752,1
1199011,3
1187545,4
1105441,6
1278964,5
1102115,6
1042218,3
1081766,3
1255555,4
1164739,6
1013138,5
1002070,3
1086435,4
1150012,5
1132372,4
1245038,5
1201000,6
1269622,4
1194179,1
1151280,6
1231537,6
1170317,1
1120532,6
1054967,6
1213639,6
1299905,6
1132844,5
1085886,6
1226647,3
1291374,4
1195879,3
1320365,1
1113322,6
1271208,1
1155707,4
1281667,3
1234643,1
1047202,3
1189538,3
1021840,5
1245425,4
1185404,3
1152384,4
1305110,1
1324188,5
1089833,1
1196427,4
1054383,3
1005335,1
1025313,5
1284458,6
1018912,6
1169898,5
1228536,4
1174327,6
1128177,3
1256913,6
1178196,3
1253368,1
1027050,4
1151573,5
1298384,6
1204697,3
1115443,4
1254504,3
1125891,1
1051664,1
1241345,3
1128724,6
1172575,4
1099920,3
1112943,6
1084238,3
1228566,4
1259497,6
1172391,6
1070693,4
1013085,6
1304308,5
1070214,5
1105398,6
1205558,3
1151669,4
1177484,3
1238244,5
1022945,6
1031854,6
1179790,6
1199493,6
1286702,5
1046749,1
1255640,3
1245481,5
1030682,4
1198896,3
1001708,6
1134944,4
1275203,3
1127372,4
1018798,5
1016164,3
1045211,5
1216654,3
1315609,5
1276351,3
1113517,4
1134507,6
1252238,1
1117417,1
1071126,4
1218242,6
1226347,4
1218233,5
1238625,4
1313022,4
1078184,6
1033167,3
1006952,3
1074455,6
1098353,5
1044390,1
1240309,5
1190366,1
1092630,6
1232548,5
1051473,5
1173227,3
1150040,6
1275393,4
1279281,3
1298947,4
1118752,3
1194725,6
1261678,6
1318267,5
1269962,1
1002103,3
1210527,4
1223726,5
1211296,1
1099269,6
1170618,5
1082622,4
1223073,1
1260196,1
1008461,5
1189395,4
1323540,6
1157883,3
1289539,4
1051899,3
1031114,3
1225483,5
1181559,6
1003423,5
1185960,3
1163675,4
1323497,6
1030939,6
1316691,6
1044010,6
1315206,4
1253545,3
1122119,6
1055304,1
1088651,3
1294197,1
1030220,3
1278328,5
1324728,6
1084263,5
1033473,4
1043856,5
1125696,4
1142043,4
1042691,4
1166502,1
1047205,3
1310168,3
1312128,3
1177594,5
1144216,3
1233645,4
1060993,5
1258528,4
1198085,6
1040913,5
1324414,1
1071989,1
1154965,3
1047326,5
1144133,4
1215861,5
1114515,4
1282035,6
1211633,6
1293177,4
1100859,6
1007734,6
1246832,4
1299496,3
1039159,4
1234648,4
1194127,4
1138908,4
1114051,3
1212404,6
1245835,3
1199044,3
1221248,4
1178320,3
1253322,2
1144331,4
1291476,6
1125933,4
1023497,6
1113573,6
1135723,1
1280987,3
1017756,3
1233991,6
1264306,4
1100523,5
1035235,6
1227700,6
1284112,6
1303967,1
1313865,4
1231232,5
1185926,4
1292690,6
1016069,4
1316171,3
1161769,1
1271225,6
1095541,4
1070827,4
1277785,6
1281823,4
1149886,2
1259260,3
1250681,4
1206283,6
1065515,5
1215254,1
1267993,3
1006486,4
1323164,5
1126752,4
1148375,1
1256701,4
1258971,3
1173541,3
1050912,4
1179969,6
1213576,4
1248083,6
1226476,5
1262497,4
1208720,6
1135273,5
1034506,3
1036972,4
1047545,5
1314673,6
1192444,3
1168634,1
1036393,5
1137912,3
1139838,3
1127650,3
1205386,4
1193289,4
1044765,1
1282655,3
1145444,6
1119838,4
1020028,6
1258558,1
1129576,6
1068570,3
1206063,4
1018774,3
1126360,5
1172070,6
1007843,6
1185522,5
1305769,1
1029881,3
1269200,4
1078047,6
1102076,4
1218685,4
1070485,4
1155215,6
1048769,1
1174501,3
1264600,3
1212303,1
1020358,5
1127075,1
1035852,6
1210217,3
1030148,4
1034587,4
1255474,5
1240544,6
1194865,1
1029131,3
1228185,4
1261076,4
1063911,3
1236091,4
1320824,5
1038312,4
1038984,4
1170056,3
1005507,1
1132218,3
1115515,3
1247461,3
1106782,6
1308345,2
1113080,6
1052352,3
1316285,4
1001773,4
1133581,1
1296539,5
1042188,5
1062851,3
1302194,5
1281838,5
1099264,4
1139282,5
1258025,6
1247500,5
1094389,1
1160200,1
1122673,3
1266135,5
1231274,6
1115685,6
1100208,6
1192901,1
1072136,6
1279377,3
1234002,6
1047332,3
1293471,1
1111383,5
1042467,3
1243368,5
1006755,5
1290582,6
1055871,6
1054951,4
1296383,3
1097220,1
1118149,6
1239429,1
1042335,4
1134113,6
1204686,3
1223035,6
1061860,5
1212174,4
1095889,6
1075824,3
1151715,5
1057625,6
1194776,4
1179510,4
1318385,6
1275740,4
1093908,5
1091303,5
1242486,3
1261862,4
1219465,4
1117020,6
1052642,3
1176013,5
1261929,1
1170672,4
1068878,3
1279538,4
1050176,3
1093161,6
1158628,3
1055515,4
1106192,5
1198289,5
1115911,1
1090326,3
1052049,3
1288280,4
1324410,3
1256828,6
1190214,3
1322445,4
1208778,4
1294598,4
1301802,3
1118242,5
1120553,4
1197630,5
1269728,1
1086154,6
1114084,6
1170127,5
1160928,6
1034408,4
1288151,5
1133335,4
1103506,1
1074338,6
1047666,3
1178350,1
1189036,3
1018966,4
1146414,5
1075483,6
1051491,5
1210311,4
1037534,3
1181924,5
1101898,3
1317538,3
1025186,6
1217643,4
1318616,6
1288296,4
1127711,3
1297185,6
1080411,5
1079472,6
1053941,3
1179604,4
1305633,6
1121288,1
1198852,4
1229106,4
1192199,1
1076664,6
1005463,4
1291624,4
1066969,3
1294842,4
1192584,5
1227711,3
1047509,6
1199368,1
1086234,6
1304958,1
1084671,3
1248937,3
1275370,6
1191346,4
1205604,3
1053905,5
1264363,6
1199328,4
1052849,4
1324023,3
1019648,6
1121053,4
1136837,4
1127286,6
1279018,3
1265489,6
1052528,6
1305903,1
1274040,3
1026667,5
1054178,5
1231978,3
1138517,1
1323293,6
1257612,3
1254808,3
1094828,6
1271479,6
1148456,6
1082052,3
1315467,5
1253660,1
1057558,1
1150603,6
1229004,1
1165976,5
1023533,3
1317952,4
1246448,1
1202458,4
1240599,5
1261457,4
1135788,4
1243975,6
1311432,6
1289823,1
1064142,4
1190637,5
1319801,4
1159837,3
1152199,6
1123721,3
1290558,3
1204644,1
1045097,3
1214583,6
1039129,6
1059785,3
1150477,4
1203875,3
1066712,1
1127916,6
1090666,6
1193342,4
1183134,6
1191099,1
1249435,1
1208936,6
1103291,6
1127441,6
1145244,6
1233978,4
1246904,3
1218780,3
1058915,4
1270079,3
1008093,6
1094854,5
1313074,6
1131355,4
1196914,6
1124185,3
1164383,3
1313381,1
1151844,3
1203462,3
1110532,6
1171206,6
1011332,6
1279522,5
1311166,3
1095064,6
1241048,3
1325621,5
1007586,5
1110930,6
1119161,3
1239336,3
1008290,3
1055012,3
1259828,3
1216060,6
1231849,5
1004055,3
1321631,6
1095453,3
1122067,3
1195079,4
1029166,6
1030991,3
1092492,3
1288795,4
1071561,3
1026117,5
1169323,6
1255251,3
1229037,5
1122107,6
1034487,4
1165500,5
1001373,3
1118717,1
1254963,3
1172590,6
1073361,4
1185260,3
1167750,1
1144974,6
1135954,6
1206754,1
1290306,6
1284561,6
1202716,3
1146156,6
1084339,6
1163997,4
1078175,4
1200481,3
1158293,4
1099557,3
1125801,6
1172348,6
1204154,4
1011330,4
1058727,5
1276282,5
1201301,3
1038269,4
1284512,4
1193779,1
1274651,6
1065293,6
1289780,1
1256672,3
1263409,4
1175057,6
1031776,6
1292249,6
1233320,4
1036198,6
1217580,6
1037877,6
1026206,3
1261947,4
1122971,6
1314106,3
1221829,1
1022077,1
1103577,1
1185493,6
1058157,1
1290987,5
1220117,4
1070138,3
1076989,1
1109455,6
1280345,3
1273781,3
1077001,4
1070570,3
1296970,4
1164648,6
1033204,4
1257826,4
1007600,4
1295917,6
1303237,3
1194163,4
1180553,3
1322315,6
1231510,4
1049569,4
1109365,6
1209218,4
1184963,1
1050537,4
1248159,4
1045077,4
1160400,3
1219060,1
1126623,6
1121385,5
1261895,4
1017984,6
1043267,6
1223371,4
1231208,6
1146392,3
1269816,6
1115326,3
1138049,5
1200121,3
1311916,1
1087327,3
1318384,6
1247483,1
1186387,6
1305258,6
1022484,5
1160097,5
1133849,3
1072105,3
1060990,5
1060656,4
1216700,1
1129295,4
1166383,5
1181806,6
1071665,4
1153462,5
1207459,4
1276461,3
1269906,6
1008210,6
1028482,1
1204210,4
1063947,5
1174231,6
1223772,6
1242627,4
1107524,6
1057024,6
1199010,5
1276220,4
1266562,6
1075847,3
1294833,6
1154000,6
1210121,1
1281418,1
1138596,3
1262256,4
1058736,6
1095831,1
1182636,5
1019403,5
1269764,6
1228757,4
1232908,5
1180875,3
1106862,3
1038742,3
1141593,5
1055654,6
1288949,4
1132053,3
1093044,3
1205442,4
1193799,6
1068663,4
1215720,3
1265361,6
1117869,6
1283318,5
1196458,5
1106337,1
1053479,4
1064027,6
1085226,6
1163735,3
1025154,6
1214416,3
1226865,6
1036279,4
1012573,6
1059824,5
1198167,6
1003130,1
1059323,4
1263539,3
1238623,6
1237093,4
1185253,5
1063119,5
1052315,3
1085659,3
1310445,6
1321652,4
1211936,3
1077342,4
1109316,6
1092490,4
1275128,6
1048415,3
1175405,3
1193490,4
1293028,5
1047675,6
1083702,5
1120717,3
1240720,1
1123591,1
1175894,6
1264916,6
1172504,2
1141212,5
1298578,4
1283551,6
1012367,1
1128547,4
1052909,4
1069709,6
1219138,6
1106378,6
1304679,4
1231259,6
1242634,4
1001572,3
1016691,4
1250498,1
1273879,3
1310632,6
1139561,1
1068599,3
1008176,3
1023042,5
1190743,3
1283843,3
1152047,6
1194201,1
1016134,1
1058009,1
1083679,6
1059253,4
1150454,4
1277643,3
1073323,3
1015262,3
1196667,3
1004414,1
1279672,1
1020454,4
1171525,6
1018750,3
1045674,4
1180972,2
1200251,3
1154418,5
1194441,4
1057030,5
1073195,5
1261721,4
1042682,3
1098155,5
1069521,4
1064105,6
1201443,3
1238004,3
1142992,4
1279742,3
1142002,3
1121645,5
1121431,3
1311442,5
1123177,4
1204945,5
1232553,3
1213180,3
1054562,2
1303785,1
1268877,3
1218173,4
1175159,6
1159127,5
1295617,6
1193617,3
1189899,4
1116360,6
1276210,4
1016411,1
1130541,3
1074380,1
1118678,6
1257154,1
1182617,1
1224443,4
1142516,5
1197912,4
1171676,3
1174199,5
1054368,3
1182258,3
1166810,5
1117776,4
1098320,1
1071630,4
1166864,4
1078537,1
1078324,3
1039830,3
1275999,6
1215748,3
1320002,3
1241975,4
1252282,4
1031344,1
1290321,4
1292501,1
1061826,3
1165322,6
1281870,1
1232825,6
1321729,3
1191702,6
1097875,4
1316094,6
1093456,5
1245386,6
1088762,5
1225454,6
1192517,6
1157188,3
1039583,1
1126397,6
1025586,6
1076337,6
1224995,3
1034715,3
1076560,5
1026846,4
1226830,5
1323918,1
1163186,4
1198980,6
1175294,6
1167696,7
1242104,1
1267793,5
1183132,1
1260257,6
1092796,3
1111463,3
1291516,4
1162905,6
1140630,6
1212663,3
1043946,4
1069365,3
1072410,4
1031340,5
1290112,3
1016695,5
1177150,3
1139530,4
1184140,3
1179897,3
1306785,4
1199797,6
1120121,4
1159848,4
1167520,4
1302417,6
1036738,3
1218141,6
1177561,3
1090795,5
1041532,3
1154337,5
1120903,6
1325116,6
1115502,4
1142554,4
1152322,4
1265898,4
1200666,6
1201310,5
1051429,3
1018570,1
1302632,1
1284487,3
1186913,4
1102277,3
1217142,3
1145580,6
1139531,6
1156084,4
1323730,4
1073327,6
1046466,5
1147786,1
1135871,3
1070063,5
1201883,3
1115094,5
1020310,3
1056085,6
1167721,4
1184323,6
1232170,6
1281310,4
1307803,1
1160868,4
1207397,5
1135285,6
1122464,4
1256151,1
1255618,6
1117282,6
1051385,4
1049238,5
1212149,4
1187787,6
1115856,4
1284334,6
1032863,6
1040002,1
1246186,3
1291939,1
1228357,5
1262191,4
1122536,4
1199902,1
1222289,1
1084976,6
1083542,3
1121746,6
1158534,5
1007616,4
1022780,5
1114128,6
1299883,1
1058924,4
1161807,4
1292069,3
1000890,3
1119415,6
1142838,6
1316600,6
1293398,3
1197119,3
1208121,3
1239814,4
1019988,6
1127752,5
1028588,3
1309922,7
1082208,4
1231023,5
1287866,4
1315935,6
1189350,6
1008663,6
1043448,6
1234744,4
1164940,5
1070738,6
1133879,4
1272120,3
1033864,4
1215704,5
1250956,4
1292938,5
1244311,3
1065509,6
1028486,5
1006798,3
1133091,4
1111848,6
1084900,6
1196843,6
1191945,3
1114982,3
1118556,4
1320106,4
1050117,4
1098448,6
1280698,5
1122397,4
1268725,3
1223458,4
1154064,6
1236915,1
1157259,6
1031212,1
1206237,6
1093505,4
1045268,6
1021490,5
1110886,4
1158533,4
1293061,4
1042384,6
1041130,6
1066711,3
1055827,4
1112749,6
1242959,4
1026464,5
1108007,4
1168886,3
1197648,3
1230087,3
1032867,3
1044936,3
1247098,3
1187731,6
1179020,6
1251624,6
1316213,5
1292746,6
1294769,4
1116387,4
1268302,3
1204627,3
1231399,3
1262358,6
1132360,1
1325287,4
1265876,4
1150843,5
1294196,3
1149927,4
1192466,3
1312090,3
1209696,6
1017245,5
1126833,4
1257208,4
1291957,5
1182236,3
1021121,2
1233450,3
1003060,2
1117530,4
1203919,5
1230975,4
1209059,3
1086849,4
1158099,6
1119198,5
1217759,4
1127613,3
1256942,6
1153859,6
1190116,5
1263713,3
1011747,3
1108693,6
1238141,3
1098227,3
1252334,5
1170373,5
1139639,6
1068282,1
1150011,1
1299599,3
1130341,5
1239708,4
1240154,5
1320486,3
1002489,4
1239650,3
1316188,3
1104713,3
1313271,3
1323636,1
1277050,4
1314161,5
1084477,4
1316035,3
1256984,4
1191519,3
1129934,4
1145583,6
1176020,4
1306088,6
1164377,6
1025556,6
1125236,1
1297445,4
1174439,3
1105865,1
1039276,3
1047030,5
1001351,6
1006769,1
1195579,3
1101716,4
1058127,5
1202297,5
1009115,5
1023336,6
1109680,5
1114759,4
1198428,3
1128073,4
1147517,6
1053947,4
1248540,3
1121914,5
1279508,6
1237445,5
1186547,3
1307245,5
1323603,1
1042060,6
1118238,5
1308584,5
1097907,3
1007134,3
1066815,4
1069768,1
1068940,6
1310459,3
1093030,5
1151206,4
1191983,6
1211554,3
1215302,6
1266945,3
1200213,1
1293266,6
1170619,3
1063496,1
1060091,3
1039095,1
1248397,1
1258864,1
1087659,4
1175881,3
1035592,5
1295705,5
1054955,5
1292723,6
1199668,5
1229995,4
1008743,2
1121084,3
1105152,6
1069354,6
1278750,3
1057345,5
1045835,5
1323372,1
1224467,4
1300733,6
1196168,3
1125998,6
1266504,3
1021418,7
1120016,5
1272273,5
1049227,6
1246584,5
1108707,4
1006885,4
1157601,3
1262151,3
1068702,1
1099627,6
1161352,4
1093015,4
1076820,6
1101141,4
1269421,7
1087605,3
1316072,6
1305813,6
1207974,3
1171066,1
1196880,1
1177079,6
1055345,6
1179968,6
1230637,6
1178107,5
1030035,6
1039706,4
1277183,3
1093080,4
1094281,1
1067529,1
1197049,3
1050897,4
1307657,5
1042947,5
1300085,6
1128154,1
1181345,5
1302633,3
1135376,6
1133496,3
1011288,4
1073316,4
1054282,4
1199927,4
1075465,4
1013616,6
1147093,6
1180466,6
1262425,5
1149856,3
1265097,5
1079141,5
1225165,5
1254805,4
1066425,1
1284719,3
1310976,6
1315785,4
1313266,6
1177061,6
1012138,3
1058405,4
1022605,3
1241106,6
1322360,6
1080349,3
1093602,4
1202689,5
1096155,4
1170520,1
1006016,6
1089844,3
1183761,1
1055468,1
1160728,6
1140244,4
1233930,1
1200884,1
1025922,6
1062772,4
1304566,4
1316147,4
1203310,6
1040695,3
1259541,3
1235984,6
1312226,1
1122217,4
1026393,3
1209845,4
1268062,4
1074112,6
1108010,1
1229570,4
1081696,3
1239453,5
1254570,1
1169530,3
1286667,5
1186577,3
1040577,3
1072712,7
1059132,6
1239678,3
1239121,6
1293255,4
1280793,6
1063621,6
1181610,3
1055265,1
1143139,3
1192969,4
1228988,3
1105583,4
1007566,2
1118068,4
1186849,1
1140390,5
1017853,3
1159684,4
1065106,3
1200881,4
1175940,6
1015894,1
1155782,3
1144750,6
1282136,3
1036214,6
1300115,3
1199823,4
1055814,4
1127785,4
1310401,5
1071820,6
1100227,6
1144303,6
1170653,5
1184450,4
1078020,6
1245725,3
1029316,4
1047431,6
1045767,3
1044593,1
1218188,4
1060297,4
1179095,6
1194335,1
1274884,1
1075104,5
1265472,5
1182216,3
1099394,4
1254916,3
1278452,6
1316405,6
1161229,5
1300799,6
1201390,6
1236908,5
1024978,5
1094267,1
1206564,3
1301961,3
1200133,5
1021244,4
1325212,1
1023759,3
1052684,3
1319501,1
1106519,4
1106993,3
1188765,4
1297857,5
1252839,6
1115816,3
1224968,3
1248204,6
1126855,4
1078203,1
1300748,6
1211419,4
1269021,4
1299801,6
1187819,5
1185328,3
1116770,2
1233485,4
1078489,3
1206794,5
1086727,6
1270573,1
1218244,6
1180008,6
1015868,4
1142208,3
1228315,6
1004943,3
1271768,6
1041964,6
1072104,1
1195490,3
1004477,6
1048753,4
1300423,5
1203254,5
1233245,5
1253887,5
1025254,4
1009906,3
1149746,3
1040478,4
1019525,3
1263802,5
1247379,4
1163994,4
1241394,5
1304953,6
1020894,6
1202704,6
1279150,6
1249630,5
1305915,4
1270872,3
1082810,1
1041530,6
1053328,4
1111093,4
1309702,6
1199818,4
1068828,5
1170629,5
1205988,6
1095768,5
1175341,4
1039902,6
1071421,6
1168891,6
1003602,3
1261546,3
1256126,4
1147126,5
1317597,1
1017143,5
1163586,6
1000135,5
1247787,5
1010175,5
1278819,5
1263723,4
1254716,4
1206381,1
1013448,6
1108175,6
1004559,4
1210286,6
1117181,1
1223615,3
1313472,5
1195306,5
1324998,3
1056774,6
1230425,3
1216091,1
1001024,1
1083745,4
1212971,3
1110213,4
1316815,3
1025981,3
1274247,5
1034253,3
1219720,6
1242110,1
1230200,4
1262447,3
1200798,3
1045352,5
1213071,4
1228215,6
1068458,3
1112184,1
1245359,6
1082229,6
1154688,3
1167128,3
1292582,1
1210609,3
1245590,4
1039770,1
1160798,3
1113741,4
1049763,4
1320861,5
1080490,6
1211739,3
1259671,3
1074576,5
1195536,3
1234711,2
1039195,3
1257717,3
1271367,5
1079947,4
1138736,6
1135247,5
1109456,3
1093821,5
1042392,3
1150540,1
1317831,1
1247723,5
1014868,5
1204974,6
1015843,4
1295698,6
1310631,1
1258611,3
1172522,1
1011919,6
1319881,6
1307864,6
1024082,6
1143590,4
1218698,4
1237818,5
1152844,3
1075155,6
1037228,6
1177024,5
1133574,6
1172124,1
1280022,3
1157536,5
1047716,6
1109648,4
1282865,4
1085499,1
1248429,1
1104215,3
1278325,1
1306890,4
1248581,4
1067333,6
1186803,1
1203316,1
1233898,6
1182813,3
1152898,6
1025805,6
1128423,4
1143343,6
1044823,4
1032287,4
1141135,6
1109475,5
1119743,4
1027037,1
1299074,5
1075767,3
1085122,5
1180526,3
1114647,4
1313535,3
1022040,5
1006439,3
1116828,4
1074532,5
1183280,6
1277357,1
1011790,3
1192960,6
1250835,6
1180877,6
1284681,4
1260243,5
1267888,4
1305713,6
1081202,6
1231182,3
1004354,6
1132756,4
1205144,3
1076967,3
1017479,6
1114337,3
1241214,4
1243173,5
1120663,3
1062412,4
1181702,3
1043598,4
1148763,2
1019631,4
1168808,1
1167941,6
1026726,4
1190209,3
1048808,6
1113698,4
1217059,6
1271044,2
1140347,6
1288816,3
1234005,3
1220111,6
1314357,5
1059712,4
1301622,6
1204781,6
1292587,3
1091733,4
1048394,6
1139865,6
1263154,3
1063306,4
1295422,3
1012729,3
1139365,3
1182451,4
1148912,6
1083836,1
1186985,6
1171474,5
1144918,3
1076931,5
1007388,1
1154773,5
1270977,3
1245219,3
1251177,4
1196356,4
1238864,6
1262930,4
1091143,6
1255708,3
1272762,6
1221045,4
1064826,3
1027512,3
1161761,4
1048348,5
1125516,6
1306395,6
1199791,5
1301035,6
1282809,3
1276837,3
1145194,6
1318712,1
1287429,3
1041692,6
1163863,3
1193763,4
1321748,3
1191042,6
1155750,4
1220438,3
1274160,5
1090229,3
1259206,6
1268387,1
1143480,4
1107551,4
1147918,4
1210683,1
1095659,3
1130546,5
1027213,6
1006991,3
1014558,6
1287266,3
1123843,6
1038344,3
1069383,4
1052714,3
1042621,6
1240848,6
1051126,3
1305202,6
1057350,4
1309618,5
1124167,3
1060453,6
1308172,4
1192558,6
1248708,4
1180146,3
1145991,6
1181159,6
1315955,1
1163419,6
1033175,4
1277898,3
1113372,6
1011719,4
1226712,6
1031169,6
1161599,1
1021004,5
1140499,6
1220710,3
1224127,6
1184292,6
1248828,6
1010248,5
1247670,6
1053130,6
1199187,1
1156186,6
1224159,3
1124532,5
1216977,3
1317601,5
1232316,3
1082765,1
1109866,6
1313934,1
1015490,4
1098145,5
1255712,6
1178274,3
1039023,6
1089627,3
1010300,4
1140075,5
1203182,3
1148670,1
1029940,6
1272315,3
1111785,6
1237755,6
1182417,6
1152957,5
1191894,3
1029181,1
1200928,3
1259938,5
1086373,4
1141486,3
1073846,3
1216251,1
1087479,6
1211787,6
1074261,4
1061841,3
1123836,4
1020387,5
1031961,5
1035299,6
1157936,6
1132961,6
1017379,4
1138960,6
1248266,1
1204576,6
1115432,5
1317651,4
1304567,4
1234857,3
1071636,4
1081873,5
1053825,6
1307573,6
1305685,5
1301107,6
1136039,6
1289945,6
1158484,6
1001086,1
1106779,3
1219937,6
1136554,6
1013575,3
1260262,3
1300212,5
1246879,6
1053366,6
1156537,3
1238293,5
1231288,4
1157935,4
1298414,6
1058629,4
1229860,6
1009820,6
1294244,6
1124734,1
1078827,6
1059278,3
1108425,1
1044420,3
1135188,6
1201372,3
1000660,4
1117878,6
1297621,3
1287127,6
1281852,6
1276764,3
1286582,1
1220141,4
1178393,6
1170912,4
1066716,3
1017382,5
1143077,6
1267008,3
1139015,4
1057108,1
1213091,6
1271743,6
1186942,3
1325324,4
1160011,6
1237710,3
1323520,6
1145820,6
1105394,6
1101972,5
1067321,5
1142825,5
1091401,5
1165031,6
1086888,3
1057930,1
1091064,6
1171094,6
1160348,3
1161069,6
1219420,6
1105735,3
1267709,4
1268314,6
1247123,1
1265231,6
1084817,4
1084169,6
1133366,6
1266971,3
1083398,3
1085502,4
1208886,4
1217855,3
1263775,1
1183050,4
1193952,4
1128213,5
1279196,5
1271466,4
1240456,6
1135105,3
1253022,3
1320938,1
1126041,4
1184936,6
1175638,6
1266419,4
1218363,6
1273972,4
1170371,6
1309154,1
1268460,3
1033500,6
1309418,4
1273727,3
1250276,5
1101274,2
1298624,4
1086252,3
1281005,3
1207932,5
1004604,5
1029575,6
1221044,5
1000879,6
1320857,6
1154684,3
1195723,4
1081455,3
1019029,4
1175228,6
1126885,6
1188621,4
1098411,3
1034838,6
1316699,6
1123904,6
1242960,5
1091182,5
1262070,6
1039259,3
1150245,5
1240679,6
1308023,4
1006336,4
1272892,3
1099489,6
1076555,4
1296831,5
1092673,1
1012085,3
1163679,5
1270377,6
1030092,3
1072634,6
1066506,3
1031448,4
1086284,5
1243377,4
1142691,6
1278128,3
1216151,6
1071352,5
1109270,3
1200035,4
1285846,6
1163291,6
1090011,1
1094061,4
1085374,6
1276789,3
1287608,4
1216366,4
1230489,5
1132680,4
1202194,1
1075734,3
1050104,3
1228427,3
1128196,3
1261653,1
1175466,4
1199647,4
1080993,3
1127086,3
1171717,3
1056485,3
1003329,4
1037176,6
1103057,5
1167206,3
1187931,4
1225475,6
1032461,3
1092144,3
1293466,4
1011939,3
1226083,4
1190135,4
1059160,6
1061286,6
1054926,4
1156709,5
1122949,3
1271444,1
1023451,4
1053693,5
1093320,5
1265763,3
1027970,1
1298058,6
1066157,1
1001349,2
1207436,3
1008139,3
1019579,1
1128079,5
1227908,4
1262362,2
1012701,3
1006417,6
1314657,3
1059650,1
1151166,1
1086777,3
1087502,4
1050476,6
1311759,6
1195963,5
1206744,6
1300502,1
1056190,6
1068022,3
1075227,1
1050367,5
1182546,4
1084783,4
1099000,5
1110119,3
1091813,5
1315269,5
1129339,1
1045447,6
1183201,3
1059210,4
1316782,6
1174696,6
1149305,6
1132247,5
1296469,1
1250445,3
1160969,3
1112114,5
1260354,5
1295572,6
1268995,3
1271111,3
1247778,3
1288098,3
1156094,3
1284387,6
1246465,1
1203072,1
1318116,4
1023083,4
1235605,1
1212203,3
1262902,3
1239484,3
1071502,4
1053780,4
1135889,4
1252291,6
1308756,3
1018573,4
1186115,3
1096510,1
1142510,1
1243268,3
1260959,5
1068584,3
1189860,3
1275013,4
1313119,1
1094302,7
1308042,6
1057489,5
1106447,5
1031894,4
1197016,4
1254752,6
1303399,6
1021625,6
1072555,6
1220565,5
1007150,3
1185479,4
1253533,4
1103540,5
1167058,3
1199699,4
1155102,3
1151145,1
1012804,4
1288074,4
1305199,1
1010393,5
1207421,4
1268180,6
1082007,6
1258615,6
1012531,1
1289956,6
1215858,6
1023356,6
1271644,4
1152879,5
1132226,4
1153582,3
1305546,6
1155498,5
1062329,4
1163529,6
1245651,3
1184463,3
1264245,3
1303940,3
1128838,4
1239184,1
1324753,1
1066263,4
1056881,1
1076476,3
1287456,2
1123783,5
1125536,3
1260135,6
1199612,6
1111387,5
1314471,5
1286964,5
1075692,3
1084092,3
1030594,3
1042199,4
1228059,1
1055944,3
1041625,4
1033519,4
1285418,6
1171451,1
1050819,4
1253791,3
1013723,3
1285465,6
1286896,3
1208728,5
1003520,3
1138268,4
1088007,4
1250001,6
1029128,3
1072886,6
1075404,4
1123068,6
1285910,3
1299265,4
1241085,6
1272000,3
1183648,6
1069303,3
1117165,5
1161745,1
1119234,4
1013784,4
1242950,1
1282160,4
1117952,3
1169494,6
1203496,4
1306940,3
1118077,6
1202112,6
1030971,5
1216766,1
1320254,5
1260902,5
1280827,4
1179482,1
1278641,5
1064289,6
1029430,1
1235178,5
1276593,5
1118710,5
1194468,1
1055925,5
1266630,5
1054428,3
1045733,3
1279602,1
1036752,6
1301787,6
1010415,5
1088929,3
1247259,1
1322511,4
1006409,2
1301800,5
1031216,3
1000694,1
1055024,6
1008352,4
1110268,5
1210154,2
1190385,1
1112259,5
1197606,1
1104419,3
1026152,5
1163219,1
1182060,6
1216735,4
1124983,4
1242177,6
1252192,6
1012079,3
1288547,6
1132872,4
1292063,5
1240194,6
1014696,4
1028446,3
1027979,4
1215267,5
1168155,5
1002724,1
1019553,4
1038425,3
1148836,1
1258627,1
1021337,5
1236134,3
1001966,3
1226940,6
1176662,6
1244261,1
1323235,4
1301034,5
1189840,4
1296526,6
1147805,4
1252883,6
1272849,5
1051900,3
1271939,4
1178943,4
1212041,5
1044630,3
1154665,1
1087756,6
1302852,5
1018679,1
1060953,1
1107843,4
1046090,3
1183650,6
1177059,3
1234113,6
1056914,6
1007610,1
1175697,4
1133039,5
1303261,3
1292485,5
1121468,5
1288892,3
1002359,6
1006553,5
1191398,6
1201847,6
1165073,6
1073832,4
1006607,6
1250215,4
1114048,3
1217771,3
1095704,1
1191622,5
1006259,4
1303666,6
1292429,4
1010656,6
1311440,1
1064592,6
1106229,5
1209574,5
1070163,3
1254602,6
1003303,4
1283876,5
1309562,1
1288589,5
1178602,6
1032799,3
1131138,6
1042355,6
1148680,4
1069993,6
1110916,6
1291596,3
1174916,1
1238620,6
1228832,4
1187846,4
1267098,6
1284413,3
1276780,1
1324443,6
1112420,4
1229493,4
1250407,3
1103424,1
1057300,6
1245609,4
1300350,3
1111085,6
1314515,4
1134331,3
1137342,6
1134141,4
1091178,5
1137865,3
1059130,3
1179977,6
1194419,3
1184227,5
1229873,6
1131310,1
1118925,4
1112023,3
1033206,3
1270203,6
1296642,5
1048217,6
1037138,6
1049857,3
1251066,4
1214417,1
1310679,4
1149065,6
1307967,3
1094621,6
1174679,6
1319391,4
1218163,6
1078590,3
1211658,3
1141648,6
1064706,3
1272370,3
1246847,4
1219190,6
1181379,6
1316191,6
1271998,4
1071008,5
1108167,6
1153341,4
1201611,3
1260299,3
1017754,3
1093465,4
1183708,1
1210802,4
1014439,4
1176011,6
1153636,4
1112764,1
1218003,6
1086049,4
1149960,1
1186654,6
1249792,3
1305149,4
1103533,4
1236747,3
1115017,3
1152134,6
1016583,4
1215744,3
1196854,5
1047786,3
1229649,6
1051898,3
1098226,1
1087826,3
1062575,3
1244552,5
1288330,3
1286672,3
1051505,5
1253044,4
1234819,4
1222451,5
1191222,5
1188209,6
1289078,4
1095636,1
1018572,4
1013603,4
1270903,3
1166587,4
1052594,5
1159652,4
1176109,3
1139935,3
1032560,4
1180518,5
1261786,5
1057830,3
1030478,5
1141296,4
1068692,4
1183449,3
1090638,3
1294811,1
1254687,6
1065576,3
1062152,3
1307931,4
1284077,6
1012716,3
1019318,1
1272822,3
1011896,3
1231207,6
1212655,4
1321013,3
1279245,6
1014257,6
1166648,1
1172188,6
1169350,1
1139674,3
1112384,5
1022101,5
1045713,4
1093153,5
1021627,4
1249496,3
1285236,6
1036771,3
1064317,1
1192353,1
1303348,1
1128488,7
1091211,5
1032214,3
1139437,4
1262635,3
1035649,6
1106816,4
1033806,4
1166733,6
1313525,3
1076681,4
1312959,3
1238803,6
1276358,3
1124131,6
1268025,6
1298625,3
1005578,4
1073911,3
1294728,3
1071540,1
1038353,6
1173210,6
1119764,3
1123131,6
1067211,3
1157853,3
1248665,6
1259234,6
1230547,1
1228679,6
1008464,5
1112220,1
1045256,3
1218171,3
1250456,3
1146857,6
1006983,5
1008768,1
1058218,3
1070458,4
1046929,4
1098114,1
1212057,6
1294858,6
1296819,6
1125046,4
1165595,6
1100795,4
1129206,3
1313001,2
1013239,3
1277345,5
1165005,4
1094068,4
1268350,6
1118804,4
1249469,1
1012837,1
1046316,3
1155590,6
1083280,6
1263760,4
1025204,3
1224028,3
1305469,6
1150558,5
1229813,1
1028832,3
1168731,3
1094938,1
1115791,6
1199562,4
1314665,4
1283480,6
1271817,3
1287574,3
1281979,3
1015468,6
1063035,6
1098399,6
1082173,6
1230888,3
1125146,3
1251937,4
1274330,3
1261099,4
1261670,3
1017485,5
1145555,5
1244705,5
1265947,4
1200234,3
1152452,6
1275481,1
1216786,6
1251665,3
1116121,5
1089307,6
1039096,5
1286297,3
1170425,3
1311937,3
1219756,4
1076837,5
1263876,5
1231688,4
1143143,5
1090256,4
1054983,4
1117911,4
1095684,5
1035234,6
1257714,4
1076923,3
1103345,3
1289580,1
1255137,6
1036256,6
1015445,3
1179472,6
1004080,3
1150744,6
1013592,6
1082662,4
1265935,3
1263751,5
1280695,6
1090358,6
1184193,6
1233414,3
1129099,5
1209923,1
1305741,1
1268707,3
1254411,1
1050945,6
1116395,4
1003510,3
1044598,4
1190106,4
1275135,3
1262378,6
1211440,3
1174853,5
1107854,1
1046438,6
1131095,4
1290924,5
1098224,6
1073350,3
1302305,6
1103504,5
1143808,1
1139724,4
1239067,4
1315608,6
1126157,5
1213860,4
1109888,4
1269911,3
1016450,4
1049635,4
1175464,3
1309691,4
1097388,3
1115884,6
1272482,1
1113794,6
1307336,1
1271502,3
1013203,3
1034914,4
1145371,4
1197542,4
1114524,4
1190593,1
1198315,4
1031751,1
1226141,5
1192421,4
1138347,6
1186212,3
1002539,1
1073371,6
1265089,6
1246242,1
1079724,5
1237591,3
1276236,3
1024392,3
1133567,4
1030188,4
1315713,4
1145915,3
1094166,6
1317065,1
1297062,1
1117291,1
1303455,6
1075622,3
1205992,4
1318912,3
1091037,4
1289983,3
1030636,6
1104825,6
1049165,4
1310095,6
1099611,3
1065391,3
1092257,1
1149372,5
1075681,4
1284733,6
1052442,4
1013949,6
1022525,6
1039496,5
1232738,3
1120348,4
1099415,6
1277627,4
1024795,3
1125408,4
1298421,6
1137343,3
1325289,5
1004432,6
1054990,3
1153974,6
1025847,6
1248366,4
1047324,1
1202535,6
1181296,4
1264737,6
1240966,4
1263487,6
1212493,5
1173264,4
1014995,1
1193792,4
1289591,1
1163357,5
1157140,5
1003481,6
1096785,3
1035748,5
1193833,4
1237833,5
1170575,1
1289447,6
1221908,6
1196749,6
1012782,5
1247175,1
1002790,1
1188686,3
1151348,6
1116802,5
1023259,6
1141357,4
1032967,6
1110453,4
1050063,4
1316002,4
1135893,3
1263838,1
1177366,1
1269246,4
1322768,3
1160941,3
1316293,3
1023051,6
1089075,4
1222276,1
1065051,4
1320467,5
1273298,2
1318123,1
1308017,6
1115164,6
1006634,6
1163619,3
1147007,4
1128615,4
1080144,4
1136068,6
1014708,6
1100022,1
1023825,4
1196969,5
1002766,3
1270532,6
1255104,6
1011817,3
1040487,6
1249558,6
1161961,5
1007408,4
1295115,4
1310333,3
1188630,5
1000303,4
1276429,4
1049877,5
1182181,6
1180107,6
1299527,1
1284303,3
1039086,5
1086269,6
1037652,2
1108808,6
1227465,3
1116693,3
1209077,6
1095552,4
1083283,3
1059711,5
1266283,6
1044104,1
1138863,5
1029398,4
1295315,6
1048074,4
1152563,3
1081150,3
1100253,3
1007513,6
1171856,1
1278281,3
1161801,5
1055859,3
1150520,6
1111328,3
1285950,4
1192393,4
1302865,4
1020646,1
1213116,1
1056415,5
1093286,3
1086595,6
1186341,5
1231098,6
1243251,6
1115862,3
1300606,1
1115174,6
1243417,1
1002600,3
1241842,1
1266009,1
1183314,4
1152542,3
1063106,6
1012114,6
1214924,1
1065568,4
1147873,6
1110783,3
1112232,5
1019930,3
1264169,6
1139824,6
1019640,3
1008671,6
1006200,5
1060704,4
1188455,6
1142729,4
1256491,6
1116496,6
1213582,1
1156676,1
1253467,3
1192181,3
1046870,5
1299632,3
1056545,6
1194514,3
1187770,1
1012164,6
1283088,5
1254486,4
1077509,4
1321412,3
1138628,6
1029356,6
1028023,6
1108826,3
1238426,5
1071785,6
1204503,1
1144325,4
1155186,1
1224207,4
1050508,5
1080077,4
1012699,4
1174789,1
1312940,3
1202352,4
1056305,5
1234481,3
1232980,4
1161150,4
1306028,3
1234925,1
1149564,6
1159414,3
1097707,1
1065991,5
1161758,4
1004097,6
1070017,4
1301493,4
1255747,6
1043657,1
1025661,4
1200475,6
1016734,5
1306566,4
1295876,1
1023965,6
1145945,3
1187150,1
1148515,6
1051002,6
1077854,4
1052035,1
1047112,6
1284791,1
1181017,5
1206189,3
1069942,5
1122928,6
1227425,6
1238889,4
1131046,3
1028895,5
1156448,4
1258287,1
1211614,4
1282482,7
1125734,6
1288624,3
1035138,6
1221085,3
1231506,5
1073871,6
1051565,3
1323820,3
1009562,3
1091404,6
1167851,5
1001668,3
1201506,3
1056114,1
1011985,4
1103331,4
1059728,3
1311159,6
1149460,5
1207197,6
1164608,6
1070551,5
1189625,7
1259609,4
1324630,2
1309937,5
1309065,1
1060376,2
1205911,3
1037463,6
1296986,6
1178236,4
1250849,6
1298774,4
1232805,6
1129137,6
1197167,6
1195573,3
1221235,5
1223961,4
1306674,3
1001944,4
1070289,4
1233042,4
1099723,5
1157647,6
1213672,5
1064364,6
1153073,1
1155223,3
1179306,6
1242629,6
1004990,6
1171636,3
1170121,5
1148109,3
1251005,5
1195088,4
1226804,2
1009558,1
1086554,6
1269567,3
1067720,3
1005461,3
1221699,6
1261364,4
1123424,6
1283115,3
1151063,6
1204234,3
1105228,5
1107177,3
1061703,1
1056026,6
1114897,3
1304656,3
1278420,3
1186514,4
1241098,4
1251176,4
1014426,1
1247086,4
1191356,1
1310190,6
1195990,4
1174182,6
1092868,6
1289411,5
1060560,3
1317592,1
1289557,4
1236911,3
1053271,1
1199067,5
1125327,5
1226848,3
1174995,4
1179015,1
1126939,4
1288458,4
1016462,6
1205611,4
1126237,6
1248005,5
1239035,3
1078477,1
1005632,4
1240622,4
1302453,3
1085904,3
1041971,3
1054992,6
1300322,5
1022267,6
1325348,6
1092939,4
1139705,5
1267299,3
1192180,2
1068572,6
1276453,5
1243261,3
1233595,1
1034670,6
1269940,4
1279470,4
1012631,4
1282327,5
1019918,4
1132957,3
1180493,3
1243861,3
1136978,4
1080731,1
1313652,4
1262046,4
1246420,5
1202639,6
1185480,6
1266888,4
1079879,1
1117573,1
1008386,4
1030899,5
1301233,5
1303647,4
1232712,4
1292439,6
1287109,4
1117257,5
1313542,4
1173426,4
1105119,1
1049885,3
1313580,4
1162924,5
1154428,1
1220812,6
1108491,6
1010867,3
1205076,1
1301553,6
1268649,6
1175721,1
1200742,1
1141199,4
1207877,6
1077205,4
1305885,4
1082020,3
1283172,6
1056968,3
1266551,4
1131710,3
1135030,6
1190556,5
1266129,6
1234578,4
1282594,6
1147139,6
1250054,1
1309429,3
1293685,3
1146503,6
1068588,6
1316248,3
1297591,3
1129971,4
1091907,3
1097839,5
1092724,5
1180161,1
1021867,4
1298446,6
1257418,3
1030943,4
1270445,6
1237699,5
1073451,4
1125015,6
1210929,3
1024866,5
1162111,6
1322684,4
1242248,6
1025406,2
1099132,1
1083472,6
1019183,6
1163947,6
1159220,6
1277630,4
1242801,6
1302807,4
1012363,4
1163546,5
1213723,3
1242846,1
1275286,1
1070843,5
1154685,4
1137998,1
1203649,4
1074434,3
1010624,5
1005760,4
1080932,1
1029175,5
1231492,1
1006379,6
1020313,1
1228912,4
1227445,4
1293313,4
1257264,5
1220149,1
1268552,3
1312369,6
1137146,5
1305131,6
1213454,4
1246417,5
1296988,3
1314715,3
1309822,4
1023867,4
1142039,5
1053880,6
1125725,4
1103636,4
1163267,4
1239954,3
1217480,6
1051851,4
1240579,3
1004069,4
1267636,6
1013386,4
1269540,5
1033802,5
1203674,6
1217397,4
1239809,1
1013807,6
1301025,4
1174584,6
1186165,6
1146002,6
1265775,3
1007100,3
1236644,5
1058544,6
1189390,3
1144167,4
1153038,3
1291130,6
1156227,1
1100115,6
1245643,1
1039385,3
1184498,4
1222535,1
1010383,3
1259101,4
1125113,4
1295267,5
1077242,1
1238930,6
1231950,3
1245170,6
1267058,6
1016807,4
1067024,5
1260070,3
1292708,3
1118890,4
1285839,4
1204213,4
1071093,1
1149876,6
1248396,4
1026494,3
1111058,5
1198258,5
1315616,4
1020248,3
1081934,3
1322488,1
1239238,5
1247154,4
1074872,6
1128217,6
1292975,4
1152430,4
1072175,5
1268521,3
1290611,5
1258599,6
1027138,5
1149285,5
1282264,1
1079918,1
1011553,5
1100343,3
1163750,3
1227744,3
1043144,6
1020660,4
1218451,6
1173816,4
1277486,4
1321818,6
1212975,6
1174096,3
1113483,1
1089578,3
1305472,4
1244075,3
1217935,4
1258357,5
1239230,6
1119069,1
1074165,5
1271746,3
1066347,3
1208327,3
1294380,4
1290502,6
1283523,6
1222774,6
1196418,1
1060534,4
1085685,3
1217177,5
1230330,3
1294930,6
1116361,4
1206079,6
1167609,3
1016606,6
1009908,6
1009957,4
1213426,6
1086228,5
1284501,4
1007902,6
1065172,1
1321656,3
1160413,5
1129427,3
1203132,6
1112531,4
1210610,6
1222288,1
1124733,4
1039102,6
1105741,1
1087138,6
1311409,4
1159604,6
1226199,5
1000264,6
1315990,5
1155393,3
1111557,4
1303692,1
1000723,5
1096687,6
1299851,3
1083883,1
1086331,3
1292694,4
1316366,4
1135311,6
1056927,6
1011740,4
1223171,6
1216621,4
1098287,3
1071206,1
1323100,4
1020032,4
1189806,5
1263904,5
1155676,5
1324763,4
1205795,3
1028762,3
1315788,5
1321866,4
1062357,6
1210449,4
1088006,4
1274654,5
1165748,1
1198867,4
1188985,5
1149984,3
1030094,4
1090297,1
1005339,4
1300262,6
1094237,3
1205420,5
1133405,4
1034065,4
1059284,3
1299143,4
1315668,6
1247676,4
1143983,6
1214738,3
1006121,3
1291870,4
1068665,6
1071663,6
1131023,6
1070685,5
1064011,4
1196199,6
1237072,4
1280185,5
1247200,4
1264753,3
1118904,1
1276133,1
1230828,3
1196727,6
1260046,4
1068864,3
1072120,6
1148242,3
1171606,4
1186609,5
1086815,5
1042271,6
1141464,6
1078722,5
1219980,5
1102479,4
1069322,6
1110093,4
1293018,6
1221886,1
1213820,6
1000979,4
1014863,3
1047841,1
1283698,6
1044086,6
1152464,5
1268912,6
1226214,1
1090861,4
1175356,4
1160697,4
1059211,6
1158624,6
1286925,1
1268523,3
1194477,6
1099075,3
1059246,3
1100610,4
1233767,3
1003218,6
1184697,6
1076919,3
1149963,5
1286358,4
1073707,5
1313820,6
1208044,6
1206303,1
1148947,4
1067164,1
1316922,6
1305090,4
1257934,5
1075353,3
1190270,6
1124455,4
1271438,5
1098173,5
1087177,4
1109445,4
1257745,1
1192711,3
1244357,4
1093750,3
1177737,6
1114609,3
1201068,5
1191330,1
1294106,1
1102340,7
1107507,3
1165216,6
1154029,3
1304578,6
1060841,4
1038441,5
1094730,3
1065457,4
1300093,6
1083531,6
1165725,5
1317769,3
1078248,4
1127637,3
1014714,3
1256612,3
1296316,6
1034335,4
1280144,4
1138905,6
1109701,6
1242739,6
1153831,1
1046918,3
1083874,4
1009853,4
1054136,4
1131139,5
1045585,6
1258867,1
1001288,1
1074345,4
1269407,4
1087477,1
1081195,6
1184478,6
1289023,6
1146397,3
1155265,6
1128654,3
1211437,3
1164353,3
1027363,6
1240384,5
1247645,5
1260770,6
1094506,4
1029344,6
1000140,4
1219878,6
1237569,6
1270898,4
1079081,6
1153751,5
1193768,3
1108078,6
1164754,6
1179022,6
1087212,3
1142989,5
1168768,6
1185823,6
1168757,3
1311073,6
1005234,6
1073914,5
1021612,6
1208071,6
1275885,6
1063782,4
1270738,4
1149083,5
1293287,4
1272946,4
1186139,6
1079754,3
1265424,4
1029157,5
1207617,3
1309789,4
1277290,4
1244998,4
1115950,6
1090296,3
1157010,3
1246624,6
1159692,1
1212973,4
1229499,6
1220811,6
1027510,7
1272492,6
1036245,4
1219509,1
1225933,4
1144905,3
1278364,5
1144432,4
1085735,4
1259349,3
1155239,3
1069299,6
1195882,5
1256964,3
1133842,5
1096264,1
1160405,1
1270335,1
1041919,4
1275497,6
1294520,6
1170115,6
1206657,5
1235268,6
1195236,6
1012726,6
1174061,4
1169874,6
1125171,6
1306763,4
1287925,6
1317997,5
1244644,1
1091554,3
1162227,3
1112861,1
1045988,5
1197024,4
1030072,4
1064384,6
1083067,1
1311488,4
1143650,5
1216102,5
1190659,2
1321772,5
1097314,5
1084183,6
1058642,5
1047136,6
1296459,3
1253231,5
1153208,6
1295083,5
1307911,4
1072812,4
1324458,4
1199524,1
1113120,3
1215958,4
1019470,6
1140169,4
1245723,5
1157244,4
1148217,2
1310605,5
1086083,6
1215304,6
1101978,3
1277881,1
1202671,4
1258634,1
1152934,6
1199268,4
1007960,6
1145358,6
1277653,4
1075634,6
1235261,3
1252466,3
1240053,1
1214493,5
1181797,3
1283281,6
1050799,3
1077051,6
1022201,4
1290538,1
1317512,3
1210145,5
1296703,4
1243080,1
1062643,3
1293334,4
1243370,1
1248630,3
1230383,4
1247194,6
1218480,1
1135267,6
1131664,3
1045167,6
1114388,4
1140626,3
1173553,3
1114495,6
1321134,3
1151919,3
1097900,3
1104527,4
1282332,7
1025654,3
1143351,3
1285817,1
1211749,3
1167969,4
1220091,6
1235357,5
1125763,3
1110392,6
1029209,4
1179514,5
1105284,5
1280297,6
1148817,6
1229631,3
1109019,2
1036369,4
1034155,6
1221751,6
1247239,5
1136435,5
1324611,3
1239546,1
1155164,3
1002890,4
1087089,6
1003785,3
1105748,6
1110923,3
1129527,6
1036677,3
1254839,1
1228900,3
1097310,4
1141516,1
1127894,3
1005676,3
1026630,3
1024342,6
1178504,1
1324984,3
1039403,3
1151313,3
1290677,3
1173122,6
1182020,3
1243849,1
1074025,1
1204821,3
1158723,4
1249752,4
1316928,6
1181793,6
1088455,3
1322687,5
1295520,1
1035154,1
1061547,3
1254011,1
1258959,1
1232567,6
1030726,6
1266972,6
1126749,4
1282827,5
1311344,4
1164802,6
1302381,3
1218705,1
1248382,4
1162602,6
1207138,6
1081918,4
1138244,6
1208654,6
1288846,4
1305815,5
1277970,3
1048856,6
1184105,4
1245838,6
1050121,1
1114060,3
1277946,6
1228925,4
1167476,5
1196360,4
1246769,4
1264227,4
1189600,2
1319290,6
1316864,3
1271784,6
1232362,3
1300123,6
1142005,4
1189850,3
1027796,1
1321769,4
1144394,5
1026257,6
1318652,5
1138485,1
1138733,4
1263480,3
1158655,5
1093931,4
1304047,5
1068597,3
1037156,3
1119976,4
1319258,3
1232904,5
1046985,1
1073276,4
1044426,4
1309686,3
1040297,3
1097813,3
1293582,5
1065477,5
1129875,5
1175153,6
1091015,3
1300880,3
1083448,3
1306250,3
1244963,1
1188096,6
1039392,5
1032802,3
1281397,3
1290831,6
1131026,5
1208472,1
1211538,6
1020169,3
1312858,4
1189728,1
1317310,1
1113659,5
1160026,5
1073685,4
1125215,6
1176383,4
1206925,5
1312642,1
1047439,4
1193877,4
1083721,4
1212340,1
1267213,6
1183390,6
1100898,5
1001994,4
1291831,3
1140584,3
1233802,4
1097763,5
1159973,1
1086429,5
1193382,3
1217697,4
1322071,1
1199937,5
1177730,3
1101629,3
1211146,5
1120961,1
1216734,6
1238566,6
1200489,4
1090389,3
1272198,5
1195139,3
1296889,3
1163740,4
1317706,5
1110438,4
1065465,5
1249689,6
1193011,6
1268140,4
1306993,3
1109450,6
1187908,4
1104789,5
1039089,3
1025129,3
1000266,6
1324796,5
1225829,5
1221763,4
1032833,6
1141547,4
1155158,6
1156134,4
1071760,3
1068975,3
1264563,4
1057156,5
1184134,5
1206252,1
1091117,1
1038579,5
1109171,4
1319554,3
1095761,4
1082134,3
1007356,3
1047025,4
1116259,3
1267945,3
1218608,4
1016886,6
1165918,1
1162680,4
1256292,5
1307822,5
1298563,4
1112595,6
1237855,6
1219960,3
1052258,4
1216441,3
1047880,6
1283939,5
1244173,1
1074495,5
1256357,1
1041600,5
1169947,4
1293755,4
1252292,4
1224221,6
1299396,4
1061934,6
1152962,3
1009742,6
1150547,3
1027176,3
1045145,6
1044461,6
1307400,1
1100012,5
1175820,4
1065117,6
1262499,4
1170600,3
1310033,3
1090692,7
1274821,4
1114026,4
1084189,6
1246181,3
1240468,6
1025862,6
1065605,4
1239716,5
1149508,4
1140598,1
1135040,3
1150538,1
1056725,4
1277141,4
1214686,4
1226254,6
1058592,3
1037728,1
1162178,1
1204933,3
1281414,5
1305243,3
1167699,5
1055391,4
1060659,5
1030202,6
1184066,3
1115045,4
1053674,3
1290860,6
1116578,6
1067704,6
1131358,6
1026533,3
1055901,6
1321262,4
1158987,6
1159719,6
1261060,6
1174968,4
1035429,6
1064560,6
1262001,6
1118643,3
1278537,4
1250475,6
1138102,3
1242635,4
1017164,6
1094235,4
1268586,6
1162370,7
1007692,5
1252956,5
1320645,6
1200840,3
1321467,4
1246215,4
1240290,3
1300523,2
1169157,6
1181631,6
1070386,6
1254269,1
1258843,5
1039809,5
1049989,6
1104440,5
1064931,6
1229608,6
1209844,6
1060467,3
1018975,6
1024466,4
1198053,1
1258751,5
1240176,3
1281577,5
1079948,4
1204281,5
1162997,4
1256161,3
1078490,6
1014469,1
1033878,4
1041236,6
1140568,5
1101491,4
1311961,6
1281751,4
1266302,1
1101017,5
1030404,1
1167536,3
1297798,4
1110583,6
1246960,4
1143018,6
1267190,3
1136709,5
1053986,3
1239596,1
1077434,4
1259944,6
1012933,1
1133995,4
1270687,4
1293188,4
1224068,4
1065554,4
1249297,6
1066764,5
1283247,6
1248532,6
1011760,4
1088592,6
1177564,3
1305962,1
1111780,3
1268087,4
1123418,6
1026535,6
1159659,6
1280650,3
1189981,4
1269996,3
1044025,3
1285753,6
1215946,1
1224840,4
1185454,3
1013207,2
1079630,3
1244112,6
1052784,3
1225346,6
1304351,3
1089659,6
1167306,3
1136538,3
1277419,1
1223891,4
1256268,3
1058325,4
1309317,5
1280115,4
1065571,5
1272764,6
1171866,6
1010626,3
1121885,3
1217390,6
1198088,6
1258396,3
1232143,1
1207127,5
1198250,5
1206775,6
1101776,3
1213280,3
1021379,3
1287302,5
1317664,5
1299462,5
1138652,5
1265938,3
1001104,6
1038422,1
1033882,3
1248121,4
1021885,6
1291141,6
1032105,6
1263708,3
1136941,6
1211937,1
1175158,4
1097118,4
1280141,6
1018353,3
1317709,3
1012211,4
1111402,4
1258834,3
1108687,6
1267556,4
1047627,4
1065291,1
1307733,5
1217750,4
1246840,6
1034940,4
1243062,5
1105272,5
1018984,6
1103270,1
1302389,5
1028721,4
1228109,3
1059649,6
1052647,3
1071477,3
1109127,6
1024491,5
1232176,4
1063591,6
1196154,6
1127119,5
1249863,3
1202832,5
1136715,5
1319307,3
1112096,3
1005223,6
1055460,3
1241565,3
1242579,3
1288269,6
1201387,1
1285350,6
1236474,6
1264853,6
1187171,6
1044115,3
1099064,4
1221230,1
1078151,6
1053365,6
1208429,3
1242866,1
1165566,5
1298118,6
1025510,1
1067641,5
1092956,5
1161024,6
1180039,6
1049231,4
1041823,1
1044994,3
1294436,6
1159917,6
1322680,3
1018996,1
1267461,3
1291644,5
1318514,3
1102251,3
1015117,3
1132410,4
1037900,6
1132381,6
1160509,4
1172631,6
1160737,6
1086909,5
1041556,3
1228296,6
1066595,4
1291719,1
1304105,3
1209954,4
1003994,6
1227723,4
1131650,6
1072224,3
1045040,4
1162600,3
1145710,5
1012439,4
1151267,3
1249007,1
1274145,3
1040167,3
1320090,5
1325440,6
1108608,4
1260337,4
1249043,3
1293661,6
1232483,5
1266500,2
1113412,6
1247626,4
1162767,6
1120720,5
1121389,5
1135655,5
1151129,4
1190449,6
1142958,4
1023017,6
1113829,6
1198463,5
1169980,3
1256759,3
1215549,4
1309541,3
1248846,1
1256373,6
1197968,4
1241204,4
1097266,1
1001497,6
1226379,4
1099758,6
1191538,5
1148498,5
1214242,4
1195936,1
1191843,6
1252662,3
1016670,3
1309250,4
1044290,6
1255537,4
1067888,3
1099740,6
1250283,6
1167333,5
1139630,6
1141994,5
1224112,7
1062011,3
1027944,2
1317352,3
1018011,3
1194021,1
1116864,4
1235747,3
1291440,3
1137920,6
1271051,6
1312060,1
1181469,3
1134835,6
1103311,4
1108231,3
1143943,6
1090307,1
1092574,6
1012269,3
1289128,4
1173380,3
1089693,5
1144011,3
1286434,6
1068317,1
1062926,1
1025858,3
1015483,6
1164869,1
1014117,5
1001084,5
1298314,6
1108532,6
1185097,6
1123339,3
1224229,3
1223550,4
1282983,3
1234218,3
1239020,4
1162395,3
1091856,6
1091486,3
1192572,4
1196553,1
1110919,3
1017521,4
1163978,6
1005892,5
1236425,6
1116943,1
1287768,4
1016455,1
1112555,3
1087836,5
1204566,5
1143573,6
1059017,5
1098654,4
1241827,3
1100186,7
1054242,4
1226743,3
1264270,6
1219454,3
1223286,4
1215741,3
1184685,3
1002540,4
1077547,3
1259416,5
1237917,1
1299728,6
1104961,3
1314488,4
1258883,4
1308181,6
1131795,3
1207774,7
1053867,6
1219474,4
1063297,6
1272653,4
1109145,3
1003211,1
1074820,6
1018606,3
1215944,4
1316550,4
1015529,6
1097371,3
1254096,4
1313250,7
1248139,6
1247196,3
1056145,6
1167111,1
1206215,6
1295749,4
1120010,4
1062335,6
1203261,6
1175094,4
1175175,4
1016132,4
1261917,6
1257976,3
1309247,6
1279965,6
1283568,6
1109685,4
1052572,1
1168089,6
1041345,3
1071181,6
1116324,1
1213157,5
1287193,3
1137145,1
1013140,6
1118012,3
1070146,6
1150014,1
1289734,3
1170236,3
1152839,4
1310253,1
1275812,5
1290610,1
1159429,4
1094755,3
1197314,4
1216601,5
1095097,3
1038713,3
1243482,3
1077799,4
1116836,6
1277093,5
1197693,1
1164065,6
1196526,4
1178402,4
1096080,4
1146090,1
1025049,4
1225262,4
1015280,3
1247016,3
1038557,1
1046257,1
1168774,5
1066184,3
1302166,3
1117485,4
1131465,6
1250847,3
1023412,3
1127702,5
1214425,4
1227951,4
1254223,4
1166814,6
1161228,1
1043298,4
1068465,6
1121797,6
1277036,6
1235683,3
1301562,5
1265305,3
1103900,4
1126368,3
1073074,3
1028836,5
1047213,4
1085021,6
1303863,5
1082299,5
1318640,1
1155021,6
1282274,6
1149189,1
1124008,5
1195305,4
1261662,6
1157765,6
1317514,6
1022277,5
1137842,6
1314958,5
1196751,4
1161859,4
1013379,3
1308551,1
1276955,6
1013412,6
1306999,6
1140892,5
1133731,6
1221487,4
1032811,5
1020992,6
1247914,3
1314701,6
1040289,5
1150107,3
1131946,3
1251370,3
1088170,3
1166950,4
1291640,4
1096628,4
1289497,5
1078077,3
1324367,3
1311253,5
1196473,4
1306991,3
1275367,3
1034809,1
1061806,3
1025835,5
1090085,3
1175362,1
1257677,4
1035552,3
1130661,4
1232344,4
1071417,6
1013764,4
1211649,1
1223087,4
1017609,6
1090995,6
1117341,5
1127394,5
1155678,3
1105608,5
1053146,3
1052299,4
1241867,6
1238471,5
1230709,4
1152515,1
1054548,3
1223705,2
1039016,6
1202625,4
1180331,6
1252609,3
1116078,3
1114835,5
1194424,6
1309144,1
1035264,1
1158961,3
1141298,5
1274312,4
1058891,4
1082792,6
1251290,5
1193630,1
1090959,6
1047323,3
1128135,5
1292085,5
1261723,6
1058429,3
1220059,6
1030816,4
1279643,6
1111241,6
1271137,1
1010035,2
1176364,3
1292431,6
1133185,3
1052981,3
1181726,3
1128103,4
1088340,4
1096618,3
1275842,3
1179814,4
1014451,3
1273529,3
1050953,4
1150284,4
1015360,1
1126672,6
1211881,3
1217237,3
1154701,3
1107969,3
1116541,5
1169508,3
1071193,3
1029250,5
1315906,4
1033186,5
1033578,1
1168391,5
1191725,5
1106677,4
1255727,6
1143644,4
1059087,5
1280907,3
1042805,3
1146214,6
1306646,6
1155850,1
1048766,6
1245310,4
1109477,1
1050577,3
1241889,3
1099241,4
1157971,6
1251772,3
1225513,4
1225960,6
1106840,3
1278422,4
1066660,3
1099787,4
1196047,1
1284767,3
1175749,3
1051837,1
1230579,3
1127168,6
1060944,6
1068285,3
1006258,6
1054045,6
1207536,6
1311456,3
1058054,5
1076559,6
1276247,4
1138729,4
1036163,4
1136636,3
1309484,4
1123633,4
1129451,6
1134686,4
1280285,4
1055148,4
1134491,6
1183647,4
1058382,6
1054052,1
1315715,1
1187031,5
1216417,6
1126774,5
1141546,4
1034238,3
1263939,1
1119204,6
1218223,3
1178946,3
1232504,3
1091361,3
1209629,5
1156780,3
1310526,5
1018137,6
1106957,1
1044150,6
1016918,6
1259661,6
1279598,3
1087254,5
1271113,4
1166125,5
1098161,4
1008650,6
1220185,6
1054576,6
1105288,3
1008918,5
1289561,5
1030601,6
1111105,3
1078532,5
1141681,3
1261552,6
1267998,6
1158487,3
1089970,4
1270121,4
1214479,4
1072161,1
1090753,4
1067518,6
1281149,6
1173907,6
1306491,3
1171708,5
1089143,6
1277812,4
1043400,6
1042200,6
1198828,1
1185167,1
1126566,3
1105025,6
1038378,5
1125712,1
1270481,5
1291350,5
1093088,3
1161127,4
1309931,3
1217783,3
1117403,4
1077863,5
1002320,4
1204650,6
1245042,6
1181827,6
1070075,6
1127473,4
1317556,5
1126510,3
1092564,3
1089592,3
1072653,6
1211845,3
1280150,1
1024807,3
1143719,1
1145321,1
1099300,6
1162194,4
1302135,3
1220218,3
1324009,3
1034902,6
1123678,5
1210394,3
1209997,6
1287690,3
1084137,6
1173427,1
1167255,1
1141498,6
1256789,6
1129502,4
1051863,1
1143113,4
1176640,4
1145967,4
1048471,3
1072636,6
1014231,4
1019983,6
1261145,6
1055531,3
1305054,6
1207764,6
1225255,1
1203926,6
1300137,4
1163909,4
1210092,6
1091057,4
1124913,6
1074968,6
1118711,4
1104134,6
1049793,5
1217879,6
1052407,4
1324256,3
1172026,6
1166159,4
1109802,3
1099975,4
1055337,1
1190791,6
1188903,1
1121958,1
1030379,6
1248014,3
1177796,6
1189015,6
1067964,5
1238537,1
1281709,1
1120053,6
1323748,5
1273518,3
1204744,1
1305465,3
1306538,4
1079118,1
1231966,1
1112756,3
1046866,3
1043003,4
1083153,6
1034462,4
1306070,3
1187405,4
1321709,4
1014330,4
1226460,3
1188218,4
1210431,1
1170101,6
1078677,3
1150773,3
1295554,3
1110706,4
1166727,5
1043737,5
1247373,6
1032277,3
1171404,1
1018135,3
1276396,4
1237538,1
1054776,3
1160567,3
1289695,3
1275210,6
1301949,3
1264832,3
1306004,6
1298340,4
1210052,6
1119915,3
1192412,1
1208693,6
1113671,3
1000472,6
1171013,1
1061451,6
1088925,4
1241769,4
1310443,2
1186132,3
1156651,3
1052044,6
1202870,2
1089031,1
1091551,4
1224232,4
1093375,5
1048109,6
1007073,3
1322447,5
1086924,4
1314111,4
1228967,3
1014292,4
1266558,1
1027304,6
1058710,6
1253220,4
1040839,3
1182011,1
1052504,5
1324583,4
1295185,6
1193876,6
1191896,6
1222178,2
1302432,5
1006408,6
1234439,4
1192787,5
1324780,5
1066780,1
1011857,6
1006647,5
1255043,3
1277364,4
1044633,1
1258530,1
1089017,5
1087927,5
1139761,3
1297049,3
1043522,4
1148722,6
1097848,3
1142145,3
1221296,3
1016261,3
1011289,3
1221912,3
1095411,5
1202848,6
1189588,3
1040329,5
1162933,4
1189162,5
1186333,3
1093628,6
1316519,5
1256468,6
1163221,4
1199852,5
1281534,3
1138858,4
1090591,6
1199658,4
1150845,4
1023161,1
1105395,6
1301145,4
1069586,3
1243184,5
1084954,4
1087658,1
1060565,4
1153090,4
1057823,3
1223415,5
1238851,6
1026979,4
1002537,1
1265057,1
1197212,4
1244934,1
1018181,5
1233585,3
1210605,5
1043571,6
1024775,6
1274829,4
1018659,3
1223532,1
1191652,1
1056331,6
1243440,3
1153866,1
1034398,4
1285003,6
1002476,6
1233694,5
1314661,5
1140862,5
1035338,1
1073160,3
1025659,6
1051384,6
1032128,3
1216761,6
1022628,5
1072369,3
1259794,3
1196884,3
1108039,6
1184202,3
1022938,6
1050066,4
1111950,2
1088956,1
1320033,6
1087412,1
1285929,1
1176548,3
1232470,2
1275420,3
1180402,6
1078420,1
1031793,6
1183715,4
1054845,3
1222933,3
1248917,1
1315460,1
1254581,5
1076848,6
1172058,4
1005837,3
1292019,3
1130478,6
1251404,4
1183255,6
1194931,5
1168490,6
1252234,1
1026442,6
1059085,4
1251866,4
1315290,3
1290592,3
1029819,4
1060883,3
1174044,5
1226058,3
1293562,5
1247503,6
1309866,3
1026728,5
1318914,3
1231634,5
1257836,4
1174857,6
1322762,6
1061312,6
1175843,3
1239696,6
1283200,5
1148777,6
1193871,6
1254580,4
1318630,4
1116185,1
1146874,4
1218089,5
1172216,4
1096546,4
1286730,3
1191925,4
1063376,4
1293385,6
1185712,5
1069661,5
1260862,2
1240738,5
1315859,5
1264930,4
1282757,6
1234808,6
1005638,5
1118330,6
1316910,3
1317747,6
1212079,3
1200543,1
1271250,3
1122776,3
1298564,6
1039060,2
1137648,6
1166365,1
1277293,6
1014755,1
1230081,6
1203017,6
1059616,3
1226679,6
1282821,1
1039335,4
1284829,3
1239639,5
1014649,6
1016286,4
1230346,3
1314378,4
1324891,4
1182477,4
1016645,5
1273385,4
1312715,6
1015126,6
1085137,3
1085775,4
1045235,3
1311023,1
1277794,6
1019651,3
1261261,4
1133035,5
1041933,5
1089119,1
1163914,3
1039756,1
1207701,6
1085779,6
1309369,3
1275082,6
1151118,6
1317510,6
1073066,6
1162585,3
1134243,3
1210274,5
1199126,4
1268790,6
1188052,5
1105806,4
1032520,6
1113291,6
1000082,3
1097048,6
1152520,4
1107914,3
1191905,4
1264527,6
1282913,1
1165002,4
1201659,6
1140106,6
1276635,4
1282567,3
1106219,1
1054761,4
1253761,4
1263880,4
1029161,4
1204260,6
1161071,3
1194754,3
1252615,5
1010224,4
1144657,6
1251947,3
1308277,6
1112935,4
1208531,6
1013424,6
1066509,3
1079332,6
1009894,3
1033624,4
1114733,1
1140140,6
1128907,4
1039042,1
1130982,6
1100665,5
1099402,4
1120030,4
1133733,2
1291019,1
1062231,6
1052844,2
1083900,6
1320141,1
1145310,4
1252373,6
1109947,5
1087158,6
1104948,6
1153081,6
1016938,4
1062708,6
1013261,1
1200704,3
1189512,6
1259579,4
1320139,4
1170358,2
1173889,3
1274657,6
1276648,4
1053375,3
1195299,5
1035560,3
1252880,5
1051068,3
1017913,6
1070171,1
1079975,5
1179556,4
1009683,3
1062550,6
1260600,6
1025032,5
1135644,5
1306131,4
1249857,1
1207195,3
1016521,1
1135339,4
1181215,3
1190314,1
1101200,5
1136904,6
1127060,4
1011217,6
1067993,4
1235359,1
1224596,5
1137502,6
1129935,1
1081712,5
1284887,3
1033716,3
1080984,5
1257552,5
1165086,3
1129268,4
1076332,3
1011058,5
1052071,5
1054957,4
1026483,6
1058856,3
1313568,4
1115996,5
1172487,1
1314498,6
1067567,4
1006925,6
1171792,6
1248498,3
1058935,3
1280757,1
1284060,1
1313867,5
1166080,4
1186872,6
1015692,3
1206884,5
1264203,4
1147863,6
1219124,4
1170540,3
1024363,4
1300267,3
1113538,1
1143212,6
1104768,3
1278559,3
1070399,3
1062309,1
1322922,1
1203230,4
1186432,5
1020133,3
1076472,6
1263213,6
1164274,3
1325053,5
1309900,5
1081098,4
1325291,6
1083038,6
1281546,4
1066285,6
1143210,4
1210862,4
1185423,1
1172037,3
1119134,3
1123970,6
1014241,6
1026772,4
1118474,6
1075836,5
1044255,5
1276111,1
1191417,1
1009263,1
1107781,6
1264466,5
1262623,5
1291279,4
1323475,4
1025619,5
1119175,3
1146801,6
1018227,6
1118867,4
1233037,1
1309896,6
1065720,1
1120853,6
1187861,6
1068256,6
1293085,7
1136402,5
1229014,3
1273659,5
1320787,3
1000009,3
1195205,6
1051553,3
1128137,3
1032023,6
1294838,3
1118761,3
1126563,5
1301833,4
1159743,6
1269292,6
1062656,4
1241830,6
1151942,2
1306937,6
1225192,1
1141742,4
1095859,1
1321058,3
1259092,6
1147797,3
1284946,6
1019602,4
1134948,4
1157046,6
1206804,6
1093970,4
1132353,4
1203063,3
1132198,2
1193863,3
1300317,5
1314210,4
1111742,6
1262812,5
1187828,1
1224203,4
1204999,5
1015226,3
1191536,6
1163691,5
1104914,1
1122637,5
1176890,4
1262502,6
1268501,3
1257386,4
1212398,6
1266299,6
1040771,5
1146982,1
1282291,3
1274420,3
1235129,6
1180842,3
1131294,4
1228812,6
1039587,1
1079688,3
1071492,3
1101425,6
1019364,5
1115006,5
1236528,5
1033885,4
1257597,6
1100449,5
1294485,1
1057326,6
1295454,6
1013519,1
1065204,4
1151302,6
1249365,3
1030978,4
1092830,5
1291506,3
1119700,3
1122932,4
1304089,3
1316781,4
1104545,3
1216158,6
1278450,5
1109102,3
1224319,1
1165152,6
1187915,3
1302047,4
1028852,4
1007343,5
1017094,6
1169534,3
1252370,5
1071869,4
1249357,6
1124415,4
1271124,3
1222654,3
1224941,6
1006279,4
1158996,6
1070741,1
1224093,4
1250585,1
1211349,4
1071889,5
1197162,4
1263978,3
1051483,5
1321266,4
1105631,4
1284596,3
1179461,5
1228473,3
1263932,4
1313816,3
1083600,4
1199135,6
1202475,3
1037968,6
1221377,6
1046480,3
1030439,4
1089737,3
1125530,5
1068669,5
1239329,6
1169385,6
1173249,1
1130018,5
1152825,3
1007327,5
1069821,1
1048573,4
1314469,4
1153898,4
1179740,6
1067946,4
1322725,4
1139669,6
1005694,1
1134642,2
1291376,3
1089208,6
1292031,3
1293913,4
1315475,3
1282950,6
1113868,3
1249887,3
1297323,4
1000944,6
1058298,1
1143962,3
1301757,3
1145572,4
1073041,5
1211318,1
1039432,3
1037755,4
1278760,3
1289511,3
1119034,4
1291475,3
1232522,3
1005777,4
1243799,1
1300982,3
1042177,5
1200465,4
1096282,4
1238459,5
1298834,3
1071215,6
1057517,3
1168199,1
1280720,3
1252870,3
1107189,6
1307414,1
1169062,5
1197519,1
1080435,6
1156327,4
1118885,4
1068518,1
1027397,4
1185695,3
1058829,3
1164653,1
1191199,3
1038948,3
1181584,6
1309884,1
1176946,1
1254117,3
1259623,5
1096043,6
1070339,4
1173664,3
1085127,5
1200384,5
1250727,4
1052085,7
1324902,6
1004054,3
1201118,5
1077728,6
1128001,1
1016426,6
1253415,3
1070950,1
1265419,6
1030644,6
1072061,3
1311911,4
1144125,6
1229532,4
1189641,5
1097495,4
1285445,4
1147192,3
1048296,5
1147729,3
1183437,6
1180629,6
1035764,6
1130152,1
1047936,4
1155559,5
1025872,5
1173032,5
1009057,3
1238821,3
1318072,1
1022831,4
1260820,3
1299746,4
1137507,3
1063617,6
1259641,5
1286557,1
1026628,6
1027303,5
1001262,6
1169992,4
1237243,4
1282806,3
1062350,4
1269015,4
1084668,4
1263327,5
1047231,5
1163799,3
1130696,6
1079931,6
1203447,4
1086238,6
1035237,3
1204193,5
1078462,4
1139137,5
1161922,5
1306961,4
1027596,5
1048795,4
1009812,4
1259755,1
1312792,3
1181513,2
1299996,4
1067629,5
1254109,3
1156745,5
1248865,1
1317147,6
1309965,4
1155348,3
1087763,6
1224593,4
1305001,1
1202082,1
1323796,3
1028249,1
1272082,4
1100644,1
1231610,1
1232592,4
1242343,6
1033506,3
1230333,4
1115413,6
1231067,6
1118247,3
1138694,4
1266846,6
1167895,6
1019786,6
1100844,4
1232901,6
1269038,5
1198439,3
1059363,6
1118522,3
1294809,6
1300711,6
1181411,4
1180289,6
1078344,3
1272149,3
1218575,1
1121046,1
1094593,6
1218393,3
1136256,3
1177155,3
1160002,5
1294236,4
1191196,3
1151853,2
1249831,5
1279103,4
1318381,3
1224401,6
1297509,1
1051140,4
1138326,6
1297311,4
1011125,3
1161106,3
1274329,3
1077028,6
1078687,4
1123771,6
1101464,3
1100945,6
1047420,6
1093840,6
1268431,3
1046073,4
1018867,6
1109214,4
1281989,5
1296561,1
1145013,1
1064062,5
1153878,3
1262870,6
1260828,3
1020476,1
1014975,6
1204711,6
1167873,3
1202296,3
1138460,5
1179483,4
1043077,1
1083012,7
1135670,3
1206114,6
1267491,4
1297806,4
1079940,4
1319376,3
1108328,3
1116868,4
1245245,3
1184087,6
1184409,5
1143697,5
1014747,4
1229874,3
1318012,5
1015916,6
1271630,5
1254906,6
1214835,4
1322031,1
1173325,4
1258091,3
1117466,6
1223730,5
1261423,4
1222527,3
1104131,5
1308797,3
1136689,6
1304249,5
1047507,4
1009303,5
1196222,6
1312290,4
1165462,5
1154499,4
1035730,6
1015171,5
1156447,5
1169768,4
1320414,4
1274159,4
1095175,5
1050115,6
1150819,3
1314544,3
1031705,4
1197242,6
1069343,7
1229865,6
1041291,3
1135850,6
1133410,5
1072390,6
1004784,4
1279151,6
1000630,2
1005171,6
1053997,6
1162587,5
1302041,6
1295878,5
1073095,3
1068557,5
1072782,4
1028810,1
1135686,3
1137300,3
1281030,4
1309290,4
1154561,3
1309566,4
1201196,3
1121611,5
1192165,5
1128529,5
1265533,5
1114414,3
1234129,1
1006362,5
1150048,4
1323360,3
1051875,6
1204808,5
1073262,3
1084606,6
1016320,3
1255635,5
1096443,4
1193219,1
1085749,4
1017914,4
1165083,3
1167782,2
1018424,4
1137118,5
1301774,3
1221551,5
1197228,6
1154535,4
1323401,1
1130731,4
1172545,5
1238558,3
1274450,4
1138622,3
1244743,1
1085611,4
1072732,3
1199164,6
1034856,4
1051544,4
1090892,2
1263363,5
1114514,3
1151809,3
1142979,4
1201119,2
1109934,4
1246762,4
1300574,3
1089480,6
1120168,6
1242137,3
1026516,3
1281099,6
1212391,5
1237856,5
1201085,1
1269660,3
1138847,6
1306451,4
1248196,5
1149120,4
1259582,6
1316764,5
1309188,3
1047858,1
1163092,5
1217526,3
1065210,4
1035725,4
1297553,5
1089474,3
1241535,3
1188294,4
1084683,3
1140380,6
1227854,1
1209940,3
1323830,6
1161676,6
1224850,3
1264991,6
1103275,6
1240373,1
1103323,1
1311255,3
1308766,3
1083481,5
1323959,3
1033396,6
1024119,3
1221360,3
1124524,6
1245328,3
1227220,2
1002416,4
1125431,5
1137299,3
1061236,5
1226695,4
1236905,6
1050634,4
1280911,3
1273141,1
1276261,3
1086642,3
1239041,1
1153676,5
1041415,6
1080108,6
1062295,2
1270680,5
1071042,6
1236444,6
1284183,6
1206401,6
1181139,6
1281550,4
1171363,3
1055179,6
1016435,5
1109257,5
1147388,3
1246692,4
1134809,4
1159992,4
1016194,3
1076275,4
1283146,1
1047744,3
1313600,6
1127610,4
1095681,3
1149322,6
1179840,3
1165668,6
1232080,5
1225968,6
1261238,3
1152161,4
1295797,6
1236696,3
1250836,3
1287100,3
1079901,1
1052448,4
1253723,6
1317577,1
1116870,1
1302472,4
1252210,6
1024831,4
1036875,5
1317776,6
1212337,5
1017896,6
1204082,3
1243657,1
1026356,3
1077236,4
1306021,6
1129581,4
1199336,6
1020987,5
1275503,5
1233356,4
1183318,5
1073969,3
1179737,5
1026735,5
1204376,1
1261155,6
1294125,4
1314465,3
1143288,3
1082839,3
1099283,4
1004478,3
1222063,4
1303669,6
1046416,6
1050301,4
1202534,6
1303954,3
1309750,4
1054105,6
1317548,3
1022074,6
1160308,6
1004663,3
1250908,6
1185129,6
1303735,4
1159048,4
1132243,1
1121061,3
1143687,6
1036141,3
1096131,1
1219372,6
1033672,3
1236116,5
1012682,6
1064641,6
1196611,1
1081339,1
1166155,4
1021685,6
1053510,5
1318532,3
1301004,5
1038645,6
1192170,3
1225937,6
1223200,4
1195673,6
1260439,6
1114857,5
1177379,3
1083884,6
1313280,6
1204768,4
1055884,4
1302095,4
1181324,6
1167158,6
1206179,4
1290705,6
1128745,3
1267035,6
1119845,1
1292122,6
1106126,3
1085014,6
1011836,3
1006684,4
1187596,3
1323207,3
1181084,1
1261808,1
1273937,1
1149244,6
1008470,1
1294859,4
1280969,5
1278624,6
1285462,4
1188233,6
1248184,3
1272232,6
1159575,3
1147789,1
1028364,3
1141240,1
1287067,6
1224184,1
1078426,3
1136282,1
1005467,6
1173338,4
1130202,3
1066100,3
1085895,5
1145017,4
1233154,5
1136789,5
1196162,3
1312665,1
1006935,6
1312477,3
1225398,4
1006683,6
1154175,4
1068230,4
1220501,4
1094026,4
1294592,6
1035981,6
1046983,3
1081296,3
1197527,5
1011143,6
1174162,6
1306697,4
1239772,4
1296304,3
1182787,4
1010039,1
1144605,6
1190835,1
1240118,4
1089340,4
1155149,6
1032556,3
1058952,3
1169368,3
1009818,5
1254838,1
1192811,1
1129992,3
1291635,6
1141735,1
1201411,3
1074272,6
1042041,6
1199337,1
1074195,1
1006760,6
1324811,4
1322189,3
1216611,6
1067095,6
1165191,3
1229521,3
1059112,6
1023402,6
1078228,6
1006752,3
1182770,4
1168096,6
1101507,4
1274956,5
1151169,5
1149209,4
1062452,3
1234961,3
1043121,5
1312444,3
1038653,4
1006982,3
1184460,4
1145183,6
1249100,3
1021532,6
1226001,5
1147324,4
1089275,1
1070691,6
1219886,3
1240058,1
1294262,4
1091254,4
1025476,3
1108424,1
1109016,5
1117416,6
1089219,3
1206004,4
1007406,3
1084588,1
1185638,6
1268078,5
1048103,1
1265358,3
1168381,6
1265542,5
1163566,6
1097232,3
1045203,6
1247460,5
1050425,6
1162390,1
1316027,6
1126725,4
1293762,4
1210086,3
1054403,3
1256661,6
1091468,1
1209956,6
1239291,1
1101288,6
1301534,2
1151396,3
1042272,4
1114868,3
1070362,4
1128443,6
1314948,6
1322139,3
1082701,6
1242601,6
1088451,4
1263726,6
1169704,6
1126384,5
1002043,6
1292064,3
1041052,5
1195818,4
1157362,4
1135121,6
1019853,5
1151212,5
1192430,3
1101006,3
1012327,5
1030386,3
1087130,1
1094131,1
1288986,5
1087227,4
1117270,3
1006928,6
1026706,4
1072873,3
1004005,6
1018173,4
1144792,5
1081231,3
1041978,6
1150612,3
1167961,4
1055384,3
1056608,6
1184247,6
1251818,5
1019993,6
1266102,6
1140255,5
1260144,3
1121403,4
1132902,4
1324537,5
1066598,6
1147940,5
1242246,6
1025336,1
1261866,6
1161403,3
1218772,6
1205851,6
1132717,3
1046775,1
1201330,3
1120310,5
1152893,6
1201517,6
1208762,5
1195905,6
1053443,3
1002655,3
1157984,3
1001423,1
1049633,1
1116764,3
1109935,4
1291127,4
1096126,3
1300239,6
1150142,3
1299146,1
1218959,1
1272042,3
1297997,4
1108324,5
1277246,4
1258859,4
1142945,3
1180995,4
1309978,6
1104328,3
1214474,3
1008285,6
1302966,3
1155460,1
1109331,6
1035605,3
1002521,3
1170660,1
1184065,3
1168734,6
1189891,1
1317367,5
1206668,2
1297074,3
1103417,3
1082605,3
1320972,6
1029105,4
1092381,5
1081901,5
1125217,4
1277469,3
1041240,4
1144130,5
1325776,4
1256401,6
1055748,3
1107145,6
1135337,6
1228443,4
1016690,6
1175621,3
1235804,5
1072510,3
1274339,6
1033933,6
1159788,6
1082358,6
1144311,6
1133196,1
1163409,6
1018648,1
1061491,6
1023170,3
1268369,3
1308533,6
1115825,4
1199719,1
1149032,6
1016998,1
1156071,3
1188062,1
1195517,6
1138532,3
1048495,5
1127001,1
1266875,5
1103041,5
1088542,6
1170077,6
1305265,6
1075706,5
1023475,6
1166242,5
1060143,4
1084506,5
1147381,5
1047899,1
1223413,3
1101440,4
1253939,3
1130801,5
1141504,3
1124371,5
1047983,5
1047003,6
1035136,5
1111380,1
1164607,3
1238792,6
1248137,4
1045332,4
1181022,3
1283828,5
1023316,1
1127970,3
1059083,6
1005977,6
1027432,3
1073224,7
1001602,6
1107225,6
1117660,3
1172361,3
1200944,3
1301311,4
1289038,6
1012616,3
1215976,3
1056454,4
1066546,4
1034596,6
1044098,3
1093506,6
1199611,4
1294337,5
1217543,4
1034459,5
1085020,3
1173958,5
1000745,4
1303987,5
1025800,1
1257751,4
1050767,4
1092800,5
1236355,6
1065056,4
1217701,5
1239840,5
1082200,1
1231935,5
1125293,4
1161153,5
1306186,1
1312026,1
1305661,6
1037015,6
1144510,4
1095307,4
1095793,5
1191728,5
1232189,6
1262170,3
1044300,4
1142931,3
1294383,2
1068373,4
1062052,1
1163603,3
1019457,3
1087593,3
1182542,3
1193791,1
1235374,4
1179850,3
1073458,1
1279165,6
1099503,1
1198316,5
1322119,4
1285240,6
1029207,6
1153276,4
1129846,3
1002669,3
1183755,4
1101289,4
1023373,6
1187097,3
1082102,6
1257960,3
1207489,6
1215374,3
1246493,3
1161529,5
1061068,4
1284947,3
1041277,6
1262258,4
1216274,5
1157795,3
1270169,4
1052013,3
1035680,4
1224794,6
1143629,3
1234720,2
1324482,4
1076231,5
1291167,4
1177387,4
1064180,7
1015412,6
1213216,6
1278530,5
1083217,5
1212683,3
1008206,4
1044862,6
1170405,4
1128698,3
1057260,1
1234130,6
1079787,3
1273136,5
1130062,5
1108445,6
1116252,1
1000904,6
1314926,6
1227573,6
1066373,6
1265736,6
1059660,3
1195682,3
1122490,6
1223301,6
1162575,2
1244165,5
1316219,4
1241589,3
1308511,4
1217474,5
1177930,6
1241624,3
1315414,1
1287488,6
1081706,5
1191269,3
1162214,5
1265896,4
1269466,2
1199952,5
1233456,3
1150856,4
1074071,6
1320573,1
1124812,4
1228743,4
1000803,3
1323941,6
1041077,6
1125154,5
1074949,3
1132062,5
1104668,4
1320823,4
1075984,6
1322456,4
1172313,5
1213382,5
1014829,3
1128763,4
1170313,5
1189639,4
1064530,3
1176559,6
1305504,5
1136055,3
1278061,6
1142686,6
1106165,4
1123684,1
1024005,6
1129499,1
1027013,4
1158152,5
1322366,4
1039927,3
1116821,1
1000106,3
1029591,3
1288653,1
1069792,2
1040374,4
1010111,4
1309184,3
1048237,6
1076263,6
1249026,5
1203175,5
1028007,3
1083147,1
1047315,5
1136732,3
1322803,6
1019297,3
1123954,3
1068906,6
1277678,5
1293794,4
1039487,5
1061307,3
1292801,3
1281899,1
1241957,1
1035471,6
1254770,4
1196567,1
1023114,6
1125996,6
1292502,6
1064052,1
1148430,4
1141722,5
1173923,5
1291326,4
1211870,4
1163188,6
1220383,6
1258331,1
1110423,3
1000307,4
1215562,6
1039940,3
1114403,3
1121308,3
1177779,4
1259457,4
1140670,5
1041447,1
1192437,3
1070890,3
1011117,1
1184348,3
1178459,5
1093023,1
1105755,6
1008367,5
1153680,5
1296708,5
1206578,5
1040604,4
1251311,4
1005327,5
1210751,4
1151085,6
1221025,1
1028923,4
1223124,6
1245903,4
1224474,3
1204084,3
1259869,1
1100854,4
1183981,1
1322654,3
1310280,3
1272161,5
1186789,6
1204306,6
1115173,1
1167862,1
1290485,5
1150387,4
1303978,4
1021829,6
1236683,5
1306033,6
1297777,6
1148538,1
1292083,4
1205044,1
1048295,6
1232512,5
1315107,5
1291341,5
1213019,4
1220814,5
1011019,3
1001328,4
1002666,1
1061921,6
1281977,6
1087122,5
1130795,3
1197761,4
1116839,4
1321205,4
1225645,3
1015343,6
1226466,3
1139599,3
1217089,4
1201130,6
1296039,4
1313677,4
1212258,3
1127029,6
1233044,1
1296047,6
1176751,6
1070622,1
1153067,1
1015294,5
1307781,4
1195733,5
1207382,3
1111825,1
1317070,3
1165007,3
1293571,4
1161831,5
1227919,4
1132049,3
1130524,4
1282034,3
1276642,6
1221594,1
1197862,4
1255993,4
1192098,4
1252262,4
1175076,3
1271666,4
1226027,6
1002942,3
1178711,5
1084467,3
1185675,6
1095144,4
1191493,5
1072778,5
1249788,3
1215131,5
1258196,6
1164444,3
1162754,1
1075893,6
1253847,1
1135341,5
1101644,3
1249202,5
1007198,3
1211830,6
1087529,4
1016995,4
1122688,3
1319547,5
1010486,3
1283662,1
1277539,5
1114697,6
1110394,5
1009759,1
1130941,6
1261176,4
1310301,1
1044167,6
1247540,1
1184037,5
1229907,1
1298133,3
1021575,5
1056607,5
1027197,4
1231728,4
1108563,3
1111910,3
1249890,1
1172312,3
1152998,6
1282677,1
1252823,5
1064059,6
1298151,6
1210978,6
1201039,6
1079079,4
1315962,6
1067959,4
1224498,4
1199999,3
1087394,3
1169897,5
1311087,4
1108292,6
1314051,6
1290282,3
1285368,4
1063325,6
1226564,5
1231911,4
1226511,6
1030239,6
1260636,1
1157431,6
1205580,6
1027097,3
1183709,6
1280024,1
1222806,6
1251203,6
1254219,4
1036470,4
1121770,4
1317297,3
1105220,4
1089644,3
1053977,5
1243823,6
1322890,3
1107669,4
1167400,2
1145598,3
1248999,3
1195629,4
1267023,3
1124611,6
1158812,4
1109113,3
1095691,4
1182355,4
1311646,5
1305510,4
1308912,1
1295755,1
1192010,1
1142054,3
1270647,3
1043921,1
1137424,3
1302180,5
1273541,6
1058262,6
1044015,3
1283054,3
1012680,6
1101438,3
1306411,3
1124673,6
1158836,5
1069837,6
1322288,1
1298240,1
1208700,6
1149850,4
1135776,3
1315123,4
1003004,4
1125809,6
1141766,4
1070731,3
1036354,3
1043803,3
1017713,3
1202801,4
1028789,6
1305982,3
1086517,1
1287529,1
1314033,5
1127476,3
1019995,6
1152093,6
1243533,6
1275165,1
1182561,3
1203346,3
1273658,4
1023218,5
1149416,5
1205981,5
1205358,3
1304818,4
1257406,3
1291570,5
1017516,4
1023546,4
1288955,6
1303740,6
1189031,3
1217547,6
1162545,5
1231983,5
1283051,6
1244806,3
1031785,6
1011177,3
1122286,3
1176417,4
1232110,6
1266020,3
1015578,6
1201628,1
1313937,4
1249659,1
1131921,5
1019317,1
1133048,4
1192302,4
1310892,5
1074733,4
1020794,3
1242774,3
1207895,1
1253951,4
1203091,4
1024312,6
1303995,5
1055311,3
1179993,1
1264292,3
1067658,6
1274493,6
1203327,6
1058491,4
1284601,5
1145568,6
1063389,5
1318623,5
1224586,3
1279391,4
1139094,3
1042638,5
1258529,6
1076401,3
1308419,3
1302645,1
1181117,3
1152627,1
1215090,6
1032188,4
1313939,4
1261773,4
1281747,6
1157290,3
1142472,5
1218056,3
1041159,4
1238081,1
1229765,4
1226567,6
1202163,3
1072917,4
1110112,3
1100452,1
1278997,5
1139119,3
1228157,4
1065286,4
1240198,5
1114086,1
1244291,1
1228827,5
1254308,5
1053262,6
1273131,6
1296849,6
1020324,4
1089439,6
1038350,1
1195104,4
1318548,3
1068222,6
1241101,3
1208872,6
1074958,3
1218493,1
1112842,1
1164954,6
1134259,3
1029214,4
1278862,3
1128943,4
1133412,3
1090433,3
1125501,6
1042843,4
1171529,4
1037615,5
1130590,6
1152291,6
1230847,4
1139951,3
1182010,4
1170541,6
1194838,3
1169338,5
1188930,3
1262126,3
1037801,6
1266077,5
1261153,4
1032691,1
1034109,6
1190339,3
1120889,6
1086619,6
1070363,5
1086233,4
1189636,6
1094505,6
1289992,1
1152320,4
1190218,3
1253633,4
1197820,1
1000351,6
1014246,6
1083720,4
1119346,6
1096547,3
1170022,3
1132436,5
1100178,5
1165427,1
1032061,3
1221492,1
1037697,4
1226883,6
1260701,3
1128633,6
1053963,6
1023309,6
1135951,4
1229114,4
1174618,6
1026722,4
1302035,5
1052186,3
1027539,6
1025135,4
1148195,3
1243392,2
1274999,6
1230101,6
1211387,6
1068514,6
1066737,4
1299858,4
1162876,6
1131849,4
1238013,6
1266822,4
1210643,1
1263035,1
1112599,3
1180314,3
1253540,2
1214184,3
1172851,4
1114350,4
1197400,4
1204970,6
1036292,1
1143585,6
1137706,3
1269788,1
1163707,4
1118932,6
1076443,6
1176811,6
1207391,6
1178657,3
1320655,3
1005168,5
1145792,6
1017890,3
1104083,5
1297853,6
1205324,6
1003688,5
1241170,6
1300098,4
1144005,4
1236686,4
1177645,4
1093901,6
1239903,4
1182462,6
1005844,5
1148582,3
1182951,3
1193401,4
1001803,3
1216673,3
1186444,6
1208229,1
1209635,6
1299855,3
1212351,1
1197705,6
1159675,4
1096019,5
1197699,3
1146989,3
1126247,3
1208506,4
1289701,3
1187293,6
1006906,2
1225749,1
1162304,4
1265359,5
1200072,2
1003372,4
1098533,4
1110843,4
1217764,3
1153275,5
1132465,4
1032136,5
1112507,3
1244929,5
1264879,6
1094458,5
1005466,4
1065757,3
1163074,5
1142086,3
1199331,3
1321197,6
1110896,6
1293620,3
1288784,1
1165323,1
1294593,4
1065044,6
1027595,3
1297664,6
1031592,5
1130470,3
1222365,3
1007892,4
1051610,6
1290158,1
1003957,4
1032432,2
1002185,5
1244427,3
1316017,6
1275211,3
1206698,5
1004689,3
1029087,3
1312880,6
1084863,4
1221849,6
1155613,6
1004870,1
1236916,3
1036239,3
1272458,5
1203611,3
1300496,3
1078844,1
1190343,3
1252585,3
1268164,5
1204497,3
1040048,6
1044358,6
1167848,3
1105955,6
1220787,5
1080061,4
1199520,4
1083863,1
1198587,5
1306860,5
1087190,4
1061755,3
1309989,3
1050270,4
1062426,4
1085745,4
1102993,3
1210372,3
1318156,4
1252109,6
1303039,6
1150986,1
1153096,3
1221408,6
1117543,6
1301586,5
1306621,5
1052241,2
1310343,3
1141896,4
1172501,1
1245856,5
1202257,3
1280750,3
1313809,4
1254358,1
1160606,2
1204866,3
1321696,3
1091433,4
1124844,3
1267464,4
1128522,6
1133148,4
1025399,6
1253881,1
1202809,1
1008544,5
1144066,3
1122143,4
1134993,3
1019037,4
1169568,6
1298304,6
1045446,4
1248805,5
1079443,5
1139351,3
1159655,3
1140092,4
1083191,6
1063544,6
1236571,3
1006933,6
1071476,4
1278204,6
1196781,3
1302837,3
1115746,1
1292670,6
1127287,5
1226707,6
1094351,1
1319487,6
1323801,5
1146706,4
1115120,6
1005588,3
1106501,1
1137143,6
1228363,4
1177784,5
1067857,4
1030262,4
1261308,1
1007948,3
1043368,3
1051623,6
1163114,6
1218724,3
1129036,3
1321470,4
1053257,4
1216434,4
1114085,1
1097622,4
1045573,4
1226906,3
1185567,3
1233552,4
1055129,6
1130194,4
1196900,5
1196987,1
1144820,4
1115276,4
1149853,4
1233578,3
1292084,5
1200310,3
1152854,3
1186667,4
1260957,5
1311810,6
1225295,4
1293059,3
1224856,3
1049254,3
1174195,1
1033924,3
1125183,5
1265244,5
1024190,1
1168129,5
1142045,6
1301347,5
1212019,6
1295364,3
1167073,4
1293826,3
1159970,4
1054074,6
1303877,5
1053785,3
1203234,1
1021915,6
1056217,3
1226483,5
1026388,4
1201912,6
1155175,1
1155161,6
1124803,1
1211809,4
1025388,4
1048410,6
1239852,4
1319789,4
1166161,5
1004937,4
1283874,4
1036147,6
1202874,4
1248213,5
1171108,3
1023588,3
1320795,5
1240810,4
1264299,5
1176711,4
1107812,1
1223151,6
1269683,5
1041571,6
1269614,5
1263439,3
1229090,3
1043996,4
1191440,1
1212118,6
1264895,1
1258162,6
1048906,4
1043712,6
1200112,6
1242637,6
1265842,6
1118265,6
1098549,1
1192142,6
1299116,6
1173757,6
1287783,6
1035960,3
1068249,5
1030028,6
1246556,5
1028669,5
1166297,5
1104203,3
1031274,1
1212974,6
1281044,6
1170892,3
1177951,3
1090301,6
1303228,3
1163155,3
1263330,5
1314032,4
1162024,5
1047690,6
1092233,6
1001503,5
1284777,4
1043590,6
1212531,5
1075605,6
1291010,1
1275904,1
1205416,6
1246384,5
1094370,4
1098663,4
1239932,3
1286016,3
1049808,4
1290105,1
1024012,4
1250865,3
1088138,6
1268652,4
1063487,4
1009068,3
1042172,4
1270101,4
1058893,4
1087910,4
1146664,6
1078043,5
1137886,6
1044455,1
1064848,5
1270316,3
1238876,6
1179068,4
1009152,6
1109906,3
1117634,5
1207011,6
1154799,4
1056316,6
1305949,4
1155555,1
1301731,6
1160470,6
1281390,4
1106709,3
1246229,6
1196556,5
1084825,4
1078871,3
1281846,4
1316698,6
1179528,1
1194604,4
1265131,5
1089714,6
1088448,5
1200745,6
1144904,6
1134052,6
1108379,6
1122358,6
1156031,4
1157474,3
1207600,6
1318240,1
1029972,4
1280245,3
1075156,4
1160315,5
1082931,5
1156670,5
1093388,6
1022095,6
1312417,5
1181001,6
1256591,3
1117858,5
1166900,4
1280257,3
1124730,3
1179454,4
1290701,6
1237314,1
1118512,6
1152461,3
1062634,2
1075787,4
1024590,3
1165570,5
1019182,6
1252368,6
1130482,3
1097870,3
1133622,1
1089677,1
1261622,3
1138843,6
1096217,1
1086468,6
1230876,6
1325387,4
1298249,4
1237892,3
1142248,6
1005783,6
1269256,6
1267919,1
1049001,1
1244588,4
1079007,3
1077046,1
1086938,6
1192881,5
1315555,3
1003571,6
1094515,5
1157428,6
1135384,3
1193992,6
1315439,2
1089376,3
1249124,5
1149015,6
1241230,1
1125180,3
1114117,4
1053537,1
1056864,6
1213045,6
1070835,5
1242247,1
1209616,3
1240739,6
1291748,6
1019881,1
1289597,1
1023330,1
1083496,5
1320274,3
1057109,4
1204943,4
1155187,6
1009964,3
1236487,6
1128052,3
1224625,1
1084550,3
1152794,6
1132268,6
1211237,1
1201087,3
1248291,1
1212017,6
1259089,3
1084531,6
1323592,1
1003546,6
1251501,6
1325351,3
1206074,4
1120429,4
1238314,3
1026311,3
1200076,1
1020521,5
1042848,6
1257870,1
1224652,6
1224870,7
1117236,3
1179406,6
1107799,4
1090982,1
1121188,6
1097328,4
1056276,6
1278726,6
1122974,6
1134756,5
1159094,3
1050801,4
1150813,4
1231776,3
1008966,6
1066511,3
1035174,4
1252699,3
1179826,5
1022968,1
1250872,4
1213628,3
1038252,5
1014441,4
1099610,1
1096256,5
1103575,3
1128168,3
1220351,5
1247848,3
1181156,3
1083429,5
1199912,6
1195064,4
1077850,3
1158258,3
1157085,3
1134032,3
1311693,4
1067847,4
1063053,6
1178056,3
1043171,6
1051480,2
1084470,4
1083756,4
1246703,5
1263797,6
1091049,4
1114692,6
1210758,6
1307327,3
1231617,5
1207545,6
1189581,3
1115369,5
1255895,1
1183126,1
1301242,6
1131130,4
1024145,3
1258681,1
1096192,5
1222823,1
1084120,6
1075655,3
1058308,6
1165580,1
1195810,4
1112028,3
1209767,4
1084228,4
1131440,4
1034491,1
1132103,6
1111092,6
1144549,3
1304083,3
1057790,6
1046798,1
1321191,4
1169984,5
1223742,3
1047588,6
1305790,3
1078266,1
1121320,5
1063386,3
1087484,6
1193516,1
1189205,5
1282149,6
1220728,1
1206497,6
1060777,1
1051395,6
1208437,3
1125216,4
1268036,3
1008689,4
1016797,4
1039758,5
1131548,3
1008155,6
1076286,6
1267091,3
1222809,4
1108165,5
1154763,3
1046135,3
1046065,4
1053670,6
1079684,4
1310020,4
1163680,5
1213907,1
1144597,6
1294564,3
1135295,4
1023205,1
1258780,6
1112509,5
1101510,6
1013674,3
1072454,1
1020450,3
1165985,6
1087000,4
1246344,3
1065492,3
1006967,3
1039079,4
1001191,3
1205188,3
1200780,3
1034573,3
1040365,5
1264906,3
1175100,4
1203372,6
1229180,5
1069974,3
1291605,4
1220070,4
1268829,6
1143156,4
1180374,4
1052640,4
1071350,3
1259911,5
1032559,5
1276692,5
1058996,1
1032146,3
1147157,5
1175830,4
1055120,3
1053016,5
1017440,5
1101118,4
1078022,4
1101950,6
1240348,4
1269521,4
1257681,3
1221463,3
1046196,1
1275252,6
1228866,3
1152524,5
1238221,5
1002173,5
1161507,1
1308369,3
1046070,6
1121555,3
1134724,3
1279762,6
1218292,3
1031034,4
1222987,4
1148657,3
1046692,3
1250176,3
1050999,6
1063812,5
1118638,6
1001680,6
1284555,1
1086766,6
1240581,1
1101924,1
1052328,4
1241712,4
1208369,3
1230508,1
1315016,6
1241107,6
1167308,5
1283315,3
1003402,4
1324706,6
1065805,6
1004860,6
1203073,5
1147164,3
1022361,6
1255074,6
1207024,5
1091459,6
1112318,5
1237398,3
1063578,6
1017829,3
1150280,5
1287894,4
1066235,5
1005398,4
1048763,3
1102750,3
1284517,6
1244320,3
1218809,5
1301723,1
1292650,1
1210937,4
1009200,5
1154217,4
1098349,1
1043821,4
1305016,3
1006898,6
1042078,3
1087163,5
1101793,3
1258635,4
1131098,3
1211858,4
1231262,3
1075654,3
1027308,5
1252275,1
1076982,1
1211742,1
1190410,4
1000138,4
1057725,3
1311508,4
1155912,2
1172001,3
1131501,4
1197239,6
1284284,4
1050033,5
1145353,1
1116171,3
1078475,1
1017490,4
1297849,3
1207618,3
1161509,3
1108403,5
1122230,5
1003405,1
1174056,5
1208183,4
1097160,1
1026975,6
1000998,1
1159259,6
1186601,3
1180602,3
1017072,6
1173682,6
1290273,6
1098591,5
1086040,3
1138332,6
1247585,6
1197025,5
1178879,5
1040916,6
1043918,4
1282049,1
1258989,1
1128194,6
1006878,4
1105591,4
1057176,3
1232701,4
1122294,6
1038253,6
1194927,3
1189274,5
1044544,7
1071227,4
1130140,6
1100125,1
1106007,5
1032132,5
1201171,4
1197348,3
1034865,6
1084219,6
1215094,4
1190237,4
1324143,5
1244448,6
1161356,6
1237233,6
1028747,1
1135957,6
1021143,4
1209422,6
1071853,5
1211257,6
1192839,6
1206813,6
1191088,4
1266047,5
1136462,2
1214582,1
1009004,6
1224953,5
1163187,6
1229618,6
1267505,1
1177305,1
1247934,3
1314637,4
1003784,6
1044572,1
1163262,1
1296755,1
1116127,4
1257219,6
1054782,1
1222425,3
1184365,5
1095685,6
1272026,4
1079735,3
1087042,5
1166924,3
1040173,6
1243477,4
1253106,5
1165851,1
1268066,6
1026028,1
1133562,1
1138548,6
1024806,4
1142655,4
1179511,2
1171874,6
1216993,6
1300568,5
1257772,4
1118877,5
1077748,1
1031686,1
1052466,1
1109632,6
1125458,5
1039400,6
1136545,4
1180677,3
1271971,1
1089212,1
1089346,5
1085892,5
1259270,3
1309005,4
1058348,4
1062694,1
1108498,3
1248444,6
1061395,3
1251070,6
1057843,6
1028094,6
1188784,3
1292513,1
1011262,1
1114913,3
1133492,1
1153103,3
1138983,3
1054620,3
1279167,6
1323706,6
1134753,5
1320937,3
1076223,5
1005142,4
1319493,5
1313356,3
1251636,1
1219926,3
1106041,3
1228863,4
1270622,3
1158706,6
1004751,1
1056659,3
1082380,1
1253740,5
1312393,4
1298090,1
1010618,3
1009375,6
1059642,3
1217977,3
1114631,5
1192087,6
1014813,4
1128969,3
1141539,4
1175898,5
1200114,6
1235687,5
1092005,4
1087712,6
1277478,4
1242557,6
1144065,1
1164145,5
1113910,4
1061302,5
1035889,4
1237565,4
1194286,1
1198784,4
1131325,5
1174015,4
1084559,4
1187630,6
1117384,4
1046163,1
1107919,6
1295723,6
1306776,6
1188448,1
1008480,3
1018408,5
1172218,4
1252103,1
1244492,4
1141005,4
1081071,6
1069957,4
1309995,1
1008847,1
1066211,5
1285197,3
1321995,4
1142368,6
1178169,3
1000801,6
1289164,3
1212161,6
1182205,1
1035231,3
1183738,1
1119193,1
1036014,4
1291369,6
1147183,3
1183440,5
1170885,6
1079093,3
1010801,6
1191270,3
1149239,6
1203349,3
1116880,3
1051148,6
1147328,3
1007111,4
1305862,5
1318791,3
1219904,1
1170440,3
1261467,4
1075019,4
1112006,1
1131791,4
1107838,1
1131524,3
1296536,5
1143336,6
1141415,4
1162819,3
1123284,6
1135363,6
1199000,4
1296529,6
1260627,4
1220485,4
1151205,3
1298902,5
1020792,6
1076035,3
1253890,5
1153469,3
1061523,6
1087328,6
1001705,1
1091921,3
1033345,6
1105052,3
1237677,3
1040031,6
1090214,1
1303120,4
1018394,3
1055134,3
1015603,1
1140706,6
1285077,5
1222825,5
1280742,6
1301487,6
1042966,5
1167761,3
1007136,6
1303515,4
1302753,6
1053263,4
1253399,5
1024244,6
1221062,4
1033463,6
1012221,1
1202406,6
1130196,6
1215564,4
1259566,6
1210962,4
1048981,6
1147034,5
1283391,6
1128607,5
1004915,6
1296617,3
1228758,6
1244693,6
1176349,4
1271043,5
1305294,3
1325386,4
1280567,1
1215769,6
1257937,6
1075531,3
1263401,6
1300722,6
1224962,6
1187905,4
1223448,4
1291695,1
1298603,1
1144887,3
1105071,4
1235307,4
1220190,6
1061039,4
1005295,3
1135296,6
1100211,5
1253968,5
1150488,5
1141857,3
1240935,1
1104816,6
1263553,4
1070273,4
1062957,6
1310518,3
1210213,3
1136818,4
1126162,1
1010427,4
1122822,3
1264430,1
1157533,4
1091017,3
1270515,5
1314261,6
1159891,3
1081476,6
1286529,4
1035938,3
1155247,3
1288780,3
1197669,3
1086114,3
1004343,3
1144213,3
1109894,3
1236363,5
1275878,3
1164570,3
1108691,5
1243101,3
1066719,6
1203211,6
1030204,6
1136562,4
1106310,5
1062567,5
1028346,1
1065544,6
1097516,4
1038546,5
1124392,6
1189497,3
1259013,6
1201909,6
1274221,5
1276549,4
1105990,3
1244637,3
1265377,1
1289446,4
1287530,1
1067823,1
1298443,6
1197316,4
1056237,5
1255933,3
1235930,3
1131930,3
1121064,3
1071474,5
1018687,3
1178386,1
1131674,1
1039834,5
1232523,4
1097190,3
1067733,3
1021894,1
1216791,1
1303072,3
1246811,1
1253424,6
1191420,6
1120116,4
1265926,6
1045618,3
1184772,6
1254499,4
1140656,6
1176245,5
1064788,1
1005850,1
1179366,5
1151608,3
1062498,3
1128682,5
1078651,4
1253908,1
1245315,5
1127857,6
1097087,6
1215241,5
1040806,3
1150066,1
1013110,4
1268977,3
1304694,3
1164561,1
1290541,6
1060636,1
1058440,5
1224019,5
1145855,6
1034328,4
1083004,3
1192533,3
1016269,3
1139036,6
1236828,3
1243073,4
1028351,4
1221957,3
1001741,4
1202509,4
1024206,3
1029522,1
1094835,4
1042241,6
1262478,1
1241885,6
1243576,1
1175202,1
1150804,1
1059030,5
1071483,1
1264581,3
1095698,4
1304999,3
1296696,3
1119389,4
1251796,6
1183428,6
1261298,3
1223465,5
1303154,6
1038604,5
1171387,1
1085641,1
1018106,6
1181043,1
1047121,4
1029456,3
1230713,5
1283499,3
1047673,5
1090121,1
1076102,6
1122387,4
1165453,1
1291898,6
1125690,3
1246000,5
1129587,1
1143899,7
1128295,1
1227616,4
1184316,6
1180662,6
1197892,1
1114650,4
1109431,3
1034319,4
1181072,6
1250214,3
1121404,5
1161810,4
1155655,6
1225615,4
1204512,6
1154715,5
1221954,4
1090823,5
1277644,1
1269575,3
1101722,4
1239753,6
1134168,6
1227621,6
1083782,5
1069765,6
1106806,3
1279311,6
1137092,3
1119765,6
1085961,1
1166143,4
1153253,6
1189642,6
1140339,3
1054258,5
1277517,4
1246337,4
1014665,4
1235608,5
1299279,3
1103792,3
1153762,3
1270133,1
1101640,6
1202529,6
1139059,5
1151434,6
1017272,3
1306605,4
1323151,6
1146413,2
1251943,4
1065419,4
1311384,4
1172345,5
1000983,6
1156517,3
1322155,4
1268565,5
1158835,1
1125063,6
1277571,4
1278868,3
1066283,3
1190927,5
1023570,4
1277458,6
1150060,6
1036773,1
1059394,6
1197975,3
1216175,1
1298119,6
1157858,4
1117338,6
1099311,3
1121260,1
1288025,6
1141673,6
1216813,6
1312931,6
1037727,3
1013642,4
1282499,5
1225709,3
1185043,6
1075874,3
1193402,4
1171671,4
1162112,1
1119030,6
1038359,3
1178693,5
1203271,3
1277250,6
1303577,6
1317296,1
1260120,1
1131642,4
1300189,4
1244908,6
1312897,4
1099725,3
1150410,6
1304072,6
1308274,6
1294975,4
1233569,3
1289312,5
1083338,4
1017098,5
1249847,5
1250893,3
1050325,1
1160188,6
1247866,5
1037035,3
1202935,1
1105373,5
1038848,3
1157281,6
1119644,5
1322375,5
1118396,6
1282693,3
1259782,4
1317469,4
1128094,3
1304445,6
1063350,3
1033322,5
1070600,5
1024699,6
1071048,3
1158697,3
1308803,3
1195660,4
1033254,6
1068932,2
1277686,3
1154278,4
1221300,3
1092319,4
1024418,1
1173472,5
1005918,6
1230435,4
1190601,4
1000429,3
1222821,1
1132102,1
1029240,6
1199550,3
1118084,5
1233644,4
1298550,6
1156490,3
1102072,3
1103581,3
1261630,5
1274725,3
1321265,1
1189494,5
1087859,6
1111253,6
1106577,3
1300927,3
1171568,3
1134569,5
1154556,3
1198677,6
1002482,6
1100913,3
1136274,3
1000040,3
1316343,4
1044677,4
1218889,3
1164380,1
1172258,6
1244515,6
1050043,6
1137809,4
1162951,6
1251463,6
1014523,6
1183784,1
1012698,6
1242151,6
1026248,5
1279297,5
1282214,3
1118803,3
1064222,4
1230636,1
1316517,6
1167475,5
1194981,5
1271393,4
1157584,4
1216280,6
1225203,3
1323930,6
1109886,5
1133633,4
1325610,6
1139668,3
1120299,6
1165001,6
1081429,4
1051758,4
1269902,3
1114367,4
1082552,3
1015991,3
1249283,1
1189291,4
1011009,5
1223617,5
1009354,4
1076093,6
1061388,3
1190854,4
1219116,3
1028493,5
1066060,3
1070987,6
1087794,3
1014456,5
1261754,3
1102569,4
1209226,6
1264680,5
1106891,1
1175424,3
1268588,4
1045676,6
1005042,4
1158805,6
1227963,2
1289055,1
1131915,6
1150188,3
1138988,5
1182890,4
1126863,6
1186033,6
1205052,5
1078173,3
1069484,3
1240214,1
1187562,1
1201689,4
1137862,4
1220692,3
1276482,6
1301732,3
1091758,6
1068045,3
1126159,1
1214086,4
1092261,5
1265895,6
1325251,4
1276981,4
1004493,4
1234327,5
1134150,5
1247113,6
1105337,1
1019262,6
1004951,4
1140230,3
1166090,3
1229713,6
1143415,4
1289625,4
1308069,4
1307817,6
1059020,3
1265962,4
1085679,6
1128070,6
1007802,1
1156968,5
1135009,6
1294881,6
1319945,4
1198972,3
1262125,6
1065514,1
1111175,1
1219400,2
1215585,5
1133801,1
1290147,3
1093006,6
1228610,5
1169246,1
1117146,6
1296863,1
1052017,3
1077427,5
1233927,4
1006113,5
1269083,3
1238689,4
1057695,1
1051224,1
1083460,3
1036724,4
1314824,6
1025065,4
1008237,3
1069201,4
1106823,4
1234179,6
1221620,6
1163561,3
1260850,4
1041749,5
1306504,6
1051629,4
1003115,5
1200324,6
1187992,4
1071088,5
1234490,3
1005278,6
1295859,3
1155651,4
1252318,6
1118121,4
1066725,1
1288724,5
1107783,3
1197617,6
1046414,5
1284317,5
1046305,6
1213304,1
1093108,3
1110594,1
1180277,4
1053847,6
1219853,1
1048118,1
1313663,3
1096123,1
1143154,6
1135189,1
1307274,4
1120305,5
1311749,4
1264199,5
1203957,4
1288775,5
1155529,5
1260003,3
1110179,4
1290655,1
1082488,6
1189298,3
1159071,1
1307959,5
1133830,1
1128954,4
1066168,5
1280249,2
1073037,4
1133100,5
1082691,6
1112445,4
1160992,3
1023021,4
1307476,6
1031206,4
1060845,4
1094157,6
1020836,4
1020194,4
1084814,4
1215520,6
1068743,4
1152530,6
1064572,6
1082790,2
1249540,3
1298986,4
1161400,4
1052006,6
1104192,1
1256908,5
1081272,3
1304997,3
1014108,4
1025533,6
1298162,5
1252923,4
1192998,4
1319598,6
1072363,6
1230018,3
1318973,6
1058981,1
1314410,5
1056875,5
1221066,6
1043140,6
1094162,4
1057001,6
1000725,3
1280598,4
1306631,6
1198507,4
1071894,4
1212963,1
1076025,4
1307735,1
1020788,4
1097258,1
1131690,3
1323650,5
1151177,6
1151520,3
1185065,6
1208288,4
1134695,3
1302476,4
1232160,6
1166254,5
1003744,5
1144062,3
1316655,1
1286112,4
1153584,6
1029901,4
1097971,5
1241112,6
1141603,6
1256575,5
1058154,5
1135516,3
1008852,3
1039719,1
1115753,1
1190870,6
1112996,6
1194948,3
1260813,4
1146473,1
1018917,1
1026435,6
1139673,4
1122074,1
1194136,4
1098673,7
1096894,6
1086538,6
1090537,5
1191044,1
1172002,6
1212035,4
1072819,6
1163788,3
1056007,5
1170251,6
1075806,6
1263986,4
1023284,5
1020424,5
1109224,6
1095933,3
1199425,1
1164077,3
1255744,4
1190572,4
1176584,3
1197272,4
1042870,3
1024028,5
1292912,1
1087665,4
1195067,3
1038792,3
1063456,5
1265252,5
1166465,5
1121589,6
1245447,5
1110295,3
1189110,5
1082613,6
1182937,6
1311261,4
1173797,1
1321289,1
1144982,4
1258277,4
1318480,1
1200976,6
1136976,4
1133447,4
1281521,3
1120822,3
1252669,3
1085473,4
1313787,5
1291902,4
1258157,3
1205811,1
1296883,3
1213028,3
1169396,6
1294831,4
1181782,6
1316647,3
1034145,1
1133064,6
1003077,6
1282862,4
1270920,4
1038973,1
1065598,4
1023684,6
1158871,3
1163974,3
1194470,4
1116616,3
1180520,3
1226175,4
1208496,4
1130542,3
1080978,5
1161251,4
1246922,5
1124161,6
1119892,5
1252019,4
1045529,4
1007149,5
1223325,6
1242556,1
1192328,1
1158472,4
1068291,3
1162399,3
1191367,3
1127238,4
1057210,3
1176560,6
1233142,5
1305324,3
1271182,3
1055697,4
1241415,6
1079695,3
1055967,5
1062021,1
1086597,4
1088852,5
1122774,6
1167277,1
1064841,6
1233949,4
1251043,6
1147106,3
1141030,4
1165934,5
1264235,1
1174127,3
1257601,5
1112022,3
1118519,3
1177565,6
1204552,6
1275346,4
1050037,3
1017076,4
1225476,4
1200946,2
1006071,3
1102173,3
1284864,3
1279410,3
1105375,6
1301762,1
1177209,2
1251425,6
1186285,5
1308844,3
1256517,3
1220874,6
1002628,4
1244796,4
1058861,1
1310515,6
1315345,6
1151061,5
1188496,1
1295268,3
1198387,3
1238021,6
1136464,6
1091723,4
1186748,5
1324008,3
1027859,6
1139889,1
1230434,6
1223089,4
1015461,3
1169972,3
1275850,6
1004042,3
1134970,6
1288135,1
1059315,4
1160223,6
1192867,1
1291081,4
1110869,6
1107248,3
1184392,4
1065134,4
1120601,3
1061729,3
1317416,4
1122911,6
1021248,6
1184568,3
1116066,4
1129161,1
1135560,1
1291084,6
1313852,6
1173248,5
1306600,5
1241804,3
1251736,5
1130072,1
1142188,5
1104191,3
1080553,3
1304551,6
1323321,5
1180471,6
1261219,1
1024756,6
1138033,4
1253863,4
1041655,4
1267649,3
1061195,5
1168519,5
1262955,4
1288110,2
1248998,6
1241549,6
1169436,6
1108164,5
1032254,5
1270776,5
1267722,6
1082368,4
1094802,6
1036463,4
1320356,3
1205970,6
1105226,6
1164178,3
1075024,6
1233006,6
1094270,6
1012950,5
1037599,5
1220264,1
1282513,6
1214711,6
1043689,6
1102344,6
1138711,6
1219624,5
1176210,6
1054989,4
1028562,6
1298451,6
1138256,1
1264996,1
1238496,3
1086628,6
1037326,5
1051432,6
1237886,3
1181207,6
1262253,1
1161606,6
1310271,6
1264220,3
1250620,1
1060892,1
1204350,5
1157961,3
1061730,3
1235064,3
1083869,6
1082196,2
1292239,6
1240218,6
1138635,4
1130227,6
1048978,4
1196033,4
1023631,6
1119149,3
1169328,5
1175382,6
1210675,5
1136223,4
1309372,5
1132406,1
1113454,3
1070607,1
1171916,5
1228780,4
1294893,4
1138712,4
1115203,6
1224795,6
1267923,4
1151458,1
1270152,3
1308673,4
1296481,1
1001507,6
1167991,5
1314820,6
1015486,5
1220418,4
1268681,5
1007874,6
1196280,4
1161770,3
1046686,6
1059045,6
1060224,4
1064202,3
1106256,6
1236256,4
1245259,3
1242366,6
1026079,6
1311020,4
1120611,1
1030252,4
1207122,6
1141639,3
1053972,4
1216096,3
1244578,6
1011196,4
1244755,5
1144850,1
1300936,3
1061264,4
1276161,4
1061981,3
1265707,4
1313423,4
1035475,3
1173653,6
1279860,3
1085134,5
1092572,6
1122240,3
1133854,6
1196760,3
1194758,6
1242062,4
1133932,3
1094757,4
1228791,6
1213624,6
1020012,5
1265330,4
1053764,6
1132288,4
1307794,4
1064404,4
1307528,4
1069727,3
1188440,4
1248885,3
1147168,6
1288426,3
1200879,6
1053883,5
1007221,4
1236163,5
1117693,2
1127966,4
1064151,4
1097850,6
1262897,4
1195730,3
1103510,1
1316432,3
1162762,5
1070296,5
1031310,6
1264209,6
1092505,6
1001581,4
1021358,4
1221290,6
1152004,3
1085727,3
1300302,3
1014563,5
1207613,1
1117094,6
1035279,6
1015177,3
1316362,3
1093636,3
1078137,3
1014647,6
1112260,5
1153865,1
1296965,3
1225989,1
1293133,4
1021030,5
1287819,6
1140327,1
1067765,1
1296364,5
1026601,4
1318721,4
1173476,3
1264180,3
1011600,6
1289951,4
1221120,3
1295476,1
1117435,3
1304666,5
1076624,4
1200047,3
1121676,1
1180970,5
1161711,6
1146126,1
1069832,6
1087785,5
1124935,6
1145843,3
1242998,1
1068801,4
1096049,6
1199836,5
1013793,4
1208324,4
1226861,5
1147305,4
1135168,3
1142079,3
1285565,6
1154205,5
1224400,6
1171361,6
1057752,4
1163636,4
1215042,3
1004376,4
1166098,5
1082872,3
1130309,6
1226330,5
1238467,6
1170144,4
1085585,1
1047226,6
1088191,3
1267291,6
1170970,3
1075733,3
1041694,5
1190357,6
1118475,3
1302447,4
1184051,6
1170688,3
1018012,4
1055230,5
1160263,1
1243946,6
1014411,6
1172199,6
1243523,4
1196435,5
1024153,1
1120769,1
1026349,4
1182784,4
1164193,3
1065271,4
1211171,5
1041229,1
1060234,4
1306393,4
1029063,6
1275559,4
1240705,6
1122899,3
1314755,6
1156779,6
1033731,4
1231401,3
1147403,6
1261901,3
1219195,6
1089457,6
1090028,5
1149838,3
1221157,3
1053335,6
1169432,4
1173893,3
1250968,6
1075606,3
1250848,4
1129900,3
1178191,6
1086273,5
1159100,6
1317046,5
1320553,6
1086058,2
1257067,4
1059429,3
1307418,3
1016688,3
1247360,5
1127232,1
1197969,4
1011564,1
1168714,5
1139623,5
1201588,5
1093807,4
1109588,6
1065901,6
1215245,7
1099407,5
1179611,3
1047705,4
1220425,4
1168690,6
1148147,4
1170196,1
1288112,4
1046634,5
1202680,6
1324313,3
1067255,6
1278112,6
1025713,4
1036235,3
1210673,7
1115625,6
1087534,5
1163582,3
1170696,6
1266798,6
1117727,4
1119738,4
1280347,3
1254006,1
1101780,1
1104334,3
1313617,3
1171903,5
1270346,1
1077954,4
1161030,6
1059695,7
1263290,3
1206932,5
1239006,5
1241682,4
1138185,5
1017260,1
1078464,4
1116463,4
1157626,1
1267324,3
1055288,4
1006122,6
1261660,3
1051911,6
1293363,6
1078111,4
1309853,3
1142862,4
1199042,2
1303384,6
1022504,6
1162118,1
1253699,4
1178827,5
1272264,1
1118131,4
1261705,3
1057022,6
1311339,3
1008984,6
1319839,4
1218810,4
1188023,3
1272758,1
1172265,6
1223193,5
1159687,6
1247910,1
1274166,6
1245796,5
1265028,4
1000544,3
1014171,5
1287503,6
1322142,5
1052150,6
1139311,6
1240334,5
1053528,3
1017714,4
1062365,1
1228040,3
1298338,5
1134694,3
1028728,4
1230845,4
1272805,6
1211467,4
1007672,6
1123350,6
1174131,5
1204174,3
1074427,3
1066052,6
1182616,1
1185664,1
1079146,6
1175950,3
1063436,3
1236380,6
1147596,6
1051662,5
1247415,3
1174234,3
1014294,4
1079402,1
1300257,3
1100842,1
1245404,6
1222993,4
1154430,3
1276360,6
1295200,1
1133339,4
1074967,6
1220659,4
1254405,1
1007385,4
1091424,4
1162783,6
1074930,5
1083889,6
1215006,3
1029442,5
1158339,5
1317346,6
1182727,6
1281312,5
1249509,5
1051530,1
1188484,2
1155885,3
1020057,6
1325567,3
1108110,4
1266452,6
1102198,6
1245700,1
1209615,4
1156182,4
1280627,4
1051924,5
1028120,5
1004096,3
1120848,3
1032410,4
1323600,1
1238672,4
1057993,3
1217934,4
1287493,4
1180908,3
1308178,2
1056460,4
1215612,3
1094178,5
1005173,3
1138266,6
1242277,1
1121559,3
1084533,4
1145470,5
1013390,6
1079816,3
1010609,5
1266095,4
1104847,6
1315862,6
1172332,6
1226222,1
1146291,4
1231147,4
1298131,3
1245306,1
1194340,3
1312567,3
1290221,3
1027416,1
1155605,5
1099286,3
1267798,6
1011234,6
1114708,6
1196982,4
1069307,4
1228287,4
1323219,5
1285049,6
1041029,4
1165887,4
1012618,6
1044137,1
1299269,5
1209569,6
1320821,6
1056274,1
1129474,3
1131585,3
1274528,3
1128878,6
1161455,4
1016413,4
1190914,6
1277356,3
1088904,3
1148233,3
1169930,6
1043973,1
1288872,4
1113127,3
1001185,4
1280845,6
1043607,4
1258178,4
1070046,4
1308294,6
1176972,4
1222563,6
1211560,6
1093524,4
1137508,3
1106892,1
1186830,4
1166735,3
1189080,3
1108925,6
1196785,6
1197470,1
1121324,3
1049648,3
1307032,4
1244419,6
1193214,3
1159886,4
1094634,6
1169978,4
1318565,3
1026504,6
1262397,3
1070508,3
1209007,5
1263545,5
1093269,2
1302686,4
1275066,3
1210971,5
1177873,6
1102878,6
1238637,3
1253552,7
1282163,1
1117128,6
1145570,6
1115351,6
1077855,6
1069997,6
1104835,3
1151642,6
1177893,5
1177735,6
1155042,4
1016768,3
1258164,6
1015392,6
1301685,5
1088567,6
1282626,6
1250290,7
1130400,6
1160555,1
1172773,5
1006791,4
1154022,1
1209187,1
1016128,6
1058093,6
1319886,3
1282492,3
1272043,4
1156078,5
1162135,6
1237048,4
1090523,4
1296992,3
1010214,6
1175335,3
1318644,6
1205958,6
1096392,7
1216916,6
1157388,5
1201358,6
1218489,1
1043514,6
1166356,3
1196308,6
1280001,4
1322529,1
1207153,6
1215270,4
1168549,6
1257142,5
1325108,6
1000821,6
1028746,6
1138356,3
1114570,3
1164422,3
1170463,5
1246690,5
1123283,5
1209659,6
1219989,6
1061456,1
1085523,4
1155240,6
1317322,6
1095186,3
1005759,6
1310191,4
1288031,4
1125918,3
1273399,6
1001703,4
1176285,3
1193770,5
1109148,6
1167077,1
1017789,5
1087533,4
1308640,5
1247651,5
1040384,1
1082565,3
1216365,6
1017561,3
1076222,1
1105915,6
1298859,3
1005498,4
1316100,1
1273176,5
1157742,4
1238301,1
1049867,1
1311353,3
1089770,6
1317799,4
1324261,6
1143324,1
1045217,3
1322564,4
1022949,4
1298110,4
1080858,5
1200347,4
1003964,3
1149885,5
1192691,4
1036376,1
1089156,6
1052389,6
1078626,1
1284464,6
1063162,5
1014838,3
1307050,3
1222008,3
1085441,1
1294933,5
1159285,4
1198040,6
1238734,4
1161637,4
1153907,6
1049677,4
1020584,3
1052531,6
1183793,3
1269279,4
1058602,6
1006518,6
1220491,1
1003781,4
1242767,4
1209727,5
1101142,5
1247769,6
1115976,5
1180600,6
1140480,6
1267683,4
1155977,4
1304281,6
1071850,5
1180124,1
1191184,3
1323081,1
1223822,4
1122582,6
1212252,5
1317213,6
1017735,3
1099217,3
1089570,3
1083681,4
1221547,3
1068981,1
1064472,6
1082891,4
1316990,3
1276061,6
1037779,6
1196277,6
1061783,6
1229488,5
1040741,3
1316205,6
1260960,6
1194011,5
1071278,1
1188702,3
1257630,3
1276910,3
1139442,4
1168942,6
1139552,4
1234250,3
1277919,5
1022708,6
1302822,1
1002419,4
1091986,3
1137266,5
1108462,3
1020005,6
1007454,4
1234135,4
1227966,4
1102013,1
1090983,6
1229598,3
1171960,4
1195444,3
1200657,1
1134237,4
1296433,6
1132915,5
1182025,3
1134909,3
1099724,4
1132781,5
1187542,4
1072671,5
1169452,4
1253998,4
1049500,6
1118285,4
1215918,6
1306944,1
1295098,6
1091825,5
1314619,6
1176779,5
1009268,6
1068103,5
1061311,6
1160388,3
1278554,3
1245887,3
1244876,3
1054364,3
1105979,6
1113138,3
1038358,6
1103461,1
1055978,1
1030333,3
1294322,6
1008897,6
1002440,1
1258185,6
1256051,4
1107199,6
1046703,3
1121456,6
1245248,6
1254667,4
1024763,5
1198520,4
1293564,3
1107832,5
1239669,4
1312225,3
1120774,6
1194874,1
1269525,1
1089270,6
1250539,3
1196931,5
1042778,6
1199708,5
1121354,6
1243838,4
1062182,4
1081809,6
1098007,1
1241392,4
1000421,6
1154056,1
1157910,5
1258119,3
1324174,3
1304028,3
1302951,6
1319383,4
1015013,5
1005130,4
1160098,5
1066892,3
1216461,3
1136762,5
1107870,1
1323215,4
1137096,3
1192369,6
1225542,3
1202142,5
1142127,3
1320007,6
1090797,4
1119068,4
1112179,3
1267838,5
1135512,3
1206905,1
1240424,4
1043319,3
1317457,5
1088335,4
1125555,6
1000939,4
1264379,1
1264493,3
1201752,3
1242665,6
1268135,6
1130525,6
1281148,6
1096471,6
1241579,1
1112908,6
1045005,3
1041401,4
1074734,4
1034663,4
1145468,4
1169941,4
1201268,3
1124574,1
1214799,6
1192689,3
1229609,5
1319951,5
1098981,4
1045628,4
1237664,3
1037188,4
1305017,4
1143955,6
1062097,1
1308244,1
1106721,4
1312345,4
1080926,6
1137154,4
1227882,6
1243297,4
1192442,5
1316491,1
1317739,5
1143493,6
1223212,5
1208112,6
1046803,4
1021240,5
1312449,4
1128045,1
1082311,6
1237788,1
1310386,5
1154120,5
1143783,5
1204272,1
1151623,2
1285179,4
1012981,3
1210940,5
1052149,5
1275455,3
1325560,6
1285438,1
1318498,5
1155665,4
1236042,4
1096799,5
1286561,6
1287343,6
1130824,6
1259044,6
1032059,5
1107101,1
1003400,6
1011992,4
1083637,5
1027078,6
1207588,6
1180128,1
1085545,3
1186750,3
1251673,1
1089311,6
1198930,4
1007039,4
1012848,6
1044955,1
1173537,6
1094975,1
1036934,4
1295600,4
1091450,3
1234442,4
1218075,5
1303464,6
1299540,6
1257358,3
1039962,6
1143674,4
1084023,4
1127726,5
1126541,3
1156034,4
1296814,3
1274276,6
1254072,4
1241483,5
1195217,6
1036819,6
1310791,5
1092998,4
1197927,3
1043583,5
1233389,4
1197714,5
1160878,1
1034360,1
1275807,6
1072213,6
1187873,4
1285894,3
1045768,1
1071653,4
1043953,6
1109272,3
1303343,6
1130084,5
1302516,4
1240828,6
1012274,4
1191755,6
1122103,6
1117848,4
1178699,6
1313629,3
1215029,6
1066513,6
1221902,5
1241758,4
1318015,4
1263868,5
1017428,1
1070842,1
1016313,4
1145638,1
1014646,3
1090773,6
1048399,4
1035708,1
1136630,5
1005774,6
1092971,5
1293431,3
1124908,4
1241446,6
1236601,1
1267462,3
1096819,4
1130954,4
1295058,5
1280494,4
1195263,3
1244162,1
1167804,1
1104259,6
1037590,5
1114077,3
1014936,1
1190901,4
1143348,4
1191504,2
1002500,1
1045371,4
1092563,6
1221636,6
1286154,6
1120484,1
1086962,6
1290028,4
1199723,3
1239428,6
1259377,6
1060069,4
1137721,5
1316956,3
1133467,5
1310773,3
1163570,6
1206480,6
1249475,5
1199025,1
1282313,4
1054429,4
1239808,4
1019184,6
1161526,4
1311326,6
1021047,5
1002622,4
1253752,5
1030488,3
1011451,3
1007407,6
1232594,4
1060258,6
1061095,6
1173137,4
1022249,1
1210297,1
1292504,1
1208057,4
1162550,4
1238846,3
1161518,4
1043787,6
1138126,6
1114591,4
1184557,4
1127172,6
1022392,3
1147280,6
1151783,4
1085421,4
1303867,3
1315942,6
1058021,4
1039684,5
1284665,1
1147485,4
1015557,6
1006702,5
1144852,3
1314037,6
1242544,4
1133593,4
1254071,5
1183066,5
1025265,5
1150302,5
1284009,3
1106155,6
1258220,5
1212416,6
1026891,1
1170954,3
1027639,4
1240364,4
1022031,4
1062760,1
1113889,3
1280652,4
1132296,3
1022891,6
1179038,3
1105312,3
1308141,1
1161733,6
1319712,5
1021715,6
1212148,3
1016827,3
1014095,1
1073526,6
1148029,4
1117579,6
1182085,1
1313574,4
1067490,4
1174284,5
1058529,4
1194474,3
1246807,4
1094391,7
1108569,4
1154101,4
1276401,6
1243620,3
1085389,4
1257334,3
1227507,6
1038453,6
1210754,6
1080500,6
1002752,4
1218127,4
1211151,4
1121287,4
1216767,1
1006785,1
1129385,4
1174189,4
1227858,3
1232016,6
1046328,1
1092134,3
1081183,4
1250873,5
1303377,3
1111758,6
1306425,6
1032779,5
1282139,6
1251617,6
1043007,3
1322171,4
1301531,4
1321778,6
1137887,4
1082105,5
1241596,4
1103975,4
1030152,6
1073684,1
1066952,4
1267587,6
1149046,4
1170546,5
1119033,6
1137524,3
1271304,6
1280582,4
1204399,4
1174913,5
1244779,1
1254464,4
1034843,1
1213308,6
1085768,6
1317145,6
1139071,1
1005583,4
1004855,3
1202914,5
1136652,3
1217539,1
1076558,6
1146533,6
1231816,6
1096495,6
1307413,4
1117524,3
1287229,3
1317678,1
1284591,6
1263554,3
1014356,6
1030098,3
1084516,4
1285573,3
1102220,5
1077594,3
1316522,3
1325540,6
1203437,6
1138143,6
1207326,6
1036969,1
1113654,6
1092263,3
1220029,5
1158573,4
1093744,4
1058072,5
1270069,4
1192786,6
1137489,4
1060669,6
1324547,4
1057164,7
1301146,6
1157492,3
1142006,5
1047866,1
1268289,6
1150229,4
1080663,4
1175592,3
1086270,3
1312352,6
1134984,6
1119153,2
1279144,1
1143793,6
1002548,3
1102848,1
1015781,1
1246375,3
1118015,3
1190943,6
1100175,3
1301150,5
1037786,5
1057873,4
1287149,3
1157637,4
1249058,4
1180265,4
1233815,5
1193298,7
1052340,4
1276101,6
1238215,6
1244365,3
1071949,3
1025758,3
1014357,1
1216312,6
1006710,5
1108339,5
1319539,5
1172956,4
1110814,3
1013380,4
1201785,6
1023534,6
1181143,6
1119762,3
1052217,4
1013523,4
1100152,1
1305276,4
1312426,6
1292402,3
1095130,4
1103707,5
1291960,6
1149312,6
1039641,4
1228038,3
1101201,3
1213103,2
1057229,5
1080809,3
1250206,6
1107962,3
1252695,4
1058570,1
1258688,3
1231982,1
1215997,3
1074451,4
1016618,5
1087161,3
1145647,4
1313096,5
1149549,3
1156522,6
1234821,1
1127242,1
1029106,3
1180767,4
1255422,6
1321834,4
1293097,4
1311449,4
1006777,6
1034075,4
1290828,1
1002434,6
1236530,4
1188231,6
1069574,3
1154140,6
1023247,4
1163294,3
1084842,3
1024370,4
1036246,5
1252730,6
1135186,5
1095428,4
1191012,1
1034053,4
1159054,5
1302755,6
1029569,6
1009599,6
1235323,4
1001939,3
1250925,6
1091743,2
1119903,5
1008241,4
1124243,3
1019249,6
1244774,6
1298492,4
1066914,4
1311248,6
1086002,3
1099662,6
1030897,1
1170709,5
1190204,4
1321585,6
1224984,1
1253610,6
1057781,6
1035526,3
1113303,6
1203634,6
1260819,4
1128510,3
1247404,4
1232225,3
1293108,5
1178471,3
1163392,6
1203418,4
1103732,3
1162082,1
1309430,3
1054846,6
1303928,5
1044378,3
1123893,4
1078801,6
1323546,6
1111094,4
1014351,4
1303022,3
1233467,3
1073308,5
1121656,6
1000420,4
1010966,5
1278224,3
1014017,1
1099680,6
1238275,5
1018252,4
1187809,6
1247020,6
1064671,4
1058505,6
1247294,3
1252920,1
1099356,5
1279654,4
1081655,3
1165868,3
1323963,4
1120682,6
1324862,3
1167087,1
1053460,6
1135591,2
1274458,4
1158242,6
1313227,4
1036099,1
1270816,3
1122266,5
1054838,6
1104509,6
1247338,6
1036297,3
1251348,5
1171537,4
1158932,6
1143757,3
1196068,1
1220200,1
1147091,4
1158274,4
1064216,3
1007461,4
1051778,1
1254427,1
1053890,1
1096417,6
1016946,6
1322896,4
1227564,6
1066454,6
1312830,1
1225779,3
1012346,6
1231936,5
1037556,3
1024957,4
1074679,3
1235614,5
1074430,3
1289782,6
1292959,3
1056987,3
1098229,6
1152906,6
1247547,5
1206573,6
1186307,4
1087377,4
1156479,4
1181465,6
1244213,6
1278418,1
1048267,4
1310388,3
1084907,4
1186474,4
1234876,3
1284389,6
1123906,6
1318383,3
1091135,6
1230335,4
1153837,3
1270318,4
1282817,1
1173368,3
1114326,5
1016616,1
1251694,5
1091382,4
1143410,3
1183379,4
1039251,1
1195655,5
1127590,1
1001532,4
1043582,3
1233125,4
1267943,4
1090069,2
1265927,4
1258108,6
1160122,5
1271469,6
1005845,6
1251078,4
1164152,4
1032837,4
1070145,6
1132728,5
1044505,1
1141966,3
1310473,6
1301060,3
1223348,6
1271078,4
1169987,3
1287383,4
1014810,6
1234767,4
1119710,2
1147267,6
1132230,4
1165551,5
1235053,4
1027356,5
1287995,5
1214725,6
1238416,4
1080695,5
1141588,1
1302656,3
1221221,4
1227980,6
1087601,6
1166758,6
1104521,4
1116512,4
1066829,6
1069950,3
1145625,6
1166830,6
1209172,4
1054448,6
1153799,3
1276895,3
1220907,6
1275681,6
1216942,3
1032774,6
1200115,1
1106785,5
1110746,1
1248089,5
1280633,5
1213807,6
1103849,5
1204769,1
1117734,4
1220702,3
1003373,6
1258476,6
1024838,6
1083135,5
1235490,3
1222742,4
1006818,1
1064355,4
1289295,3
1080664,6
1242310,6
1306900,4
1255709,6
1200043,6
1165826,4
1248275,3
1001735,6
1015859,6
1135617,4
1031975,3
1112830,6
1285330,6
1313078,4
1084987,6
1002680,4
1228306,6
1157720,5
1208383,4
1150074,1
1016041,3
1236848,5
1080145,6
1253834,4
1250273,6
1289769,5
1245703,3
1072379,6
1286887,5
1196761,6
1230969,5
1134718,6
1261811,3
1209846,4
1190197,6
1154019,4
1179277,1
1270419,6
1285801,6
1287945,4
1122098,4
1128976,3
1043012,5
1160294,3
1230964,6
1246331,5
1122988,6
1245169,4
1308068,3
1123034,4
1156553,5
1040050,6
1091887,6
1306083,6
1317558,4
1085422,5
1239156,3
1238690,6
1147484,1
1316379,7
1270085,6
1198510,2
1180274,6
1249052,6
1012216,1
1297758,3
1020491,5
1222589,1
1053161,3
1067050,1
1210849,4
1300006,6
1190193,3
1075804,4
1078480,6
1236254,3
1243243,3
1176308,3
1081631,6
1030709,4
1072599,5
1222328,6
1305968,6
1291126,1
1088433,4
1255086,1
1037224,1
1010243,1
1097756,6
1027465,3
1068550,5
1209667,6
1088858,3
1183770,3
1209363,3
1072013,6
1074217,3
1289581,3
1140824,5
1128433,6
1275742,4
1089063,3
1320335,5
1087335,6
1058983,3
1090907,4
1122265,5
1242244,1
1133523,6
1175728,3
1128531,3
1023969,4
1301638,6
1139393,6
1242584,6
1145465,6
1227175,3
1200550,6
1215514,3
1059841,5
1171736,3
1138812,4
1013815,4
1233580,3
1188775,3
1226662,4
1005078,4
1129334,4
1162838,3
1145036,5
1213022,6
1200354,3
1134540,4
1184167,1
1153566,6
1277828,4
1081023,4
1143522,3
1083750,6
1085169,3
1255742,3
1060063,6
1074600,4
1199120,6
1313854,1
1008687,4
1269386,4
1281732,7
1156783,3
1114812,5
1030241,5
1231533,5
1281666,5
1176759,4
1191845,5
1071874,6
1176778,6
1142565,3
1182186,4
1274893,1
1280931,4
1232753,3
1265238,4
1124780,6
1025015,6
1030275,3
1045822,2
1017764,3
1000063,1
1273733,6
1281735,3
1318026,4
1277465,1
1323307,6
1143994,5
1035642,1
1162605,5
1126908,5
1299108,4
1177874,5
1040927,5
1285134,3
1316949,6
1259511,5
1197120,4
1290464,6
1138075,4
1305943,3
1309574,6
1202865,6
1230197,4
1090327,5
1038596,5
1160707,1
1031580,4
1097773,1
1242052,3
1022686,1
1297867,5
1321741,3
1194912,6
1135798,4
1258086,3
1175789,5
1107537,1
1099585,4
1260887,5
1277558,3
1314067,4
1144435,6
1120284,5
1248099,1
1200337,3
1162501,1
1140038,4
1092841,5
1042972,5
1189000,4
1204481,3
1027983,6
1015325,4
1105749,4
1222004,6
1286498,4
1158591,4
1047659,5
1194058,3
1257214,4
1057633,1
1272566,4
1102075,4
1011378,4
1145023,1
1121799,3
1310227,4
1271912,3
1181717,6
1242051,4
1013698,4
1160359,4
1019759,1
1017877,3
1086110,6
1006386,6
1066227,6
1150228,6
1233056,4
1067870,1
1022450,3
1009328,4
1039614,4
1193975,3
1046858,6
1047252,1
1130762,6
1003988,6
1251835,3
1074163,1
1072028,4
1279856,3
1021491,5
1082862,4
1221035,3
1165896,7
1318512,4
1195213,3
1000120,6
1165263,6
1201679,1
1264742,6
1121009,3
1002152,3
1192874,3
1123466,1
1005781,4
1213731,4
1227874,3
1120240,3
1082836,6
1085447,6
1290490,5
1051057,4
1247133,4
1193362,6
1287117,4
1217434,4
1160531,5
1182735,3
1060304,6
1300497,6
1035654,4
1242857,4
1181822,6
1323341,6
1013125,1
1195683,6
1183176,5
1002406,4
1234502,6
1131399,6
1319276,1
1214134,4
1187810,4
1166289,6
1266639,3
1004709,6
1283583,3
1286256,6
1237187,3
1183635,1
1085970,4
1141908,1
1312643,6
1320639,6
1182135,6
1024202,5
1045337,6
1028742,6
1072922,3
1244054,4
1006188,3
1281685,3
1257634,3
1198521,4
1166028,6
1319414,3
1311738,5
1124929,4
1325047,4
1235758,1
1120597,3
1310582,3
1050741,1
1028758,4
1137051,5
1282381,5
1094279,1
1301050,3
1314747,5
1232565,4
1165693,6
1122196,1
1323186,1
1106650,4
1157560,3
1171845,1
1223797,1
1140520,6
1324702,3
1261074,6
1270779,3
1099194,1
1322837,5
1248079,6
1051035,4
1072238,6
1271700,6
1302387,4
1079738,6
1174125,3
1038183,6
1324185,4
1012394,3
1101590,1
1006784,3
1048255,5
1306965,5
1324412,4
1234553,3
1085279,3
1006205,6
1030457,1
1028755,3
1190713,4
1244051,3
1188545,4
1185633,5
1056487,4
1236318,4
1018782,5
1291897,1
1226059,4
1068383,3
1311846,6
1094775,4
1167729,3
1016843,4
1268593,6
1038151,4
1086060,1
1021495,3
1166293,1
1151806,6
1163543,5
1038100,6
1191091,3
1109575,5
1293837,4
1228961,2
1201632,6
1235579,6
1310647,6
1188857,3
1053673,6
1020254,6
1310319,4
1206895,5
1200905,6
1227519,3
1010411,5
1212523,3
1017639,4
1020831,3
1172566,3
1140739,6
1064262,3
1104704,2
1208217,4
1215756,3
1144877,1
1134685,5
1310042,4
1267426,6
1086858,6
1172210,6
1179869,4
1071249,4
1020698,1
1238273,4
1095319,4
1304043,6
1097423,1
1292658,3
1085751,6
1159088,3
1195533,4
1115835,4
1142864,3
1301925,6
1153952,4
1261047,6
1214163,6
1133423,3
1083134,3
1202697,5
1065740,6
1303379,6
1072036,3
1156943,4
1154123,3
1060471,5
1072227,6
1284662,1
1142775,5
1031866,6
1001067,1
1161360,3
1014378,4
1099454,5
1261733,4
1261712,4
1315405,6
1163993,4
1058748,6
1052705,4
1249065,3
1263082,5
1035206,5
1207202,4
1124217,3
1145398,3
1081598,5
1033461,3
1129197,5
1182999,5
1114882,1
1313968,4
1232440,5
1038745,6
1182394,6
1218600,2
1198672,4
1113141,6
1126685,1
1303308,3
1122968,3
1084666,6
1249500,3
1118862,4
1154899,6
1044452,6
1198110,3
1246604,2
1248723,5
1036729,6
1065830,4
1225792,6
1209758,4
1324944,4
1077064,3
1310101,3
1237006,6
1269632,2
1226284,4
1321501,3
1220097,3
1001058,5
1252374,6
1213563,4
1016026,3
1117837,3
1063666,3
1203322,4
1170087,5
1284960,3
1010103,5
1085416,6
1315005,1
1092577,6
1015654,3
1048675,4
1005427,5
1087443,1
1140640,5
1087825,4
1065956,5
1111621,5
1303028,6
1099202,3
1063807,3
1025990,5
1291228,6
1203983,6
1289183,5
1059355,4
1240246,4
1228742,6
1270123,3
1003814,6
1293199,5
1225179,6
1320411,5
1141733,3
1116364,3
1218640,6
1113260,5
1187720,5
1218432,3
1244038,4
1270035,5
1298974,3
1148619,5
1140338,4
1085787,6
1265853,1
1200600,3
1026816,5
1025516,3
1070673,4
1129923,1
1005587,6
1098247,6
1073849,6
1079240,4
1286465,3
1318780,6
1200795,5
1032685,4
1017897,3
1242952,6
1235555,3
1014653,5
1298245,5
1267281,6
1063128,4
1006382,4
1040509,5
1261223,3
1054267,4
1027273,1
1029727,4
1212811,3
1014840,3
1291743,6
1076723,4
1299961,4
1060816,3
1107294,3
1209800,4
1058209,3
1295284,5
1319917,6
1093780,4
1006092,3
1141710,3
1172579,4
1067742,6
1269678,5
1317613,5
1258806,1
1092993,4
1286241,3
1007083,1
1300327,3
1154682,4
1082287,3
1020535,4
1191316,4
1087476,1
1323549,3
1316752,2
1076120,4
1051650,1
1080206,6
1144698,6
1309608,5
1115194,5
1092063,3
1280636,6
1138607,6
1070162,6
1041555,4
1155578,6
1054968,4
1246086,6
1151682,6
1181446,5
1294557,1
1224102,1
1048631,1
1062341,3
1149544,3
1158450,5
1198433,1
1278230,6
1042119,6
1238397,4
1212177,5
1031197,1
1021287,6
1038021,5
1108136,6
1128762,1
1118536,4
1282654,4
1141425,6
1205472,3
1051205,4
1152327,3
1213839,6
1311813,3
1075854,2
1202629,6
1010145,3
1080602,1
1264956,3
1023449,6
1222875,5
1265141,6
1142294,3
1123871,3
1061009,3
1122221,6
1033490,5
1197094,6
1261127,4
1273661,1
1095363,5
1041245,2
1069169,5
1126313,6
1224436,5
1114962,4
1202157,4
1133215,3
1144805,3
1074193,3
1067045,6
1014848,4
1188421,3
1125515,6
1057054,6
1091562,3
1063063,4
1153943,4
1248617,6
1015130,3
1294873,3
1177616,6
1045622,1
1063530,3
1116623,3
1007333,6
1287401,5
1225043,1
1009798,3
1067372,4
1123568,4
1118460,1
1048779,6
1146271,3
1313152,4
1198400,3
1325274,5
1060606,4
1247891,4
1233820,5
1144337,6
1262536,6
1046834,4
1281304,4
1280626,6
1239160,6
1073176,3
1315382,6
1026701,6
1167625,4
1318793,1
1203600,4
1060538,3
1004110,6
1262301,3
1219162,5
1150269,4
1119260,6
1136354,3
1165052,6
1209884,6
1078509,4
1206150,4
1182409,4
1255652,4
1147344,3
1124441,6
1254926,3
1302515,4
1317798,6
1123651,3
1064540,6
1266942,6
1046505,6
1210972,6
1231265,3
1216468,1
1266491,4
1019653,3
1102257,1
1098576,1
1159605,3
1216863,6
1127956,4
1003919,6
1159934,6
1104273,5
1076126,4
1273900,6
1130628,3
1038897,3
1306815,6
1097140,5
1158353,3
1122343,6
1157434,1
1041954,5
1107379,1
1240890,6
1115125,5
1159620,7
1244295,3
1185122,5
1160114,3
1258415,3
1019194,3
1258753,4
1288019,5
1232966,4
1081576,4
1111965,3
1278826,6
1279294,4
1135846,6
1273313,4
1181490,3
1113196,4
1146110,3
1150636,4
1117312,4
1049861,6
1122333,1
1067292,6
1155308,6
1135601,4
1191019,6
1126570,4
1320305,4
1012307,6
1069391,5
1159464,4
1265817,3
1282222,3
1105282,6
1010568,4
1099553,3
1195216,4
1079670,4
1056356,4
1005240,1
1094954,3
1052805,1
1218649,6
1302000,4
1023782,3
1261359,6
1274628,1
1267041,2
1168689,1
1051744,3
1092765,3
1187008,3
1262570,5
1306005,5
1010485,2
1250086,4
1239357,4
1075374,3
1208456,5
1037597,6
1064737,6
1176171,6
1284237,1
1123834,3
1108734,6
1258641,3
1271283,2
1059995,5
1227725,6
1259591,5
1270596,5
1291998,4
1052750,2
1072340,4
1161989,4
1182483,6
1202722,4
1097524,6
1022294,3
1002305,3
1198888,6
1132175,4
1171982,6
1053618,1
1261075,4
1158214,4
1172055,3
1170595,4
1090905,1
1112037,6
1306522,4
1325459,6
1064146,4
1220605,4
1262614,3
1261601,4
1091916,6
1075232,3
1315319,5
1245428,5
1286193,6
1161223,1
1183029,3
1155604,3
1324161,3
1272962,1
1143427,1
1082175,3
1269849,3
1281755,4
1054090,3
1219921,3
1077168,6
1302795,4
1146607,4
1183359,3
1244249,1
1186981,4
1210276,3
1009300,3
1163713,4
1101371,3
1182924,5
1213640,3
1306208,4
1324214,3
1197090,6
1098445,1
1218051,5
1212798,3
1159836,5
1210788,4
1323846,5
1234031,3
1141187,1
1207918,1
1119532,6
1122385,6
1100307,1
1234674,6
1204534,6
1251367,5
1059243,3
1130093,4
1207612,4
1292185,6
1278129,4
1031477,4
1123844,6
1129572,4
1103063,5
1099235,6
1060054,1
1028278,3
1030061,6
1318996,4
1267669,1
1300116,5
1282973,1
1074748,3
1141159,4
1003938,3
1128007,3
1024908,5
1317417,6
1188816,3
1033271,3
1309559,6
1182523,3
1093308,6
1048646,6
1250142,6
1297338,5
1270255,3
1132430,4
1154049,3
1046805,4
1104849,4
1096205,3
1091643,3
1284867,3
1022296,4
1254455,4
1016124,5
1204681,1
1057827,5
1263105,3
1212725,1
1023658,5
1252745,6
1159559,6
1164314,6
1192423,4
1123480,3
1093104,5
1191409,3
1142961,4
1029624,4
1251794,6
1079418,1
1283016,6
1211695,6
1000800,6
1070368,5
1192715,5
1137749,4
1301198,6
1283938,1
1195707,6
1297354,3
1144470,6
1030008,3
1274679,4
1253466,4
1163449,4
1114446,5
1173370,7
1100542,3
1263767,6
1259237,5
1225183,3
1102395,4
1060117,6
1027868,5
1268736,6
1192899,6
1141451,4
1291274,3
1016059,3
1055364,6
1061235,3
1015541,6
1310984,3
1198204,6
1206142,4
1214505,3
1203932,3
1211244,4
1081300,6
1224951,4
1055962,5
1321534,4
1225873,3
1180619,5
1090295,4
1133102,6
1259405,6
1176712,6
1014627,6
1123776,3
1250565,3
1008249,6
1129374,1
1077741,3
1299809,5
1299307,6
1032497,3
1158394,7
1005817,3
1303711,1
1155514,3
1264062,6
1046482,3
1027803,3
1065973,3
1242454,5
1208717,4
1180961,5
1172721,6
1003676,6
1163342,6
1080767,4
1151246,1
1016935,3
1175471,4
1303487,5
1247422,3
1004500,4
1246483,3
1227088,6
1280437,4
1075053,5
1225134,1
1290411,5
1304220,6
1248934,4
1165572,3
1212081,4
1129513,6
1285214,5
1082934,1
1241070,4
1042733,3
1180551,6
1130405,3
1007729,4
1137355,5
1179621,1
1176707,6
1026541,3
1105296,6
1122705,4
1320238,5
1030321,6
1030137,3
1192407,5
1019897,4
1154099,3
1029577,3
1030748,5
1215768,4
1255308,3
1012898,3
1087305,4
1055314,5
1224003,3
1004550,5
1024984,5
1201495,6
1255524,1
1173897,4
1290897,6
1178034,6
1315673,4
1171854,6
1071920,5
1141073,2
1291854,4
1216759,3
1018345,3
1117230,6
1026622,4
1061823,3
1267760,5
1047294,4
1266751,4
1178081,1
1083627,4
1273375,4
1129145,3
1176576,3
1229231,6
1311514,5
1123565,3
1319400,5
1314058,6
1313693,6
1171078,4
1194377,4
1126511,6
1180981,5
1137183,1
1227810,6
1094171,1
1019855,4
1050575,3
1062605,6
1281918,3
1111748,4
1250858,3
1215696,5
1255214,4
1319794,6
1231545,6
1308502,6
1239945,6
1190231,3
1259737,4
1182214,6
1117415,3
1226594,5
1199501,4
1231338,4
1272543,3
1159457,6
1166704,6
1188404,1
1067122,4
1019555,4
1098077,4
1244380,3
1164833,4
1160175,6
1243844,4
1324026,3
1149334,4
1040994,3
1065102,5
1142258,6
1262583,3
1170842,1
1310900,6
1203179,4
1195770,3
1292454,6
1109277,4
1132835,1
1047279,3
1158254,6
1163678,6
1324832,1
1030073,3
1007518,1
1098812,3
1043532,6
1060003,6
1031409,6
1273827,4
1140218,5
1188100,4
1096349,6
1140513,6
1245281,5
1045233,3
1068553,2
1143542,6
1256325,3
1124890,4
1097904,4
1109030,4
1211427,4
1318730,6
1093303,3
1299657,4
1307841,6
1285110,6
1276259,6
1079223,5
1004032,6
1224521,5
1181523,4
1022068,4
1027726,3
1249275,5
1230800,4
1022996,4
1201223,1
1152288,3
1321186,5
1259121,6
1048735,3
1095952,5
1143798,1
1019639,6
1060934,4
1175482,1
1135111,1
1035574,4
1227797,1
1278280,3
1158550,5
1174649,1
1272380,5
1114126,4
1241318,4
1109437,6
1169982,3
1272404,4
1155481,3
1310823,1
1091646,3
1311433,5
1024150,4
1061396,6
1255460,5
1008489,3
1096950,3
1038898,1
1100721,6
1138395,5
1313176,4
1197948,3
1221284,4
1156233,4
1242474,4
1291467,3
1090671,6
1080709,3
1139164,1
1260661,2
1030294,3
1003366,6
1117030,6
1055872,5
1028453,6
1199358,1
1181604,4
1164194,6
1290709,4
1312856,4
1115885,6
1025309,1
1139044,4
1318109,5
1004888,3
1138345,1
1045969,3
1057457,3
1303883,4
1079539,6
1307917,5
1203018,3
1061494,3
1203936,3
1292566,3
1031385,3
1284201,3
1296393,1
1293317,4
1209287,6
1236628,6
1200968,3
1293727,5
1047827,5
1071282,3
1196171,4
1314977,6
1029108,5
1144931,6
1173843,3
1075370,4
1182763,4
1304982,6
1321692,1
1220604,6
1126654,6
1218053,4
1153908,3
1224974,6
1324640,6
1312379,5
1029057,3
1000917,5
1128117,6
1289773,3
1247823,4
1303564,4
1249586,4
1288424,1
1189614,3
1229962,3
1136037,6
1215632,3
1107701,6
1097091,6
1138390,5
1115786,4
1079500,6
1167276,1
1044931,3
1253474,3
1311378,4
1178508,6
1003680,6
1286846,3
1251791,5
1200197,3
1057490,3
1215701,3
1195187,3
1321570,5
1143883,6
1125128,4
1238049,4
1103995,4
1064715,3
1235028,3
1324645,6
1009239,3
1049899,6
1249462,4
1151619,4
1219535,5
1026059,3
1297988,6
1093593,1
1183636,3
1112009,6
1144939,1
1176298,6
1147195,5
1130993,6
1058318,2
1225718,2
1294359,4
1155455,5
1140952,5
1243591,6
1057488,3
1136028,4
1244730,4
1319770,6
1139554,4
1276984,3
1029896,4
1031835,5
1150734,1
1202047,4
1093555,3
1315736,6
1079309,4
1055351,5
1200855,6
1255601,5
1237636,3
1138987,3
1304775,1
1142105,3
1086256,5
1292112,6
1149386,5
1149918,5
1002582,5
1198273,4
1217066,6
1224397,5
1224164,3
1085006,5
1247229,5
1106434,3
1246390,3
1201417,6
1073833,3
1307584,1
1253865,4
1082313,6
1118374,4
1195545,4
1089501,3
1320454,5
1016685,6
1111321,5
1039189,1
1005454,3
1212680,3
1186176,4
1164388,1
1046034,3
1089260,5
1200560,4
1108295,4
1320289,6
1008581,3
1008126,3
1095254,5
1109353,1
1106228,3
1224256,1
1299109,5
1214397,1
1207648,5
1000068,5
1259720,4
1164313,4
1140809,6
1282540,3
1026144,3
1297554,6
1075970,3
1201402,6
1225089,4
1137018,6
1303078,3
1277548,4
1248279,5
1129469,3
1281351,4
1246271,6
1250201,4
1061285,5
1068438,3
1070959,6
1091201,1
1093168,4
1242748,3
1010424,5
1304348,5
1126059,6
1243159,4
1051850,4
1268404,4
1152644,3
1082471,5
1103348,5
1204521,4
1043372,3
1175676,6
1071334,4
1280284,5
1076770,3
1251324,1
1007274,1
1145082,1
1141892,3
1124900,6
1261879,3
1265140,3
1193259,6
1142936,4
1042158,4
1172494,5
1191344,5
1164564,4
1168982,6
1159569,6
1247795,5
1024266,4
1304543,5
1208878,6
1206177,3
1203134,4
1235861,3
1177221,6
1114705,5
1266218,4
1206524,3
1173775,6
1149969,4
1192292,3
1116270,1
1152805,1
1005455,3
1104498,6
1030552,6
1022604,3
1085951,3
1089381,4
1176292,3
1076077,4
1002428,6
1244377,3
1140454,3
1053303,5
1317378,3
1107530,3
1187450,4
1042089,6
1279678,3
1172825,4
1138537,6
1035183,1
1051759,5
1184996,3
1086506,5
1060199,4
1053696,3
1001748,5
1180966,1
1054233,4
1205873,3
1197401,4
1020040,3
1102960,1
1133867,3
1255031,3
1240650,5
1147325,6
1293387,6
1187243,5
1058334,3
1282705,3
1065660,6
1182294,6
1235675,4
1008474,5
1095082,6
1212868,1
1014822,4
1124864,1
1267050,5
1175654,5
1125406,6
1033759,3
1205541,5
1093672,6
1133821,6
1034372,4
1213854,5
1154292,2
1040515,4
1021080,3
1058411,6
1167542,1
1207055,1
1207693,6
1122218,1
1180087,3
1114507,6
1269456,3
1214676,6
1103788,4
1259565,3
1111260,1
1030794,5
1060310,6
1183310,6
1090808,7
1312189,4
1276124,6
1198949,6
1056970,6
1102612,4
1110602,3
1177031,3
1024692,4
1264981,3
1268334,6
1263080,3
1266673,4
1169409,4
1253402,6
1085656,1
1011995,3
1249521,2
1144229,3
1237344,3
1077579,6
1207329,3
1286423,5
1030319,3
1224063,3
1181464,3
1122524,4
1085884,4
1004643,5
1149303,4
1210528,3
1174385,6
1039767,3
1037970,4
1033539,4
1197389,5
1084567,4
1170129,4
1211587,3
1008389,3
1062169,4
1200276,4
1257709,1
1144172,1
1032014,6
1182582,6
1131377,6
1034338,5
1138032,3
1314872,1
1119811,3
1179310,3
1009666,3
1034403,3
1064588,6
1276203,3
1221088,4
1272451,3
1113001,6
1014181,4
1209564,2
1148703,3
1208902,3
1146793,4
1217614,4
1141164,4
1171275,3
1110399,6
1216044,3
1113418,4
1107405,6
1133070,4
1177980,4
1192001,6
1211989,3
1105817,6
1005310,3
1174723,4
1114657,1
1192221,3
1206017,6
1002125,3
1172549,3
1163099,4
1256509,3
1242117,6
1145292,3
1254730,5
1052023,3
1107856,1
1063831,4
1100458,5
1098142,1
1195173,5
1055589,6
1241520,4
1214047,4
1304314,6
1305117,4
1262007,1
1134720,3
1141944,4
1315334,4
1317179,6
1319981,4
1235220,4
1265827,4
1136294,1
1006859,3
1138253,6
1027535,3
1204641,6
1316344,4
1210235,5
1017126,4
1147930,4
1072253,1
1262911,5
1122600,2
1073796,6
1295590,4
1299732,5
1192865,3
1044537,3
1231290,1
1297805,3
1198858,5
1064514,5
1248227,6
1193086,3
1174479,4
1119899,4
1128083,4
1324826,3
1227325,1
1022055,4
1014270,5
1064054,3
1102699,6
1265831,5
1255669,3
1273604,4
1129579,4
1041255,5
1323058,3
1303602,5
1148469,3
1035491,3
1148458,1
1196497,6
1098840,4
1129547,3
1050812,1
1219378,3
1039316,1
1233225,6
1128761,6
1196340,4
1314406,4
1116863,6
1167042,3
1219673,4
1062413,3
1307251,3
1016905,3
1225091,3
1019868,6
1028168,1
1213122,5
1068477,6
1313424,4
1125569,5
1283537,3
1042832,6
1213251,6
1246080,5
1293338,5
1036967,3
1002393,5
1251803,3
1303827,4
1118061,4
1080498,6
1282412,6
1114005,1
1093254,1
1111942,3
1210180,3
1203004,5
1206287,6
1202006,6
1221506,4
1264196,4
1297932,5
1257913,6
1248894,5
1221906,3
1167153,3
1275746,6
1181839,6
1168042,5
1131240,4
1249423,6
1175628,4
1207684,4
1257174,3
1124924,6
1012282,1
1062403,1
1205736,4
1299271,5
1039766,3
1076482,3
1063952,6
1321325,6
1194407,6
1245099,3
1084505,6
1051877,2
1043161,5
1128297,1
1033582,6
1184211,4
1256075,5
1085720,4
1299367,3
1105726,6
1176302,5
1219055,3
1085505,3
1285532,4
1002863,3
1156077,1
1167338,6
1311547,2
1261115,6
1260292,3
1134204,1
1199821,4
1108205,6
1307063,1
1114875,4
1031547,3
1304364,4
1102601,5
1188140,6
1189433,4
1149163,1
1104927,6
1224896,6
1053370,1
1316484,4
1274195,6
1271362,3
1009936,4
1216797,2
1313229,1
1296225,3
1307310,5
1157927,6
1243578,3
1177526,4
1314492,5
1283781,1
1056262,5
1177953,4
1079834,3
1112467,3
1102559,4
1069766,6
1229949,1
1309933,4
1145701,6
1050214,6
1201869,3
1044190,5
1166578,6
1107089,6
1038652,3
1268395,4
1276213,6
1120452,3
1193143,7
1007855,5
1017536,4
1313543,5
1231011,6
1242622,4
1297490,4
1133533,4
1038258,3
1257850,3
1174728,4
1105304,3
1100531,1
1266573,5
1310317,6
1085657,3
1110908,3
1065954,4
1197154,6
1117817,6
1134230,3
1278084,4
1107624,1
1300796,4
1216473,6
1015403,1
1254419,3
1050136,6
1090252,5
1021622,4
1195040,5
1273643,3
1152073,4
1016873,6
1014074,3
1159544,5
1288869,5
1208702,1
1094309,6
1209145,1
1157342,3
1290123,3
1260172,3
1319889,3
1101927,6
1027162,1
1073190,1
1295280,6
1117781,1
1170909,4
1008454,3
1286506,6
1263577,6
1046896,4
1093503,5
1146819,3
1192936,6
1118185,4
1060730,6
1190865,4
1295647,3
1284782,5
1153814,1
1166912,6
1186375,6
1164855,6
1300886,4
1082773,4
1040416,4
1304737,6
1208110,4
1211756,4
1149277,1
1101567,2
1260900,6
1102686,3
1129121,4
1256782,6
1280988,6
1105379,3
1245937,4
1167363,6
1080076,6
1167382,5
1297804,3
1195000,5
1255449,3
1026596,6
1321959,5
1054954,3
1002896,1
1032600,6
1277731,6
1159791,5
1284788,6
1297717,6
1267233,5
1057657,4
1086319,6
1085181,4
1128100,4
1184549,4
1013220,2
1162987,1
1195665,5
1242664,4
1258979,4
1111670,1
1234892,3
1313267,3
1028079,3
1112496,6
1206370,1
1251406,5
1252757,3
1251749,6
1226463,4
1151964,6
1213199,4
1047341,1
1125993,4
1129302,5
1068484,6
1287108,6
1290246,3
1272705,4
1122454,1
1313094,4
1246797,6
1272443,6
1233713,3
1083897,1
1199760,1
1019365,4
1077962,5
1061637,3
1174915,1
1005438,5
1008084,4
1250156,3
1154649,6
1217126,5
1301322,4
1050086,5
1129607,3
1212321,5
1036183,6
1231452,1
1143671,3
1273044,5
1141468,1
1172330,1
1062151,1
1069700,3
1055554,5
1165233,5
1319647,4
1309843,3
1303206,4
1007602,4
1037159,4
1045471,6
1223653,3
1212632,4
1039412,6
1325180,6
1024773,6
1050456,6
1165754,1
1128760,4
1048403,4
1142343,5
1093919,3
1019605,6
1168349,3
1125429,4
1139961,6
1156209,5
1213727,1
1056328,3
1131895,4
1174931,6
1109488,6
1245142,4
1265585,4
1251330,4
1040222,4
1202970,5
1062914,4
1059373,4
1019252,6
1222607,4
1054488,4
1149109,3
1290526,5
1142819,5
1096723,6
1246377,4
1085365,3
1012923,6
1153060,1
1124414,4
1186745,5
1242459,3
1178633,1
1002234,1
1094168,4
1022826,5
1240578,1
1306475,3
1221136,5
1149814,6
1160699,3
1137089,6
1159224,1
1119197,1
1197904,1
1026928,3
1169610,1
1144517,3
1026181,6
1222010,6
1185682,4
1109247,4
1111186,4
1033358,4
1270640,5
1061604,4
1178098,1
1003509,3
1153383,5
1082247,1
1163874,1
1229092,4
1268651,1
1322193,6
1237928,6
1086025,3
1284477,3
1303117,6
1127595,6
1031589,6
1177035,4
1195498,3
1325552,1
1059885,6
1140904,4
1164513,4
1120257,1
1054268,6
1222026,3
1153810,2
1171598,4
1205003,2
1291422,3
1031927,6
1051556,3
1258450,4
1303859,3
1039539,5
1055075,1
1116722,2
1126327,5
1061607,3
1147100,3
1168208,3
1294173,1
1295498,6
1314301,5
1037922,4
1057172,4
1218109,4
1093743,5
1257372,5
1060466,6
1147380,1
1283416,5
1140848,3
1300917,6
1205047,1
1092071,3
1103833,4
1320130,6
1154453,3
1082343,6
1129665,3
1308852,1
1189167,6
1306099,5
1086861,5
1291886,3
1256764,1
1172321,4
1102624,6
1297871,3
1159673,5
1261782,4
1104350,5
1088748,3
1207086,6
1070880,3
1182128,4
1264915,6
1088597,6
1201616,5
1053012,6
1283688,4
1239970,4
1054186,3
1173670,4
1292442,6
1048463,3
1012460,6
1206402,5
1119168,6
1001425,3
1234733,6
1061695,5
1209760,5
1094180,4
1299035,6
1118326,3
1275404,3
1114830,6
1216406,6
1101135,2
1144718,6
1118559,3
1059256,3
1218030,3
1109554,4
1234525,3
1130362,3
1039636,6
1118879,6
1044629,4
1198658,4
1178496,5
1209472,1
1306789,6
1118509,1
1168852,6
1089798,6
1180510,5
1322333,6
1207635,3
1256133,3
1024137,6
1213513,4
1257637,3
1296033,1
1291377,1
1149394,6
1043491,1
1205882,6
1278880,6
1193111,4
1112155,4
1112131,2
1087721,1
1201888,6
1202739,2
1104997,3
1005484,1
1305347,3
1078643,1
1174616,6
1279721,4
1142662,1
1194425,6
1094280,4
1168168,3
1073783,3
1315055,3
1131999,1
1065010,6
1207419,4
1150572,4
1241719,5
1122542,3
1044809,6
1093113,4
1190225,6
1226419,3
1246917,4
1085898,3
1250800,5
1017434,6
1236525,5
1221489,4
1188563,1
1159884,6
1210471,3
1253191,4
1045064,5
1102200,6
1179559,3
1104337,3
1159136,3
1083818,5
1307641,6
1095335,3
1299968,6
1188305,6
1152780,6
1317585,3
1006707,6
1024057,1
1243967,6
1191678,3
1286640,3
1010229,4
1027146,6
1172182,1
1154368,3
1075672,3
1173268,3
1305793,4
1006685,3
1268619,3
1143523,2
1220552,5
1179435,1
1260788,1
1208287,4
1125377,3
1087646,4
1040773,1
1063179,3
1098268,1
1051523,6
1226534,3
1188940,6
1144056,4
1187924,6
1319358,6
1175326,5
1026007,6
1194080,3
1142279,1
1199949,6
1059051,6
1241786,6
1190195,6
1026298,3
1112079,3
1302558,6
1090505,3
1095799,3
1220696,3
1244239,4
1007945,4
1001809,6
1069564,6
1061143,3
1299349,6
1087907,4
1051510,2
1093028,5
1076741,6
1290613,5
1237302,4
1238424,5
1010086,3
1313800,5
1003314,6
1230624,4
1060871,4
1084184,6
1259509,3
1273753,4
1266555,1
1302495,6
1076760,6
1232493,3
1322158,4
1083334,3
1230265,3
1108809,1
1243653,3
1315410,5
1063392,6
1113762,4
1131842,1
1322474,1
1091029,6
1045704,4
1225870,1
1167995,4
1090534,3
1193650,6
1092104,5
1117468,4
1074019,3
1137415,3
1195259,6
1282605,4
1195032,6
1324709,6
1138221,4
1247589,4
1008934,1
1093725,4
1125968,5
1220184,4
1166756,3
1122789,1
1069916,5
1152671,5
1268548,1
1152813,4
1229621,4
1255036,1
1104435,3
1308154,3
1100014,6
1272646,6
1019655,4
1199234,5
1062972,3
1251486,1
1142649,4
1252506,1
1237731,3
1287090,3
1189831,5
1267972,6
1131387,3
1018605,1
1198678,6
1099130,5
1151435,5
1297218,5
1222437,6
1217243,6
1194008,5
1323000,3
1095814,3
1257609,3
1140226,5
1206380,3
1102918,2
1287085,3
1289763,4
1050602,3
1300380,4
1024924,5
1234979,5
1272927,6
1178569,6
1296379,3
1079455,4
1190126,3
1213146,4
1084637,4
1026968,5
1097540,6
1132885,3
1141540,3
1153306,6
1137975,3
1094822,6
1217937,6
1302581,1
1136852,1
1304789,4
1012426,1
1314929,6
1090097,1
1273128,6
1280089,6
1079300,6
1196638,4
1175836,5
1257089,5
1189220,3
1189435,6
1220268,3
1184414,1
1031051,6
1227030,4
1286194,6
1072338,4
1161028,3
1271310,6
1165281,4
1024753,2
1065315,6
1250025,5
1159530,6
1203789,3
1159248,6
1082791,4
1022659,5
1310827,3
1056066,4
1069940,5
1304140,5
1140019,5
1229467,3
1089638,6
1227394,5
1178359,3
1271256,3
1173712,4
1020589,3
1036365,3
1163475,3
1147155,6
1028369,5
1202062,5
1083342,6
1247254,4
1299658,6
1095431,6
1132394,3
1040588,3
1203640,6
1106336,5
1305042,6
1012759,5
1129147,3
1194950,1
1029313,6
1185608,5
1295172,6
1182439,5
1194827,6
1158473,5
1056691,4
1005804,3
1206954,6
1248767,4
1123043,6
1275643,4
1091189,4
1049260,6
1029156,5
1219858,3
1228524,4
1109560,6
1116412,6
1218342,5
1160573,3
1325312,3
1107057,6
1012232,4
1044234,6
1074853,3
1113558,6
1293516,4
1291997,3
1090719,6
1322294,6
1261567,1
1228154,3
1220188,6
1113855,3
1276223,5
1132172,4
1279132,1
1017118,4
1265042,2
1137341,3
1164389,6
1138029,3
1002736,6
1123956,4
1186971,3
1099812,4
1056663,4
1152382,1
1235805,4
1135542,5
1176853,5
1018458,4
1142421,1
1259046,4
1239292,3
1191301,5
1115294,1
1173480,5
1116203,5
1113123,2
1083456,5
1066287,4
1008601,6
1233296,4
1251253,5
1197899,5
1188601,6
1171786,1
1120997,1
1134592,5
1054814,6
1103412,5
1092256,3
1153049,5
1167340,3
1163227,6
1189322,6
1015463,4
1205125,6
1027019,4
1303972,4
1290439,5
1275653,4
1144558,5
1015242,3
1108732,6
1042814,5
1049588,4
1015390,3
1192208,6
1113369,1
1176532,5
1009721,6
1253101,2
1095049,1
1047347,3
1298385,6
1116301,6
1146860,3
1196630,1
1060583,6
1054181,3
1078522,5
1272559,3
1145687,6
1147679,5
1251512,3
1262572,5
1209776,4
1314928,1
1220354,1
1254370,6
1066638,3
1119050,6
1184700,6
1035478,6
1272655,6
1244903,5
1320217,3
1273240,6
1289705,3
1072500,4
1131901,1
1119090,6
1250634,4
1267102,4
1167046,4
1226016,1
1309918,6
1055403,6
1123100,4
1092048,3
1154084,3
1005308,3
1068960,1
1122428,5
1071405,5
1066705,2
1110096,3
1202092,6
1228245,5
1250665,4
1312238,4
1318614,6
1083495,6
1045521,6
1285888,3
1153958,4
1216537,4
1033850,3
1079426,3
1171151,5
1072298,5
1095073,6
1039936,3
1009531,3
1013020,3
1269934,6
1191672,6
1213796,4
1055335,6
1123242,3
1126010,3
1256910,6
1233160,3
1126114,4
1039540,3
1315356,4
1130382,4
1171103,4
1237047,6
1284932,3
1005949,6
1293323,3
1006821,1
1067187,4
1076536,3
1231451,2
1245712,5
1104386,5
1254325,1
1113198,4
1270984,4
1164083,4
1085732,3
1132873,4
1039800,6
1301266,5
1017933,3
1308596,4
1293116,6
1283923,4
1279525,3
1313101,5
1014930,2
1074914,3
1127706,5
1126363,1
1094949,5
1192789,6
1109584,6
1192732,6
1093659,6
1160533,4
1028842,3
1018576,6
1249664,3
1121551,1
1092335,6
1281463,1
1248247,4
1066342,4
1240566,3
1296000,6
1081640,3
1215422,4
1063435,3
1164927,5
1110554,4
1070131,4
1276559,3
1154490,5
1127539,6
1010340,5
1248997,6
1167702,5
1287862,3
1143945,4
1108723,3
1086087,4
1238645,6
1302116,6
1294656,6
1269007,6
1267607,1
1090004,4
1087639,1
1086145,3
1147052,6
1036101,1
1088119,3
1005833,6
1243656,3
1172844,3
1057243,4
1095917,1
1133417,5
1206368,4
1110549,6
1120254,5
1102763,2
1120067,5
1205217,6
1177725,6
1210973,5
1115202,4
1052020,4
1210598,1
1111924,3
1098509,3
1087183,3
1264499,6
1001085,6
1132001,5
1045329,4
1039723,6
1292728,6
1251006,5
1193924,4
1165711,5
1149383,4
1307358,5
1015151,3
1310696,6
1195598,4
1165161,4
1314192,3
1285597,3
1044547,6
1159420,6
1242115,3
1179164,3
1125769,4
1271709,3
1056922,3
1312366,5
1203900,3
1213079,3
1321643,4
1213115,5
1044400,3
1312250,5
1104432,4
1278943,6
1300391,4
1159501,6
1002333,4
1272388,3
1014987,4
1289051,4
1282144,3
1024329,6
1039644,1
1053541,4
1073906,6
1282493,3
1261251,6
1223975,4
1252925,5
1282667,1
1313191,5
1174095,4
1256190,1
1111702,3
1127159,1
1278963,4
1248693,3
1258927,4
1087041,3
1015004,6
1317928,6
1083991,3
1313813,4
1139465,1
1325518,4
1024875,5
1177929,3
1188847,6
1280574,3
1131136,4
1104626,1
1286555,6
1087065,4
1312851,1
1257138,4
1241715,6
1144670,6
1092118,6
1044512,6
1034370,4
1286827,6
1131109,3
1043006,4
1247166,3
1278460,3
1275205,3
1272156,6
1274261,6
1121573,6
1067563,6
1317806,5
1105788,4
1306187,5
1313697,5
1101512,3
1194042,4
1222538,1
1032052,4
1196886,4
1102152,3
1148697,6
1302767,3
1124428,3
1084884,3
1226658,3
1041451,4
1320124,3
1100989,5
1125060,3
1018875,5
1218222,4
1008421,5
1177001,4
1168136,1
1086891,4
1295350,3
1073333,6
1200603,4
1111136,6
1076962,6
1312201,6
1161866,6
1248713,3
1054689,6
1073242,5
1270658,4
1135863,1
1291746,4
1006644,5
1012593,3
1276399,4
1188882,4
1137432,4
1008571,4
1138931,5
1077093,3
1094219,6
1246238,6
1161393,3
1290625,1
1249840,5
1164556,3
1020543,4
1181753,4
1112725,6
1168393,4
1228471,1
1057476,6
1128693,6
1155252,4
1018072,6
1139757,4
1063951,4
1112706,4
1135386,3
1285508,5
1055104,6
1155626,1
1100708,7
1265607,4
1153581,6
1056886,1
1094594,4
1138761,6
1288392,5
1248948,3
1036966,4
1066154,3
1190412,4
1109864,6
1301618,4
1116981,3
1289286,1
1019851,4
1291164,6
1304559,6
1006910,5
1297412,3
1087662,5
1260616,3
1015076,4
1274423,6
1268755,1
1314791,3
1245947,6
1181124,3
1034545,3
1138725,4
1080437,6
1177584,3
1099818,6
1003048,6
1220043,4
1318222,6
1111366,3
1252810,6
1286013,5
1297981,6
1073044,1
1023804,4
1241061,4
1267340,4
1115830,5
1078445,3
1108323,3
1299208,6
1097444,5
1278804,6
1055638,5
1246445,3
1137513,3
1138453,3
1303549,5
1296279,3
1319956,6
1257517,4
1316528,3
1059391,3
1004986,6
1130338,3
1130302,4
1188913,6
1276350,1
1182925,5
1221726,4
1056507,4
1022915,1
1122243,6
1061935,4
1105026,3
1189168,5
1119928,6
1164300,1
1299424,3
1009341,3
1256315,4
1310102,3
1160228,4
1145015,4
1034113,5
1114355,3
1254288,4
1052709,3
1272696,4
1035068,6
1135524,3
1191777,4
1181573,1
1102094,3
1034687,5
1235535,6
1271976,4
1010841,3
1276939,4
1232463,1
1172741,3
1040542,3
1040432,5
1309389,6
1275819,4
1158326,3
1269261,3
1041835,7
1038855,5
1165749,3
1128637,5
1178877,6
1214017,3
1003120,1
1134214,1
1135227,2
1084678,5
1167693,6
1185646,6
1262938,4
1054116,3
1190007,4
1019499,4
1285288,5
1112998,1
1290229,6
1014030,6
1304546,6
1204998,3
1215780,6
1313990,6
1004128,2
1228356,6
1048970,4
1007399,4
1266766,6
1042210,4
1156638,5
1080365,4
1043351,4
1066164,3
1301941,7
1265794,5
1318871,6
1066954,3
1122720,6
1034083,1
1322530,6
1030880,3
1254027,5
1141120,6
1220376,6
1214517,6
1121427,6
1251573,4
1084720,6
1012438,1
1018010,4
1167789,3
1058042,6
1288255,3
1278352,1
1076579,3
1306727,4
1167402,5
1052565,5
1197366,5
1185920,6
1051016,6
1230768,6
1264977,4
1183219,6
1125744,3
1313179,6
1038798,5
1114408,4
1041812,1
1009432,4
1103870,1
1022498,4
1012331,7
1282303,6
1219796,6
1001422,4
1269561,6
1282415,1
1093751,1
1074173,6
1322883,2
1156583,4
1058162,6
1017373,6
1098988,3
1037495,4
1205209,6
1240032,4
1215020,4
1205304,1
1089394,5
1009831,6
1140425,6
1020631,3
1194187,2
1268970,5
1244305,1
1193146,1
1184213,6
1123441,5
1317062,5
1311141,1
1241115,6
1278011,4
1009048,6
1175029,6
1085123,3
1296991,5
1277310,6
1040863,3
1295343,1
1140414,3
1245296,3
1294045,3
1315191,6
1213847,1
1235354,5
1237076,6
1107625,6
1064697,3
1315129,6
1011643,4
1165770,3
1198322,3
1026010,5
1070158,3
1302214,5
1120506,4
1079396,3
1047005,6
1110419,5
1173394,6
1167880,6
1217270,5
1085256,3
1200451,6
1064024,4
1250359,3
1007427,3
1010734,6
1237422,6
1036816,5
1146762,6
1232900,5
1079225,1
1251912,3
1033507,4
1228123,4
1240903,5
1051272,6
1308700,1
1052069,3
1185620,4
1029619,3
1139954,6
1164687,6
1136228,1
1243723,4
1220652,5
1147880,5
1054048,5
1280332,6
1168896,4
1316969,4
1239524,6
1207667,4
1058034,5
1057110,4
1012721,3
1230236,1
1221693,3
1316605,4
1287639,4
1095861,3
1125048,5
1031878,6
1155973,4
1051526,1
1211873,1
1119219,3
1212006,5
1198310,3
1296347,5
1017124,5
1021276,4
1262190,5
1145841,4
1055951,4
1237725,3
1312125,3
1062943,1
1055316,6
1190761,4
1091553,1
1075829,6
1231276,3
1233825,6
1181627,1
1263933,1
1205933,4
1027626,1
1150757,5
1184218,4
1321682,3
1267684,4
1107125,5
1148387,6
1032241,3
1155725,5
1306573,3
1087145,2
1181350,5
1294550,4
1128483,6
1315352,5
1062985,1
1183352,6
1276555,6
1276924,3
1136053,5
1064776,1
1197632,3
1112680,6
1105037,3
1130909,3
1017242,6
1097001,3
1194388,5
1005525,3
1254719,2
1072001,7
1222357,6
1126395,6
1266087,3
1033794,3
1108317,5
1207457,2
1245530,3
1111286,3
1013620,1
1220093,5
1084829,6
1299434,4
1067233,4
1176528,4
1190251,6
1102560,6
1250236,3
1110757,3
1113815,5
1198982,1
1055953,4
1233184,4
1320907,6
1256220,1
1131568,1
1151190,6
1094153,1
1190948,6
1085110,4
1223462,5
1098968,3
1124258,5
1105509,2
1277699,5
1124233,3
1262587,1
1214589,6
1204774,3
1050794,1
1036897,6
1092767,5
1153645,4
1120296,4
1301514,3
1083301,6
1075417,3
1314463,4
1229574,3
1236935,6
1188725,6
1037398,3
1028395,3
1270223,6
1069998,4
1086508,6
1029246,3
1271504,1
1120461,3
1121754,4
1065162,3
1035741,6
1158464,6
1130063,5
1241497,1
1177271,4
1234090,3
1156999,5
1131186,4
1031512,1
1154839,6
1266115,5
1008245,5
1224107,1
1114477,5
1026282,6
1219329,4
1231264,6
1143598,6
1054885,6
1240217,4
1179849,4
1030900,3
1210711,4
1264181,1
1033233,4
1278235,4
1178695,6
1042290,1
1111392,3
1265737,3
1227834,4
1221299,1
1102506,3
1297014,6
1114923,3
1239410,4
1023981,5
1182797,5
1103743,6
1188981,4
1013321,6
1053578,1
1137908,4
1044603,3
1067315,4
1114092,3
1177806,1
1205425,6
1149230,6
1086526,3
1014670,6
1125854,5
1066647,1
1081957,6
1057318,5
1255350,4
1272425,4
1150961,3
1020331,6
1247730,1
1269661,1
1276196,4
1165678,4
1102101,3
1242395,5
1293044,6
1289052,6
1027770,6
1196287,1
1006000,5
1119312,6
1279689,6
1298142,1
1131737,6
1081415,6
1316296,3
1035994,6
1316879,3
1172706,4
1103330,6
1302834,4
1249198,6
1064308,4
1109239,4
1257402,5
1169639,4
1246494,6
1026949,4
1183639,4
1264391,3
1052865,1
1153185,5
1085469,6
1322752,3
1047800,3
1038396,4
1284626,6
1129473,4
1162678,6
1176513,4
1253780,3
1061772,5
1021519,6
1176381,6
1264178,4
1028034,6
1242953,6
1086246,4
1028408,3
1120160,4
1172624,5
1194082,6
1306013,1
1093284,3
1302654,5
1240952,4
1320220,6
1039228,1
1070324,5
1325507,6
1084302,1
1279817,6
1137659,3
1142179,3
1169932,6
1068091,1
1295110,3
1077221,1
1182962,5
1010878,6
1265065,6
1119208,4
1286568,3
1087381,6
1058497,4
1312530,5
1240458,3
1036865,2
1011532,3
1244564,4
1313497,5
1113239,3
1046365,4
1164074,5
1306690,4
1238787,3
1105405,5
1018241,5
1028129,3
1297333,1
1027318,3
1232100,1
1066508,3
1190356,4
1040842,3
1294671,1
1090249,6
1232576,4
1097432,5
1124726,3
1285864,3
1004782,4
1170135,1
1127418,6
1121412,5
1275038,3
1119741,4
1134162,5
1295610,3
1161755,4
1232356,4
1249952,4
1007330,4
1208944,3
1124503,3
1176656,5
1053936,4
1074486,5
1256294,6
1137425,4
1070005,4
1166181,6
1297091,6
1124375,3
1257263,1
1131569,3
1193291,1
1277157,5
1085866,3
1236343,6
1057495,1
1288539,6
1177257,6
1081189,3
1159215,3
1117120,6
1158872,7
1005965,4
1303783,4
1275449,2
1081170,4
1188066,3
1152480,5
1037150,6
1143319,6
1237674,4
1068934,5
1115342,1
1182240,3
1214386,6
1094894,4
1023898,6
1056045,4
1073127,6
1024931,4
1312129,3
1276999,4
1259483,5
1112878,5
1278056,4
1135653,3
1308919,4
1096119,6
1059584,6
1092060,5
1167388,6
1107948,1
1150719,4
1169302,6
1222025,5
1240481,5
1315457,6
1250260,2
1036923,4
1172276,6
1089196,6
1017718,6
1270229,5
1210950,5
1289797,6
1219734,3
1273815,6
1212305,4
1065288,4
1016143,3
1147600,3
1194643,3
1123628,3
1294955,5
1213902,6
1216765,6
1201248,6
1161825,5
1117526,6
1201138,4
1287368,3
1251163,6
1068134,3
1229281,4
1082688,4
1080019,3
1066745,5
1201214,6
1100767,4
1315507,6
1214465,4
1106796,6
1220359,4
1283833,6
1196135,5
1232116,3
1146016,5
1227562,5
1282458,4
1280999,4
1152930,3
1053955,6
1122760,1
1300146,5
1124761,5
1142485,4
1027031,4
1225922,3
1228751,6
1152081,6
1229290,6
1171840,3
1210498,6
1303842,6
1096928,4
1249821,1
1038708,1
1124493,3
1151707,6
1281561,4
1093405,3
1181404,3
1152732,3
1188477,4
1136334,4
1072580,6
1140617,1
1206413,4
1114444,6
1058990,4
1078834,6
1094538,4
1202176,6
1094749,4
1262666,4
1185052,6
1065835,6
1182504,5
1302634,2
1199464,3
1025953,6
1071557,3
1043843,1
1102789,6
1226239,6
1034567,4
1287202,6
1241548,4
1001325,6
1267740,6
1112335,5
1072194,6
1001733,5
1207151,4
1089964,6
1312966,4
1110097,6
1296785,1
1316003,4
1288682,1
1180203,1
1153107,3
1305084,6
1007190,3
1136826,1
1125539,6
1054005,3
1163243,1
1020156,6
1070921,6
1179800,6
1021161,6
1192857,6
1132425,3
1034014,4
1006440,6
1299727,3
1115360,1
1281539,5
1053165,3
1076321,1
1084435,4
1150453,4
1117482,4
1306241,4
1255192,4
1293678,3
1307625,4
1226373,5
1166529,3
1031914,6
1073800,4
1073426,1
1101010,4
1213516,6
1249871,6
1022782,5
1232337,5
1158115,6
1266672,4
1129353,1
1070207,3
1099547,5
1074802,3
1244248,6
1146955,5
1111975,3
1213096,4
1262760,1
1047384,6
1021964,3
1279991,4
1087287,4
1047735,6
1124967,4
1091206,6
1075178,3
1267777,1
1121298,4
1246054,3
1144525,5
1046722,1
1267407,5
1263648,5
1261119,4
1062225,5
1124970,3
1281204,3
1179821,1
1323881,1
1117226,3
1048167,3
1260872,6
1092901,4
1026274,3
1218203,3
1315500,3
1082443,4
1256671,3
1280111,4
1032733,3
1249828,6
1138489,3
1005180,4
1143877,3
1042277,3
1169231,6
1153242,4
1152837,6
1177324,4
1026162,2
1138183,6
1023835,3
1066443,3
1125639,3
1276417,6
1040281,4
1266916,6
1092977,4
1161452,6
1051335,3
1079385,6
1215998,3
1283609,3
1184699,6
1172748,4
1084796,3
1314424,4
1064368,1
1029471,3
1147956,5
1095164,3
1099054,6
1170681,5
1184868,3
1059819,5
1120285,5
1189252,6
1314173,5
1243468,4
1042896,5
1127199,3
1321976,5
1239929,1
1027281,6
1161050,6
1286820,4
1041810,6
1216806,4
1100405,1
1093287,1
1237039,6
1038865,3
1170857,3
1095413,6
1209513,5
1009765,3
1170732,6
1071283,4
1226776,3
1020658,6
1170250,5
1281511,6
1042075,1
1065611,4
1230291,3
1106699,3
1285279,3
1240990,3
1254616,5
1287778,5
1300519,4
1188444,5
1271496,3
1047418,1
1002573,4
1229968,1
1197910,5
1209085,3
1268178,4
1311942,3
1067554,5
1140865,5
1238674,5
1133513,4
1056393,5
1301285,4
1010432,3
1178114,1
1257148,5
1296344,6
1284064,6
1027277,5
1203281,6
1014123,4
1247621,2
1316080,6
1242165,4
1017365,6
1224393,4
1186845,3
1291528,6
1200221,3
1116910,6
1023751,3
1188298,5
1319969,3
1320410,6
1031815,1
1257914,4
1127867,4
1024458,4
1184770,6
1227910,6
1129309,3
1288581,5
1223656,6
1280883,3
1267640,1
1259614,1
1045215,3
1101912,5
1315978,3
1019608,2
1267946,1
1009213,3
1214889,5
1063934,3
1246119,4
1053280,6
1237557,1
1186964,3
1006682,5
1089571,2
1021946,3
1038132,1
1058436,3
1029027,3
1035148,4
1175550,4
1063531,3
1013866,3
1255278,3
1215796,4
1249233,3
1196261,5
1056246,6
1282053,3
1256627,4
1106241,3
1320344,6
1024287,5
1031789,4
1062313,1
1287867,6
1087680,1
1060350,3
1222560,4
1216502,5
1283496,1
1148064,3
1220971,1
1175672,4
1230805,3
1174210,6
1258433,3
1125114,6
1301167,6
1065520,4
1252488,6
1047678,1
1220207,6
1057705,6
1244391,1
1115091,3
1098103,6
1126489,5
1236950,3
1152769,5
1027702,6
1215816,1
1166307,6
1118201,6
1276140,5
1126203,5
1239503,3
1154357,6
1258080,5
1194787,4
1226113,3
1150345,1
1062717,5
1035115,6
1146395,4
1023136,5
1244975,1
1137540,6
1299569,1
1211108,1
1304768,6
1068721,3
1228965,2
1217864,1
1060754,6
1013215,5
1033037,3
1293392,6
1061031,4
1062198,3
1076166,1
1275739,4
1056618,4
1089285,5
1215818,6
1224585,5
1163049,3
1300589,3
1264133,3
1302111,6
1260714,1
1100263,6
1069421,1
1131658,1
1125278,2
1157220,3
1286796,6
1211876,4
1144922,1
1049508,1
1019839,1
1196541,4
1243455,6
1250493,6
1212911,4
1203481,6
1324441,5
1166038,4
1046715,1
1165436,6
1112827,5
1182479,6
1085459,6
1246091,3
1301781,4
1175888,5
1057992,1
1299340,4
1022175,4
1156884,5
1283778,3
1165980,4
1201006,5
1132033,3
1156333,5
1004473,5
1276498,5
1043019,5
1144211,6
1151382,3
1243953,6
1234365,5
1165308,6
1052877,5
1157624,5
1112858,5
1072527,5
1196311,3
1287232,6
1021474,3
1178185,3
1129097,4
1286899,1
1268923,4
1124741,6
1313476,3
1187845,4
1210951,3
1321349,3
1253417,3
1016364,5
1169346,4
1076363,6
1181367,4
1223235,3
1001718,4
1288765,3
1173449,6
1280459,6
1318898,6
1043477,5
1093341,5
1275703,6
1208004,4
1173287,6
1307842,3
1121448,5
1060995,1
1104264,6
1036190,5
1032680,6
1303739,5
1216508,1
1138795,6
1265393,4
1106688,6
1311408,3
1135308,3
1324117,5
1215311,3
1022465,4
1078046,3
1237112,3
1290102,6
1145230,5
1298494,4
1249430,4
1200731,3
1158402,6
1224792,2
1131444,1
1237743,4
1106488,6
1148323,3
1173870,6
1098900,5
1184544,3
1186993,1
1302223,5
1018611,3
1191273,4
1168513,1
1008914,4
1208329,6
1231390,5
1270055,6
1110368,3
1206365,1
1149618,4
1135662,6
1265735,4
1180416,1
1243033,6
1180031,3
1102121,3
1288371,3
1220286,5
1079469,6
1148826,3
1148491,3
1312746,6
1124814,6
1150386,1
1151266,6
1140806,3
1114960,1
1147652,4
1267538,3
1013153,4
1206853,3
1227705,1
1068209,1
1013938,5
1053293,5
1187309,3
1048977,1
1254348,6
1151053,4
1054568,6
1070806,6
1046214,1
1031033,6
1091607,6
1274335,3
1231253,5
1020095,6
1037610,1
1238820,6
1028040,5
1287037,5
1113896,6
1195264,1
1288336,4
1005690,3
1008339,4
1213438,5
1105740,1
1200107,6
1250076,3
1316420,5
1127763,3
1194479,1
1031805,4
1130674,6
1127090,6
1199737,6
1246574,6
1273295,4
1264495,6
1288556,4
1182091,3
1153186,1
1265229,6
1128995,3
1166077,4
1081963,4
1311976,6
1115242,3
1056732,3
1015135,3
1041834,6
1210726,4
1218388,3
1307279,1
1209207,3
1061162,4
1000441,3
1284454,1
1294481,4
1076607,5
1290034,3
1052362,6
1297457,1
1182936,4
1007261,1
1146498,6
1073766,5
1239796,3
1304466,3
1015681,4
1193586,3
1192073,1
1218741,6
1289674,4
1014694,4
1038608,3
1166525,1
1285457,3
1102957,1
1196849,6
1003863,3
1090403,6
1278003,6
1231037,4
1319077,6
1048451,4
1032443,3
1038707,3
1227952,6
1255085,6
1071403,4
1148693,4
1124238,3
1314687,6
1286129,1
1279308,5
1155246,4
1244670,4
1219349,3
1118490,1
1131722,6
1030690,5
1027637,4
1236983,3
1097663,4
1054910,3
1043289,4
1011663,5
1004743,5
1026138,5
1078586,5
1011459,1
1004206,4
1093991,6
1063897,3
1182360,6
1289444,5
1238557,6
1083761,4
1196675,2
1251294,6
1139083,6
1184318,5
1037103,4
1110635,3
1248103,3
1082642,6
1271903,3
1294588,6
1252826,5
1098244,1
1153176,4
1156100,1
1095015,6
1245806,5
1007303,4
1077637,3
1222132,4
1256226,6
1293490,3
1323417,6
1017206,6
1324973,6
1225023,3
1171817,6
1317130,3
1032218,3
1013009,3
1046444,3
1314660,3
1047633,4
1040850,3
1059917,1
1177842,4
1183324,3
1100955,5
1301064,3
1270151,4
1003273,3
1212073,3
1298053,4
1049688,5
1000897,1
1007705,4
1254346,4
1092818,6
1237424,1
1048425,6
1317679,6
1010296,3
1267477,6
1194248,5
1280788,3
1227715,6
1200488,1
1129981,4
1298457,6
1019143,5
1248911,4
1300949,1
1017465,3
1283869,3
1040917,6
1265262,6
1242824,6
1296158,6
1061872,6
1088132,6
1067242,6
1096768,3
1114115,1
1047015,5
1191251,4
1211596,6
1152511,1
1142919,6
1119952,5
1020644,3
1106636,5
1012990,1
1266941,4
1089774,5
1171497,3
1205325,5
1025148,6
1049216,1
1192032,3
1312698,5
1006256,3
1206483,3
1160382,4
1008267,6
1075685,4
1074429,3
1169918,3
1035324,3
1253438,5
1040310,3
1180359,3
1056980,6
1087802,3
1159725,4
1307201,5
1096942,4
1150927,2
1231490,6
1277912,3
1279697,6
1089139,4
1129226,5
1229811,3
1181059,6
1265565,6
1255952,6
1024321,6
1230499,4
1134517,6
1026971,1
1002389,3
1291660,6
1314168,1
1044785,6
1053054,5
1127092,5
1261776,4
1179126,1
1247738,3
1067797,3
1281505,3
1272301,6
1075762,1
1312279,4
1071603,4
1296737,6
1151126,3
1021850,3
1118880,3
1044278,6
1198370,1
1311568,4
1186923,4
1066800,3
1256949,5
1322057,1
1023175,6
1281833,3
1168971,5
1135437,4
1200104,6
1211707,3
1286621,5
1321801,6
1265925,3
1192727,1
1219093,6
1290260,5
1279272,6
1066194,4
1185890,6
1141637,3
1285159,4
1150452,6
1285905,5
1221623,4
1245317,3
1048483,4
1233530,3
1265964,6
1283291,3
1120488,6
1059384,4
1128253,6
1011002,3
1309611,3
1144681,6
1100928,6
1232752,6
1075725,3
1125088,4
1278875,1
1230938,6
1003833,5
1122706,1
1325505,4
1141185,6
1020188,6
1100060,3
1022135,4
1258082,6
1285706,3
1253184,4
1151052,6
1125695,5
1245822,3
1241766,4
1026396,6
1071604,6
1086818,4
1218913,6
1228257,4
1044543,1
1269662,5
1093689,3
1069535,4
1035182,6
1178069,4
1060568,4
1156848,4
1196022,6
1068847,3
1078577,4
1092157,1
1138984,4
1189050,3
1036051,6
1272809,5
1214217,3
1008357,5
1078083,4
1290391,4
1019090,3
1092278,6
1127942,6
1086182,6
1127318,4
1174559,1
1180538,5
1017962,3
1234102,3
1102739,5
1240073,5
1277097,3
1025537,6
1234095,6
1084572,1
1273018,5
1197098,3
1184325,4
1102355,4
1173696,5
1009067,6
1266545,6
1279622,6
1143891,6
1121100,3
1113021,4
1223938,6
1236894,5
1065402,1
1041442,6
1215460,5
1240129,4
1180675,5
1261975,6
1117275,4
1293170,6
1056613,5
1082042,3
1189749,6
1253840,6
1158331,6
1187408,1
1014217,6
1245294,4
1207736,4
1072657,4
1199170,3
1310216,5
1201020,5
1037014,6
1158054,5
1295492,4
1072670,4
1188054,6
1148351,1
1174141,4
1158316,3
1313194,6
1242827,1
1190543,4
1193085,3
1004844,3
1134187,5
1247552,3
1102667,5
1170631,6
1151360,4
1217642,4
1167511,3
1275862,1
1018937,6
1157091,3
1200803,6
1287173,1
1101746,6
1204077,6
1259186,6
1018727,4
1183565,6
1205060,3
1164334,5
1064431,1
1189059,6
1099629,6
1225372,4
1213625,4
1083002,6
1111491,3
1041032,6
1086663,6
1059625,3
1125120,3
1180731,3
1065267,4
1305826,5
1162510,3
1009120,6
1291485,1
1042397,4
1056609,5
1067369,4
1001096,6
1173261,5
1180099,4
1228039,4
1302024,3
1178215,1
1229221,4
1279038,6
1245732,3
1110668,1
1020065,5
1321125,5
1303884,5
1218632,3
1255802,4
1206865,1
1323763,4
1273095,4
1220246,2
1248075,4
1194257,6
1128418,6
1041791,3
1186924,3
1264252,1
1274443,1
1061516,3
1096932,5
1106394,1
1105054,4
1008423,1
1276251,5
1049520,4
1047399,6
1087015,4
1238708,6
1209170,1
1243475,1
1079953,1
1271708,1
1234678,3
1195648,3
1216253,4
1249553,5
1014385,4
1090988,4
1317932,3
1150600,6
1293821,5
1255648,4
1222463,4
1014396,3
1068551,5
1241177,6
1143764,4
1030224,1
1251868,4
1127625,6
1313463,6
1151517,5
1108232,4
1102061,3
1037522,5
1088168,4
1034685,4
1070639,4
1318214,6
1037296,3
1309252,6
1060184,3
1218634,5
1128010,6
1261068,6
1299017,5
1072417,4
1007133,4
1130186,4
1104477,1
1046110,6
1230317,6
1241068,5
1015380,3
1121077,4
1254915,5
1020361,5
1283324,5
1073718,3
1264656,1
1320034,6
1308233,3
1095454,4
1178149,6
1164201,1
1258459,3
1096011,6
1009954,5
1075755,4
1230269,4
1133646,6
1104213,6
1101216,6
1294994,4
1045685,5
1043667,3
1172114,6
1015713,5
1247391,1
1277872,4
1258446,3
1084395,5
1105193,4
1016528,6
1188395,6
1010595,1
1009776,6
1315066,4
1146671,4
1067472,3
1080613,4
1254951,5
1079204,6
1209406,3
1123244,3
1142688,5
1297843,3
1025736,1
1110181,6
1273607,4
1051200,3
1159860,6
1020657,6
1082977,3
1098899,1
1097883,6
1123007,1
1239841,6
1238873,5
1142935,5
1167197,5
1036722,5
1208420,3
1306325,3
1078901,4
1198691,4
1077078,3
1085036,5
1159236,1
1201704,5
1174404,6
1282022,5
1097044,6
1105510,5
1217595,5
1067929,4
1115925,6
1068346,3
1202526,6
1275761,6
1061631,6
1126378,6
1246197,3
1218115,6
1041072,1
1225087,4
1270972,3
1008639,6
1288954,6
1129879,4
1322517,4
1072000,4
1317369,4
1099989,5
1314372,5
1318911,6
1166614,1
1054094,3
1184942,3
1061231,6
1283588,3
1142883,5
1258225,3
1102112,4
1279401,3
1039222,1
1063850,1
1080956,1
1048997,4
1243272,3
1195413,3
1064051,3
1042166,3
1071977,6
1272704,1
1159452,5
1183578,1
1299437,6
1196929,3
1077379,1
1238652,3
1181329,3
1058216,4
1111102,1
1120377,4
1097403,4
1288699,6
1170185,1
1032841,3
1230114,1
1271318,4
1071128,1
1309113,4
1141815,2
1101366,6
1234598,6
1015623,4
1200224,3
1033329,5
1269417,5
1023207,3
1058575,6
1007425,4
1279748,6
1200094,1
1087453,3
1285170,4
1014867,3
1086208,6
1205395,6
1170454,1
1059645,6
1008503,6
1167413,4
1202684,5
1093250,5
1000013,1
1019526,6
1274278,4
1023225,3
1282357,3
1090211,6
1190472,1
1097368,6
1302921,1
1120815,4
1252979,4
1187513,6
1236642,3
1273194,6
1135020,3
1096452,5
1081701,3
1096960,6
1284073,4
1074320,6
1023192,3
1123427,3
1171014,1
1320780,4
1309731,6
1248304,3
1221036,4
1260593,4
1190562,3
1142328,5
1056238,4
1298587,6
1038311,6
1009462,4
1064831,3
1253930,3
1064361,4
1153225,6
1112791,3
1043306,6
1060240,6
1137684,3
1277477,6
1026875,6
1170991,1
1049445,3
1098243,1
1285581,3
1111930,4
1159348,4
1255883,4
1210353,4
1183445,4
1170827,6
1262043,6
1128608,5
1256945,4
1165945,3
1174873,4
1036928,1
1178806,6
1066394,3
1196589,5
1236541,6
1102290,6
1204194,5
1031523,4
1167362,6
1135178,4
1115062,5
1004344,3
1170812,3
1177442,4
1239959,3
1275772,3
1218459,6
1205609,1
1245066,1
1187911,5
1041611,1
1121666,3
1083876,3
1320567,2
1269138,4
1162986,6
1282013,6
1262507,6
1021439,6
1082264,4
1155799,5
1028530,4
1207341,3
1295325,3
1054295,4
1091461,6
1097894,1
1156797,3
1262116,6
1320308,6
1009202,4
1259758,4
1097659,3
1029468,6
1266707,6
1277409,4
1244205,6
1002200,4
1307750,4
1081274,6
1237642,5
1248557,3
1201373,6
1054420,3
1084991,7
1015882,6
1094400,5
1274286,6
1056684,6
1123740,6
1183182,3
1029029,2
1229838,3
1075995,6
1164197,3
1167254,1
1313948,5
1251981,5
1173058,4
1263133,6
1279068,3
1106987,1
1087184,5
1304373,3
1151589,6
1085804,4
1013027,4
1195970,3
1220533,6
1060674,3
1278770,3
1215695,3
1086677,2
1274404,3
1321820,1
1077997,1
1077825,1
1193514,4
1297329,6
1155586,5
1227048,6
1087444,5
1154627,5
1181421,5
1078954,3
1165815,5
1243231,3
1223015,6
1314809,6
1238534,5
1270962,4
1130447,6
1248448,3
1215515,1
1071419,1
1170867,4
1228737,4
1287444,6
1211243,6
1041688,6
1057500,4
1271493,3
1222471,6
1094043,6
1295926,6
1318084,3
1094459,2
1200326,6
1306246,3
1153088,4
1206319,5
1081900,4
1142664,5
1225006,3
1021969,4
1325569,5
1321229,3
1121515,4
1145343,1
1308383,1
1314996,4
1226030,3
1166452,3
1265020,5
1213364,6
1079236,3
1316918,5
1004409,1
1279997,4
1113017,5
1186429,1
1032053,3
1216872,5
1301688,6
1131356,3
1241777,6
1217371,6
1275121,3
1126972,6
1174861,5
1273697,5
1258848,3
1104781,4
1002888,6
1257945,6
1254820,1
1205948,5
1276332,4
1241923,5
1186283,3
1159318,3
1177825,3
1022427,6
1243186,6
1313368,3
1019106,4
1076655,5
1238226,3
1177151,5
1123127,5
1040955,5
1272726,3
1113386,4
1169570,5
1017976,3
1234030,6
1239417,3
1050041,3
1311401,3
1085116,6
1019115,6
1212382,4
1082820,1
1049577,3
1122361,4
1264766,5
1177294,5
1267988,4
1166686,4
1098003,6
1304568,3
1159009,4
1105205,4
1309175,6
1157236,4
1013831,5
1022895,6
1099542,6
1186501,4
1291975,3
1124316,5
1268503,6
1043030,1
1124579,4
1263381,5
1313392,5
1207483,6
1027292,5
1003345,5
1051281,4
1208676,3
1135231,3
1269704,6
1253337,5
1106872,4
1237741,6
1307490,4
1115790,3
1021631,6
1121780,4
1211593,5
1018057,3
1050565,1
1318562,4
1037898,6
1098980,6
1130391,1
1076795,4
1161789,4
1157552,4
1071766,3
1110289,5
1313633,4
1154825,3
1056132,4
1267868,6
1176407,6
1305025,5
1093122,5
1073154,3
1300536,3
1117428,3
1186828,3
1250272,4
1093512,6
1176091,5
1321574,5
1158089,3
1105751,5
1157101,3
1225063,4
1083034,3
1006790,3
1112433,4
1093402,1
1299350,5
1010491,6
1144626,6
1221194,5
1324526,4
1232783,6
1066568,5
1246411,3
1286825,5
1176716,4
1181083,6
1044262,3
1320417,5
1078247,6
1238015,1
1014875,5
1043439,6
1172255,3
1113668,5
1083105,4
1040107,3
1142304,6
1077814,3
1090713,1
1295769,3
1110525,4
1036761,4
1164637,5
1069822,6
1139547,3
1285696,4
1093787,4
1130386,3
1079139,4
1298510,3
1203951,4
1221591,6
1289802,3
1168245,5
1287384,1
1004885,3
1035587,5
1004607,5
1142908,3
1206196,5
1297369,6
1077101,3
1317049,1
1235557,6
1179537,6
1048094,3
1196604,3
1082438,3
1080708,5
1020690,5
1096774,3
1098070,6
1200245,5
1003123,6
1321143,3
1223669,3
1059598,4
1166590,4
1265502,1
1288159,4
1232162,5
1216918,4
1232550,1
1192864,6
1105844,1
1250963,6
1020557,4
1183248,5
1306637,4
1094849,1
1149870,6
1015727,1
1249809,3
1053058,5
1300620,6
1254644,3
1156722,4
1209869,3
1308404,3
1151615,4
1200175,4
1219412,3
1199644,4
1259722,3
1283659,5
1112134,3
1195103,3
1202818,6
1029236,6
1147348,1
1007881,3
1194954,4
1309864,6
1250259,6
1303773,6
1148649,4
1275174,3
1069568,2
1022854,5
1030523,4
1294353,6
1195405,5
1219995,4
1128993,3
1179857,6
1061947,3
1302384,6
1040056,6
1317472,4
1114242,6
1222902,4
1317948,1
1208267,6
1317689,3
1016805,4
1304084,4
1283014,4
1291380,5
1054260,6
1060702,4
1244141,3
1266818,4
1116166,6
1200048,1
1321367,3
1009586,4
1012377,3
1233497,5
1022798,6
1103562,5
1226513,1
1102974,6
1122622,3
1188190,5
1010983,3
1095124,1
1153963,4
1180230,6
1120609,4
1099365,6
1180894,1
1106653,3
1310567,5
1041889,3
1321559,5
1107756,3
1034749,3
1056436,5
1013643,4
1039369,1
1258145,4
1308870,6
1048360,4
1154472,6
1119043,4
1126887,6
1211323,1
1169288,5
1222180,6
1051670,5
1093071,3
1226885,1
1253799,6
1096041,4
1160481,5
1041762,6
1049911,3
1085247,4
1144436,5
1191904,6
1283488,6
1170163,3
1006564,4
1116628,4
1136388,6
1011154,3
1038724,5
1020224,4
1049371,4
1116493,4
1211396,6
1279717,4
1253531,4
1139748,4
1122946,4
1190398,3
1160310,4
1214599,1
1080302,5
1039867,3
1254676,4
1024010,6
1098823,1
1318136,6
1259576,5
1010651,5
1261432,3
1150208,1
1015686,3
1078568,5
1208666,3
1320826,5
1197438,6
1250802,6
1258835,6
1144157,2
1026739,4
1191350,3
1135399,6
1007744,3
1150953,3
1294493,3
1174198,3
1145958,3
1116913,6
1267969,6
1302397,6
1252417,4
1019946,6
1274084,1
1094197,3
1246874,5
1040759,6
1249704,6
1004049,3
1171319,5
1169611,4
1000934,4
1024069,6
1285136,3
1090941,1
1030535,5
1036607,6
1127818,1
1179255,6
1278566,4
1010929,6
1317507,4
1232627,6
1266217,6
1084442,3
1065881,6
1161809,1
1148760,4
1056825,6
1288752,4
1225721,6
1049225,6
1189863,3
1273339,5
1190230,6
1172780,4
1261714,1
1270381,1
1223994,6
1144956,6
1114668,6
1215290,5
1131937,5
1085678,3
1069695,6
1238144,3
1121296,4
1134591,1
1185852,4
1118549,4
1017836,1
1289245,1
1232300,6
1091633,5
1133818,6
1000041,3
1063145,4
1253239,6
1185694,1
1241576,4
1307403,5
1303888,4
1189549,6
1161896,5
1076958,4
1233270,3
1083162,1
1153117,5
1010087,6
1142593,6
1244371,5
1134689,3
1183138,5
1054708,5
1029755,3
1011179,3
1160297,3
1002713,4
1253294,3
1029821,4
1031063,5
1086711,3
1170757,3
1155452,6
1155365,2
1271970,6
1300514,4
1238187,3
1263033,6
1256833,7
1218150,4
1076041,1
1291384,3
1314998,4
1233691,3
1305855,6
1139968,4
1094410,4
1029844,5
1031116,3
1289963,1
1046474,4
1309966,6
1224668,5
1272592,6
1120559,3
1304400,1
1156974,4
1069037,6
1195056,3
1296877,4
1048162,4
1035956,6
1302188,5
1153934,7
1238286,6
1316836,3
1087494,6
1128287,5
1184650,1
1140278,3
1076680,6
1273758,5
1101963,3
1120141,3
1107160,3
1315423,4
1113164,4
1013082,6
1305625,1
1146868,5
1053730,1
1170853,3
1001508,3
1320353,3
1209964,1
1171146,1
1270416,5
1203480,4
1222912,5
1156352,6
1095995,4
1098684,6
1104679,4
1244793,6
1164164,6
1194153,6
1224331,3
1218000,5
1323280,4
1285131,5
1136860,6
1051154,5
1088600,4
1224205,1
1058287,6
1225224,5
1325656,6
1038056,4
1059322,4
1108241,6
1148891,4
1202450,4
1005470,3
1004086,3
1128109,5
1073581,4
1255300,3
1079847,6
1132633,5
1049477,1
1271337,3
1176255,1
1304759,4
1013402,6
1137890,6
1237903,5
1045589,6
1024821,4
1106510,4
1191870,4
1212408,3
1213864,5
1243970,6
1078355,1
1179864,5
1007264,6
1124633,5
1063213,4
1265801,5
1042173,5
1199757,3
1148799,3
1313084,5
1239270,4
1211494,4
1103608,4
1040973,6
1257657,6
1147591,1
1126100,1
1031106,4
1027057,3
1008246,5
1095072,3
1252708,6
1160834,4
1312787,3
1280394,6
1196799,5
1153933,1
1034975,4
1078843,4
1126277,1
1158727,4
1290623,6
1159188,5
1315639,3
1000578,3
1190511,3
1218230,3
1101654,1
1304557,4
1222690,4
1320748,6
1203338,4
1311106,5
1220193,4
1116157,5
1283342,3
1201515,5
1229320,5
1144530,4
1232937,2
1162647,6
1162198,5
1143633,6
1204588,6
1260706,3
1078299,3
1266070,3
1290507,3
1303864,3
1201623,6
1323250,3
1285979,3
1087757,4
1073245,4
1062063,4
1227671,3
1248090,5
1289138,6
1237742,6
1082288,6
1078334,4
1040284,7
1147387,6
1283802,4
1136050,6
1264637,4
1076119,6
1178996,6
1085396,3
1096570,6
1074477,4
1044063,1
1028555,1
1236646,3
1287880,3
1157057,6
1278271,3
1126270,1
1028330,1
1031938,3
1179686,6
1238289,3
1232117,6
1277242,3
1221883,1
1078125,3
1175965,4
1029288,6
1053906,5
1000328,4
1192288,3
1025683,3
1002720,4
1108743,5
1232961,6
1049092,3
1256280,4
1219287,1
1055302,3
1267653,3
1120463,4
1248436,6
1105491,6
1042139,3
1127429,1
1242976,6
1025639,4
1017297,5
1255249,5
1069338,3
1029389,3
1295160,1
1074499,4
1295179,4
1313347,1
1225188,4
1071175,1
1042883,4
1248642,1
1075660,5
1253663,1
1122520,6
1253551,1
1142314,6
1113727,1
1295639,6
1187041,3
1317161,6
1167493,4
1183112,3
1316950,6
1103046,3
1255607,6
1108450,6
1236664,3
1076701,3
1271825,3
1169309,1
1100557,6
1184921,3
1161858,4
1247429,1
1162055,3
1214726,3
1269897,5
1050582,4
1213956,5
1077374,5
1051994,5
1210472,4
1219740,3
1239883,1
1000864,4
1219173,5
1290576,3
1148237,6
1095602,3
1153979,4
1301099,1
1252428,4
1230484,3
1005102,3
1109427,4
1036943,3
1215297,3
1248133,6
1266803,3
1166151,3
1248721,4
1110674,1
1113651,1
1280719,6
1098013,3
1295045,5
1101104,6
1220006,1
1152283,6
1228976,1
1231470,5
1009092,4
1076209,5
1159944,3
1169793,6
1093272,4
1148609,5
1205675,3
1288120,6
1071908,3
1194525,6
1268826,3
1289770,1
1209279,5
1008224,6
1088987,4
1171212,4
1200893,5
1037700,4
1141292,3
1229957,4
1221258,3
1235524,5
1255216,6
1063840,3
1042163,4
1123983,3
1102581,3
1092552,3
1043927,5
1229475,6
1001916,6
1187071,3
1193783,4
1305282,4
1012912,6
1159305,3
1296410,6
1251549,4
1100379,2
1144604,5
1298543,3
1048938,3
1232139,1
1115211,3
1051737,3
1212061,6
1064724,6
1102301,3
1150657,6
1149487,6
1306378,1
1178256,4
1072781,4
1254695,1
1318660,6
1161076,6
1152011,6
1276094,6
1199157,5
1192674,4
1323319,4
1205915,5
1246851,3
1021529,3
1190276,6
1110431,3
1090642,5
1262181,3
1110018,4
1083649,5
1090165,6
1001830,6
1049909,6
1312984,1
1306982,4
1182825,6
1009793,6
1025690,6
1106032,3
1201164,3
1002714,5
1176719,4
1274243,3
1059953,6
1234516,6
1153962,6
1251016,6
1191889,3
1218853,3
1043260,3
1126144,1
1303582,6
1292333,6
1223317,3
1311191,1
1056519,6
1184373,6
1105701,6
1187650,1
1001251,6
1229552,5
1005595,5
1006826,5
1248373,5
1149488,6
1261778,3
1097507,1
1195499,6
1213121,3
1005905,4
1218888,6
1184615,6
1028272,4
1105472,4
1235159,4
1228684,3
1209257,1
1143445,3
1038052,6
1075815,5
1052289,1
1048870,5
1188469,5
1179955,1
1143511,4
1024967,6
1265095,4
1105989,3
1008629,4
1153228,4
1274260,3
1064771,1
1277728,4
1292971,4
1124541,3
1254619,5
1199577,3
1226328,3
1165460,4
1109577,4
1278622,4
1086026,6
1306816,5
1125212,6
1011004,4
1257629,4
1149717,3
1153064,5
1139455,2
1276902,3
1161984,1
1216740,4
1085160,6
1077424,5
1003359,5
1186007,4
1284035,6
1041496,5
1077923,2
1127536,3
1098564,4
1032963,1
1142546,4
1003892,1
1092033,3
1279135,1
1180246,6
1039250,1
1285370,4
1029982,6
1180414,4
1010909,1
1276915,3
1165097,6
1218377,6
1107130,3
1188019,4
1238442,4
1154537,1
1198893,5
1125174,6
1019683,3
1018809,5
1246203,1
1143363,3
1005356,6
1220136,1
1159123,3
1197990,2
1033229,4
1114062,6
1040582,6
1086864,4
1239069,2
1167674,3
1118631,3
1239226,3
1052370,6
1058938,4
1096055,5
1016461,4
1160725,1
1265739,4
1139254,1
1217571,4
1112986,6
1319118,6
1078630,5
1230757,1
1319465,3
1047026,6
1155432,6
1280508,6
1064330,6
1011042,6
1060521,5
1284137,1
1132370,4
1261505,4
1221687,3
1144723,6
1192981,4
1167290,2
1145113,6
1062874,4
1028173,1
1004433,3
1115035,6
1105629,5
1146478,5
1170283,6
1222968,5
1182853,2
1140878,1
1258172,4
1213282,5
1102953,4
1060287,1
1233701,3
1132837,5
1149713,3
1283657,4
1227231,4
1280356,1
1121107,6
1157144,3
1208857,4
1207486,5
1069575,6
1256216,1
1094415,6
1067130,5
1018840,6
1074856,6
1084172,3
1311070,5
1278837,1
1231105,4
1049595,4
1284565,4
1009656,5
1308019,4
1117759,4
1114533,6
1228055,6
1161944,6
1282541,4
1030378,4
1020649,6
1170402,3
1258978,6
1016308,3
1170469,4
1012842,1
1099451,6
1223435,1
1138886,6
1058233,1
1156191,5
1087508,3
1135585,4
1080981,6
1311387,5
1157173,6
1008890,4
1253524,6
1214574,4
1321852,4
1180930,6
1150617,1
1088084,3
1124527,3
1199954,6
1013021,1
1310255,3
1177861,6
1201314,6
1232813,3
1266298,4
1137573,6
1290676,1
1210256,3
1114252,3
1309400,3
1021671,6
1229812,6
1317404,1
1253768,4
1058578,1
1152448,5
1299747,4
1185891,3
1068127,3
1230374,4
1017454,6
1116768,3
1145111,4
1079911,3
1090062,4
1295929,4
1125266,4
1198689,4
1153748,3
1074582,4
1149302,1
1319613,3
1264240,1
1091405,4
1156922,1
1217616,6
1251030,5
1247092,4
1229524,4
1108115,6
1134848,5
1218665,4
1025871,4
1036931,3
1315170,6
1125005,3
1253964,4
1240856,6
1241722,5
1037177,5
1214333,5
1191328,3
1089486,4
1188833,1
1203939,6
1223646,6
1317826,6
1217005,3
1053429,4
1006554,6
1116856,1
1165326,5
1002299,6
1272968,4
1284748,4
1250682,4
1100213,3
1148667,6
1139248,4
1201401,3
1184058,4
1106590,5
1228800,4
1025201,6
1112229,1
1269859,3
1191281,3
1274873,5
1102852,6
1130973,1
1319970,6
1325068,3
1102507,6
1224076,1
1048953,3
1310740,6
1263098,3
1112429,3
1317371,3
1178022,5
1105615,1
1011043,3
1298173,1
1199397,4
1110899,3
1202910,4
1141441,3
1015172,6
1318217,6
1252623,5
1306512,6
1168223,1
1221148,4
1298951,6
1074371,4
1262316,6
1150214,6
1025569,3
1197067,2
1240011,1
1233210,1
1183888,4
1299889,1
1021789,1
1214411,5
1275533,5
1207002,3
1263323,3
1240870,6
1215132,3
1102125,4
1015762,3
1214351,5
1285626,5
1080675,5
1146562,5
1107592,6
1251107,1
1098672,1
1051983,6
1220015,4
1207554,6
1142615,3
1114911,5
1302980,6
1106064,5
1291767,6
1310128,6
1055698,4
1168327,6
1021822,4
1169339,6
1102005,4
1064350,6
1151688,6
1176508,3
1215159,6
1036874,4
1286191,4
1060844,5
1228155,3
1163041,3
1097826,3
1314020,4
1277590,3
1282777,4
1196876,4
1059297,4
1015481,6
1253217,1
1310248,4
1324595,1
1193199,6
1261507,6
1103976,6
1080313,3
1261556,4
1181109,6
1138701,6
1087958,3
1199396,6
1210039,3
1175435,3
1005715,6
1259632,6
1258300,6
1140417,6
1189459,4
1124301,4
1162712,6
1170466,5
1270942,4
1286981,6
1124962,3
1244359,1
1134447,5
1199226,6
1258546,3
1183775,4
1285923,6
1167897,4
1092280,1
1011074,6
1095749,1
1199079,4
1192003,6
1002792,1
1264250,4
1204220,4
1045746,4
1002105,1
1288613,3
1042750,4
1257224,4
1278475,3
1097329,6
1282486,6
1273679,5
1169029,4
1125241,3
1130668,6
1071168,6
1304687,5
1046226,1
1112200,6
1287554,4
1027793,3
1126337,4
1307010,1
1023157,1
1210701,6
1077932,3
1229814,3
1005647,4
1181729,3
1126759,1
1006730,3
1241191,4
1126303,3
1124064,4
1176996,1
1173314,6
1106458,3
1216526,3
1094402,3
1159198,6
1094987,4
1239993,6
1139131,6
1073936,1
1022377,4
1267180,5
1179292,5
1264431,3
1322808,6
1273930,5
1210867,6
1156125,3
1192306,1
1096251,4
1035467,3
1295029,6
1236409,1
1319849,4
1301219,4
1272114,1
1219071,1
1319248,4
1224194,1
1219638,3
1309967,3
1261570,4
1196587,4
1310726,6
1269568,4
1142824,3
1016437,6
1034483,5
1176980,3
1290945,6
1046964,3
1140950,3
1225805,3
1273611,1
1298791,6
1221632,1
1220121,6
1106051,5
1043770,3
1076171,6
1052052,4
1248908,1
1310932,3
1126304,6
1096513,1
1218185,1
1027994,6
1126385,1
1049377,1
1068831,4
1301216,6
1209139,5
1223624,4
1026654,6
1168623,4
1026284,5
1186420,3
1001996,4
1225602,6
1314229,6
1084714,1
1072641,1
1056588,3
1214773,3
1282129,5
1310052,1
1199342,1
1314256,1
1118849,4
1064584,6
1176448,6
1294170,6
1299507,6
1043005,1
1156683,4
1012658,6
1080943,5
1304838,3
1191041,5
1081130,3
1064241,4
1319994,6
1236792,5
1079764,4
1031931,6
1182536,6
1175338,6
1234726,3
1111079,3
1203810,1
1073226,6
1046172,6
1317240,4
1203999,6
1323168,3
1037567,4
1268279,3
1099940,6
1106884,5
1294849,3
1113383,4
1287321,5
1076405,4
1132608,4
1222990,6
1284885,3
1234082,5
1091275,4
1076632,6
1030585,5
1226538,6
1176836,5
1221974,6
1009296,3
1238985,4
1257857,6
1186073,4
1034119,5
1180213,1
1260526,3
1279603,6
1304523,3
1023369,4
1015133,7
1141903,4
1056229,3
1109627,3
1012229,6
1102910,6
1215772,4
1018842,3
1247637,1
1248181,1
1142308,5
1266332,6
1246489,1
1249374,4
1244426,4
1295903,4
1062216,3
1127382,6
1097043,3
1246950,5
1256256,6
1288583,5
1192805,3
1205507,4
1211690,4
1196837,3
1220347,1
1003995,1
1194422,6
1309268,4
1305912,6
1254937,6
1191671,3
1027428,1
1259732,5
1018475,3
1169728,1
1148861,6
1128649,3
1108415,6
1294688,4
1263534,4
1109461,6
1266100,5
1299661,4
1256980,3
1179092,3
1139383,6
1281956,4
1246915,4
1315787,6
1242283,4
1074559,3
1221277,1
1096456,3
1054601,3
1087391,6
1255072,5
1070666,2
1293978,4
1275212,6
1305056,5
1107288,5
1049983,3
1049992,5
1178068,6
1251662,4
1222700,4
1117404,5
1031122,1
1302074,6
1299544,6
1170904,1
1238686,4
1217332,4
1288119,3
1102088,3
1272502,3
1261063,4
1146707,6
1106469,4
1114307,4
1315655,3
1046971,4
1234893,6
1154721,6
1292389,6
1166981,3
1129288,4
1266497,3
1153574,4
1107113,6
1225221,6
1039588,1
1324682,5
1068402,3
1285080,4
1026784,3
1316066,5
1066707,5
1279886,6
1009526,6
1114139,5
1165450,6
1226097,3
1316453,6
1219218,6
1025239,6
1297655,6
1057286,4
1127617,3
1070530,3
1247403,3
1218522,5
1283262,1
1202551,6
1091282,3
1071457,6
1128240,1
1255851,3
1167860,6
1032827,1
1216642,3
1148883,6
1097133,6
1286080,6
1297208,4
1280267,3
1173365,4
1061926,3
1321906,1
1052483,1
1173328,6
1120278,4
1217719,1
1175345,6
1277255,1
1129300,4
1041301,4
1226108,6
1245389,6
1134875,4
1157865,3
1154237,4
1248538,6
1216242,4
1164421,4
1146810,5
1317783,5
1125499,5
1137542,6
1243859,6
1139900,3
1184367,1
1078785,4
1141663,4
1244138,3
1232547,6
1087437,5
1222934,3
1153020,4
1216864,6
1024486,6
1122936,2
1220500,3
1236556,7
1094460,3
1121752,5
1146031,6
1203245,3
1008900,6
1114967,4
1138157,4
1060187,6
1147078,3
1319294,3
1308202,1
1134303,3
1056187,3
1220964,6
1307262,4
1302930,4
1164209,3
1194657,6
1313829,4
1180898,6
1197405,6
1011024,3
1193444,3
1304424,3
1032072,3
1244455,6
1004704,3
1042111,4
1165958,1
1195069,4
1241321,3
1072887,4
1263950,3
1214401,3
1232031,3
1292624,1
1211570,3
1184791,5
1259558,1
1126213,4
1085150,6
1147700,1
1102309,6
1086635,4
1068970,6
1185980,4
1064644,4
1108192,4
1133019,1
1306113,3
1109193,3
1308186,3
1160161,1
1018985,6
1258309,6
1144795,6
1066544,6
1323469,6
1002891,3
1227441,6
1310772,3
1148116,3
1089596,6
1154527,7
1145024,5
1081033,4
1065469,4
1144302,3
1197743,4
1059607,5
1024330,6
1099352,4
1027124,5
1097761,4
1157728,3
1292993,6
1226381,6
1113496,4
1110449,6
1104775,3
1264602,4
1048208,3
1297120,4
1277510,5
1241270,6
1051305,6
1073381,4
1080702,5
1101597,5
1294384,1
1140476,6
1065381,1
1247869,1
1161274,4
1239116,3
1167636,5
1182560,4
1106001,3
1178753,4
1207283,3
1128656,3
1041344,1
1109762,3
1192530,4
1116992,5
1318785,4
1098998,4
1274437,3
1244197,4
1219292,5
1187157,4
1321536,6
1288888,5
1215737,5
1025412,3
1061741,6
1185027,4
1013654,1
1134430,3
1267738,6
1001344,5
1282227,6
1278043,3
1271096,3
1072054,4
1087219,6
1227033,3
1068157,4
1244098,4
1119872,4
1240239,5
1215104,3
1109014,5
1314814,3
1200643,6
1319685,6
1107663,6
1084317,1
1039368,4
1012601,6
1242469,5
1217131,5
1089686,6
1321940,5
1163637,3
1049113,4
1023972,3
1042674,3
1231529,3
1026789,4
1006719,4
1015688,3
1307850,4
1183109,3
1229394,6
1156395,6
1295863,5
1291304,5
1081545,3
1116601,6
1228110,4
1080860,3
1067508,1
1077159,4
1115139,3
1193367,6
1264724,5
1243026,6
1140538,4
1180665,1
1314064,3
1069079,3
1261082,1
1303927,1
1130318,6
1279694,5
1316363,6
1029164,3
1104900,3
1238319,4
1228389,1
1124612,4
1220862,5
1259648,5
1092597,3
1187156,1
1319150,7
1070628,4
1185934,4
1317650,4
1164482,3
1186323,4
1165376,5
1078457,3
1213073,5
1045992,5
1295555,4
1045437,1
1259603,1
1268957,1
1149360,3
1172398,3
1054330,4
1123509,4
1137990,6
1265068,1
1248893,6
1202404,5
1214608,3
1079482,5
1129348,1
1170431,5
1139906,4
1317159,6
1265376,6
1111322,6
1012208,4
1291925,3
1134004,3
1270651,4
1164765,4
1245417,1
1275505,4
1191405,4
1179148,1
1052385,5
1022285,3
1227673,6
1312765,3
1193359,6
1103162,4
1301877,4
1072051,3
1094482,6
1128251,5
1042895,4
1132279,3
1209780,4
1111831,3
1039819,1
1225402,4
1155522,5
1163390,1
1032495,3
1036675,3
1306109,1
1247577,5
1291013,6
1130396,3
1234317,6
1126158,3
1240793,3
1113665,5
1038886,4
1254595,1
1214193,6
1222958,6
1085757,3
1072682,6
1307410,1
1019399,1
1192220,6
1280785,4
1197986,1
1179457,6
1254335,3
1027851,1
1204030,4
1303811,3
1239267,6
1112456,1
1298416,3
1212592,6
1051591,5
1223194,3
1200060,1
1193443,3
1285156,3
1001149,4
1156949,5
1207507,6
1041469,3
1035664,6
1188566,2
1017136,6
1295473,4
1225440,4
1114675,7
1264411,3
1272642,4
1151135,5
1129312,5
1110325,4
1275448,1
1188136,6
1252497,5
1097106,3
1227590,4
1017054,4
1101331,4
1071969,4
1254789,4
1039074,4
1127859,4
1002987,4
1256496,6
1151561,4
1256537,1
1021289,3
1269514,1
1298056,3
1128965,4
1107847,1
1059940,4
1254118,6
1271673,3
1266107,1
1152466,3
1219898,1
1033115,4
1276935,4
1044096,3
1109426,5
1176267,6
1289806,3
1041568,1
1212508,6
1238739,3
1116688,6
1080420,4
1144936,5
1310946,4
1193527,1
1236049,6
1065853,6
1085325,5
1059988,3
1236251,5
1180064,4
1047082,6
1306871,6
1245636,6
1310854,3
1279399,2
1252592,4
1073778,6
1126669,5
1263844,6
1210535,4
1091974,5
1293410,6
1097101,4
1325327,4
1072198,3
1221648,6
1079159,1
1213061,3
1067596,5
1320840,6
1188366,3
1294398,1
1309705,1
1119998,6
1003694,1
1010028,3
1024581,1
1033711,6
1146790,3
1125760,1
1035226,4
1261436,3
1060416,6
1260339,1
1242130,3
1091108,3
1063536,4
1273491,1
1056105,6
1244645,5
1096624,4
1206996,3
1066215,5
1205256,1
1260591,5
1278838,6
1168469,4
1243997,4
1303288,5
1113341,3
1324395,5
1000285,1
1073321,5
1214984,4
1017924,3
1056024,5
1072450,6
1058960,4
1256641,3
1252170,3
1029937,6
1061026,3
1113788,6
1219594,3
1297384,3
1174624,6
1104388,4
1243223,3
1088394,1
1298051,6
1088649,4
1113895,3
1305220,4
1282459,1
1265644,5
1140994,4
1017542,1
1147339,4
1119152,4
1202555,6
1194680,6
1281338,3
1013216,6
1173278,3
1209094,4
1185742,3
1017241,3
1273197,1
1062587,4
1196780,4
1044999,4
1094081,3
1296084,1
1102014,3
1201866,4
1159765,3
1253477,4
1281279,4
1221064,4
1323173,6
1038386,3
1051124,6
1228578,6
1231220,4
1032237,1
1152628,1
1190371,3
1309605,5
1272162,4
1248585,6
1316407,1
1252580,4
1148207,1
1187170,5
1138463,6
1199402,5
1064738,4
1276170,6
1094787,5
1041903,3
1190087,6
1223683,5
1318748,1
1275434,4
1190390,1
1059981,6
1301948,5
1048385,6
1025220,6
1030125,6
1148896,6
1230728,4
1127580,4
1039101,1
1114802,3
1097556,3
1062128,5
1181014,4
1158910,4
1088388,4
1241796,5
1284329,4
1221057,6
1210416,3
1019409,4
1034198,6
1269630,5
1228234,3
1257686,6
1310004,4
1216144,6
1289879,4
1086209,3
1303165,3
1276743,5
1236454,6
1086093,5
1231575,5
1283911,1
1129613,4
1032694,4
1123759,4
1191288,6
1281783,3
1014682,6
1228384,6
1159998,5
1129743,6
1258990,6
1065572,5
1166170,4
1291481,4
1325778,3
1105468,4
1010270,3
1077240,3
1077956,4
1009401,6
1023722,2
1265480,6
1013615,4
1289454,3
1311915,4
1306831,5
1221178,5
1118827,6
1154982,5
1245074,2
1134762,1
1100959,6
1048518,5
1098590,3
1024622,3
1264864,1
1169613,4
1270955,1
1310185,2
1244367,4
1127259,1
1161964,6
1090572,3
1085104,4
1241955,1
1312043,6
1264314,6
1064852,3
1300022,5
1238991,3
1146134,5
1141511,6
1256176,3
1306891,3
1241658,4
1023579,1
1225580,4
1206036,6
1118275,4
1097641,3
1137315,5
1210238,4
1151229,1
1308092,5
1050094,3
1206430,5
1203893,3
1250921,3
1240525,6
1064430,4
1200387,6
1317270,1
1218197,4
1199462,6
1152408,3
1098752,6
1034739,1
1060265,3
1050566,4
1242692,1
1256087,6
1229064,3
1220326,6
1198962,2
1181285,1
1135484,6
1012251,6
1229587,6
1053774,3
1148296,3
1310167,4
1298327,6
1218234,3
1230981,3
1316215,5
1060021,6
1289632,3
1033993,6
1211073,4
1246013,4
1031473,4
1277015,5
1073267,2
1189819,4
1295916,2
1249317,3
1282798,4
1283548,6
1012486,6
1286145,1
1100080,5
1146897,6
1132315,3
1220754,2
1132802,6
1166339,5
1219410,1
1069532,6
1270117,4
1146891,3
1126864,3
1104486,3
1181360,6
1315033,5
1069962,3
1056361,6
1091488,4
1078166,4
1276727,1
1097698,3
1243465,6
1126844,5
1207014,3
1257150,6
1001322,6
1037618,3
1236375,3
1174111,6
1268944,4
1279690,5
1303390,4
1250430,6
1135684,1
1154241,5
1243529,3
1159834,1
1023565,5
1190097,3
1239720,1
1126179,5
1272754,5
1260870,1
1292130,4
1113156,3
1325584,6
1144378,3
1062523,6
1107520,6
1149640,3
1281634,4
1150038,3
1067231,3
1268777,6
1302327,1
1174970,1
1289389,4
1043255,6
1068645,6
1288050,6
1243385,5
1094630,6
1089865,1
1002462,3
1204240,5
1205900,4
1170152,4
1156210,1
1029679,4
1226828,4
1083273,3
1239699,4
1219280,4
1079277,6
1293210,6
1271050,6
1143414,6
1309248,4
1105508,2
1075327,4
1095473,4
1033873,1
1112279,5
1111052,3
1028081,6
1156428,6
1097028,6
1016082,5
1131884,6
1239078,4
1110972,6
1100553,5
1197760,3
1086957,6
1276937,5
1006544,1
1219940,6
1147544,4
1290685,3
1121333,6
1252639,6
1253357,5
1050302,6
1103570,3
1138177,1
1276415,3
1062756,4
1130299,4
1317756,1
1266830,3
1048484,4
1019943,4
1317967,4
1081813,5
1054855,6
1081574,1
1201152,6
1301299,4
1083866,5
1283163,6
1266576,3
1115055,3
1131808,4
1068912,6
1157199,4
1270268,3
1019984,6
1286564,3
1203232,1
1040072,4
1157283,5
1242588,6
1177254,6
1208181,3
1099502,3
1194638,3
1305404,6
1172709,3
1005135,3
1257611,6
1169390,6
1144892,6
1075846,5
1108909,3
1023411,6
1198149,6
1258944,5
1163783,3
1200083,1
1097134,3
1100291,3
1038941,6
1282028,6
1249449,6
1201474,3
1145488,1
1105158,5
1173418,6
1062254,4
1285804,4
1268271,6
1033472,5
1155693,5
1291342,4
1278243,6
1286401,6
1144700,5
1296286,4
1113713,5
1041146,3
1051145,4
1160291,6
1211735,4
1015871,4
1133723,6
1205723,5
1245539,7
1017567,6
1304074,1
1120923,6
1022788,4
1105537,6
1200662,3
1284167,1
1229135,5
1064918,3
1142227,3
1244871,4
1266319,4
1250261,5
1216945,4
1004002,4
1242421,4
1038124,5
1213307,6
1158168,1
1236924,1
1226240,3
1014319,1
1299928,5
1302599,6
1026457,6
1301172,3
1264192,5
1320767,4
1178999,3
1076174,1
1253050,4
1221236,3
1197352,6
1169522,4
1235852,5
1017635,4
1089620,3
1281235,3
1234917,6
1124789,1
1111449,6
1229156,6
1043749,3
1117385,4
1316672,3
1308287,6
1154898,4
1303486,5
1124269,4
1028218,5
1291663,4
1061566,3
1014753,6
1176311,3
1293507,6
1144733,6
1178334,4
1059971,5
1086504,6
1081217,3
1262709,5
1231708,3
1152432,4
1155318,6
1006460,5
1024906,1
1130323,3
1117501,4
1280444,4
1208127,3
1122580,3
1265371,5
1233040,3
1109686,6
1166345,4
1152667,3
1160199,6
1165210,6
1062802,5
1186706,6
1076414,6
1146387,6
1202676,1
1027540,6
1140039,6
1251456,6
1021346,6
1088261,1
1042049,6
1109927,3
1242883,5
1287148,3
1028551,4
1305739,6
1007464,4
1198430,6
1000894,1
1139607,5
1100914,6
1175515,5
1152547,4
1119568,6
1071037,1
1225111,1
1156286,3
1102339,4
1246313,6
1239105,3
1029611,6
1279389,4
1155349,6
1002196,6
1306808,6
1157911,4
1038026,3
1283450,1
1320479,5
1045881,4
1277454,6
1049528,1
1129728,1
1269986,3
1008576,3
1062663,1
1258895,4
1004727,5
1087558,1
1238185,4
1057970,3
1227594,4
1265226,4
1106364,3
1084521,4
1132732,5
1024720,1
1288080,4
1059019,3
1013516,6
1004081,5
1181804,1
1235284,3
1047334,6
1282531,4
1036075,1
1282916,1
1233932,1
1287568,6
1028500,4
1096706,5
1101082,6
1116224,1
1196706,1
1283591,3
1223530,6
1115258,3
1184242,6
1103550,1
1031616,3
1207020,6
1112776,4
1241666,5
1014175,3
1080328,6
1298462,4
1041106,5
1140124,3
1128146,6
1237880,5
1271537,3
1068013,6
1006197,6
1149327,2
1320712,4
1028625,5
1301227,2
1060533,6
1311316,6
1017337,3
1181917,5
1127874,3
1056494,4
1052382,6
1095824,6
1057199,5
1140102,3
1233427,6
1032790,1
1088342,3
1307507,3
1236018,6
1152349,4
1108628,4
1087579,4
1318892,6
1184852,4
1325657,6
1080041,6
1015387,6
1125421,4
1013340,6
1053778,1
1008052,3
1125315,4
1214414,1
1197014,4
1286613,1
1086533,6
1191539,6
1278135,6
1006608,6
1302972,6
1099640,4
1124426,3
1075329,4
1130130,5
1171376,3
1117138,4
1012299,6
1053626,6
1226517,4
1134514,4
1077082,3
1270766,1
1246649,3
1084722,4
1319145,3
1067035,3
1057622,3
1212218,5
1138022,3
1027786,6
1147099,4
1159145,5
1055266,5
1120052,3
1223535,1
1212880,6
1123813,3
1295108,5
1128008,5
1315276,3
1321128,3
1263887,3
1076205,5
1013621,1
1126020,5
1008302,3
1186077,1
1272015,6
1196057,6
1110328,5
1253463,7
1157035,1
1003212,1
1266634,6
1081828,3
1087840,4
1321493,6
1183596,4
1097512,3
1030907,4
1287063,5
1084607,2
1108153,6
1123231,1
1310642,3
1229701,6
1233901,5
1095724,4
1083062,3
1010677,5
1169702,6
1217832,3
1094935,3
1285900,1
1210873,4
1074558,1
1097076,4
1174009,6
1233394,1
1299357,5
1232405,3
1044314,3
1267925,4
1121080,4
1009974,5
1263941,6
1287246,4
1235254,4
1217242,3
1103429,6
1323337,1
1078221,4
1226329,4
1276295,6
1125155,6
1148844,5
1312901,3
1173759,6
1222214,1
1074458,6
1284001,3
1095483,4
1058541,3
1310250,6
1310418,5
1130609,4
1206090,4
1130454,6
1057933,3
1082174,3
1207584,3
1158348,4
1288304,6
1088529,3
1008506,6
1105536,1
1294860,6
1246742,1
1139873,6
1182939,5
1027293,4
1030467,6
1263164,6
1232987,1
1062374,6
1075625,5
1208468,1
1152132,3
1101018,4
1308720,3
1201610,1
1023643,6
1227782,3
1274672,4
1019787,3
1240397,3
1240102,4
1113185,3
1117201,3
1011005,6
1151365,5
1155931,3
1012362,5
1061354,4
1152374,5
1177868,5
1267365,6
1129113,4
1078205,4
1056296,1
1080585,4
1116862,3
1300417,1
1170130,5
1191866,6
1235339,6
1292121,6
1074694,5
1270513,4
1134213,4
1175778,1
1258232,5
1107495,4
1140340,4
1027708,3
1190628,3
1067662,5
1151531,4
1287595,6
1101655,3
1043047,3
1242543,5
1320808,6
1020579,4
1179952,5
1214926,6
1300954,5
1312996,4
1043128,6
1119210,6
1299819,3
1178395,1
1267403,3
1000490,4
1037043,6
1173187,4
1051228,5
1116930,4
1068213,6
1276241,3
1254559,5
1193337,6
1065681,4
1282858,1
1322764,5
1135068,4
1073314,3
1208274,5
1314761,5
1109578,4
1015374,5
1271752,6
1247804,5
1069049,5
1039621,2
1305130,1
1116302,6
1103699,1
1243421,3
1075554,4
1240409,3
1005602,4
1251732,6
1109508,3
1065501,1
1125488,4
1087776,1
1126242,5
1127062,4
1307716,5
1191486,3
1022447,6
1128691,5
1115383,4
1034593,6
1153512,4
1179733,3
1155815,3
1008190,6
1277685,6
1183613,4
1322409,1
1093294,4
1114605,3
1324954,5
1125822,6
1263433,3
1304826,5
1132978,5
1013192,5
1163500,3
1220717,4
1143692,4
1096033,5
1105315,4
1307713,3
1173381,4
1046691,3
1217062,6
1093710,4
1237558,5
1075632,3
1198076,6
1160084,6
1022822,6
1013498,3
1254935,5
1310182,6
1267262,1
1296424,4
1308809,4
1070886,3
1097833,3
1222197,4
1250612,3
1259143,6
1196235,4
1241962,1
1310858,5
1209708,4
1036069,3
1232552,6
1146580,4
1312766,3
1060821,4
1225073,6
1145205,6
1010060,1
1216008,6
1003057,6
1112989,5
1118777,3
1128884,4
1266206,6
1271997,6
1082236,4
1131318,5
1108086,4
1039485,6
1246346,4
1008600,4
1027436,5
1178403,1
1225562,6
1020400,4
1189236,4
1004246,3
1041649,4
1264619,6
1303026,6
1096091,4
1102846,1
1070206,3
1045742,3
1107064,3
1025851,3
1133588,4
1051618,3
1028828,4
1193955,5
1108028,3
1020060,4
1277513,5
1007597,3
1053088,4
1291466,5
1292559,5
1221508,5
1104862,6
1152626,6
1266369,3
1132461,4
1293103,1
1256733,3
1318120,6
1095588,5
1032953,3
1235943,6
1048179,3
1037876,3
1295017,3
1127263,4
1191942,6
1210400,5
1312413,4
1160067,3
1028724,4
1145959,5
1129911,3
1007324,4
1293204,3
1043868,6
1147119,6
1090989,3
1123476,4
1099248,4
1145885,5
1057649,1
1097341,5
1101016,4
1097614,3
1221668,5
1183162,1
1203539,4
1226011,4
1087988,6
1033460,4
1297167,2
1246423,4
1079243,4
1178279,3
1010842,3
1171484,4
1233741,1
1121344,4
1315208,6
1094138,3
1129679,3
1312278,4
1249132,6
1236559,3
1016018,4
1281283,3
1259112,6
1223688,3
1166172,2
1254879,5
1115983,4
1127574,6
1000375,3
1316853,3
1315662,3
1185937,6
1206959,4
1319028,3
1105236,5
1007530,6
1087730,5
1197040,6
1169946,1
1251375,3
1034208,4
1302942,3
1100461,4
1251114,5
1281659,4
1236849,1
1106661,3
1127807,1
1301776,6
1313595,6
1235819,3
1068368,4
1008790,3
1049511,1
1070302,3
1134453,3
1010065,4
1029074,6
1046057,4
1193488,1
1202765,6
1281412,3
1284140,5
1281188,4
1173459,1
1123024,5
1286829,4
1211880,5
1131717,4
1264146,4
1306952,5
1019043,3
1282322,4
1127404,5
1222635,5
1034257,6
1253319,6
1050865,6
1282961,4
1211965,5
1106634,6
1184129,6
1083332,1
1054765,3
1166185,3
1291814,3
1271516,4
1279726,4
1082251,1
1023639,4
1205399,1
1037236,3
1258435,4
1035982,5
1170070,4
1017909,6
1191546,1
1270373,3
1180603,3
1016365,5
1129949,6
1271682,3
1083035,6
1055282,4
1133097,1
1205643,6
1240781,4
1169993,4
1087338,3
1052015,1
1023538,1
1113980,3
1192923,6
1268730,3
1179804,4
1236325,5
1114734,3
1072741,4
1317642,4
1004063,1
1133000,4
1307182,5
1137388,3
1047728,5
1177659,6
1030443,3
1309521,6
1277926,4
1271874,6
1107796,6
1237070,4
1314115,6
1120877,6
1052046,3
1288813,3
1053046,6
1015339,6
1030947,6
1211392,4
1242503,6
1286913,6
1268353,3
1303083,4
1017707,6
1170346,2
1003387,1
1264808,3
1244030,6
1276594,6
1145686,4
1188955,4
1088229,4
1145286,5
1031327,6
1108724,4
1116375,4
1252181,6
1206638,5
1127028,6
1210898,4
1258600,1
1237280,5
1224339,6
1027685,4
1044597,3
1167152,1
1290835,3
1063037,6
1131168,4
1109413,3
1243854,6
1288366,6
1314151,6
1070648,4
1217398,1
1273849,1
1077426,3
1309135,5
1309128,7
1007899,1
1250387,4
1249983,4
1275552,1
1012055,5
1071323,3
1161635,6
1100488,4
1109242,2
1302612,1
1225193,6
1190215,4
1303955,4
1273177,1
1142732,5
1198824,3
1141690,6
1208773,6
1240152,3
1221274,1
1087844,5
1095867,4
1102459,5
1269050,3
1128721,3
1271567,6
1280219,6
1166841,6
1147476,3
1144678,6
1007848,5
1295895,3
1132130,4
1095556,4
1309394,5
1153481,4
1099449,3
1163784,6
1289563,4
1253086,5
1265436,6
1141542,4
1234560,4
1177689,3
1219473,6
1262873,6
1056827,4
1033350,6
1325313,3
1170776,5
1002828,3
1080316,6
1294672,3
1281483,5
1075260,1
1238722,4
1304491,4
1124703,4
1320678,6
1250673,4
1132301,6
1063695,6
1311542,6
1240112,1
1027388,3
1115967,3
1055572,6
1077844,3
1165196,1
1282630,4
1293757,6
1263339,4
1129022,2
1139169,3
1043484,3
1149977,3
1302744,6
1257510,7
1322864,3
1230799,4
1079829,1
1123929,3
1166905,4
1303374,5
1211382,6
1103496,6
1304730,1
1252141,6
1179191,1
1265781,5
1212863,5
1255829,3
1098095,4
1319638,6
1208599,3
1226792,5
1132766,6
1269134,3
1100605,6
1006266,6
1249279,5
1265011,5
1218594,5
1078720,3
1180422,3
1289517,4
1150234,6
1319106,5
1166534,4
1027589,6
1135214,1
1030133,6
1292790,3
1011981,3
1236857,4
1192389,3
1000329,4
1179741,3
1142933,6
1037792,4
1059389,5
1152528,4
1155570,1
1278341,4
1067357,1
1083626,2
1201120,5
1264599,4
1212529,4
1286312,4
1128395,4
1154652,1
1285678,6
1267635,6
1236705,1
1161783,5
1021629,4
1002656,3
1153660,4
1325543,6
1055348,3
1230737,3
1068010,6
1001210,4
1127690,6
1306881,6
1213273,3
1308920,4
1298259,4
1311282,3
1257266,6
1028578,6
1215117,6
1025189,4
1197833,4
1069428,1
1280905,5
1229333,1
1214364,3
1272874,3
1272477,4
1195698,3
1051391,4
1059611,5
1057764,4
1179535,3
1181607,3
1153895,5
1284446,4
1178933,1
1188859,6
1103420,5
1050122,3
1141736,5
1056199,6
1304166,6
1005270,4
1083150,3
1117550,6
1283185,3
1215307,1
1168251,3
1162802,3
1230778,2
1279121,6
1072594,4
1040581,4
1085943,5
1168164,4
1089078,5
1111538,6
1324960,6
1053834,3
1027435,1
1260635,5
1098689,3
1113437,4
1104951,3
1121043,5
1185054,6
1250572,1
1316851,4
1038435,3
1160280,6
1077428,3
1047133,6
1120133,6
1258526,3
1133096,5
1254101,3
1293348,5
1317284,6
1102884,6
1308713,6
1046032,4
1074052,4
1251800,4
1268406,3
1010945,6
1074155,6
1128650,3
1292005,5
1295529,6
1135090,4
1241384,5
1081914,3
1114627,1
1018844,4
1285442,6
1220656,3
1313732,3
1258156,3
1320578,4
1032839,6
1223999,5
1050658,5
1126502,5
1202462,3
1130282,4
1130685,6
1321609,3
1082302,4
1118517,6
1289289,4
1280700,6
1306518,6
1171795,1
1137701,6
1302739,3
1222565,3
1000920,6
1286340,1
1324241,4
1115611,3
1115103,4
1065476,3
1056746,1
1127549,3
1038944,4
1133380,6
1202265,1
1043694,6
1299808,3
1055067,4
1092132,6
1269732,6
1248898,4
1111790,4
1307820,4
1306811,5
1282496,1
1216788,3
1203557,3
1302033,3
1143061,4
1046352,1
1269938,3
1322882,4
1081733,6
1231804,6
1205220,4
1009050,1
1208561,5
1216257,1
1306779,6
1225423,1
1281386,6
1201939,5
1260286,4
1312034,6
1212230,5
1149511,6
1298423,1
1321522,6
1020758,4
1070726,1
1037544,3
1320513,3
1145663,4
1029780,3
1095189,3
1061714,4
1262287,3
1089847,3
1053858,1
1322953,6
1130268,6
1008207,4
1023155,3
1097744,6
1079400,4
1151614,4
1009066,1
1020856,6
1185289,6
1054938,5
1157730,3
1202433,4
1207335,5
1030344,4
1282370,3
1228026,1
1083948,3
1190389,3
1021874,6
1067599,3
1059321,2
1286371,1
1118909,5
1178244,5
1318841,4
1018088,6
1109199,5
1046779,4
1076573,1
1160923,6
1311736,6
1255377,3
1306586,6
1072736,5
1108058,4
1009383,5
1306490,5
1042627,3
1259942,4
1176781,4
1253475,6
1089400,4
1246858,3
1165522,6
1108907,3
1300130,6
1159786,6
1033778,6
1301263,3
1309097,6
1045363,5
1016682,1
1097710,3
1248933,6
1074659,2
1138640,6
1320117,6
1154208,1
1204626,1
1136949,5
1135171,5
1162469,1
1182984,4
1050893,1
1133026,6
1298924,4
1278162,5
1237729,3
1250732,3
1072577,6
1321913,5
1155526,3
1104740,3
1126486,3
1301893,4
1147289,3
1174858,3
1194473,3
1254258,3
1226231,1
1250002,3
1259719,3
1006145,5
1232237,3
1181600,4
1230954,3
1120467,3
1296199,6
1263688,3
1186812,3
1039062,3
1161699,3
1183543,6
1047458,3
1271578,3
1124656,6
1139374,3
1200998,4
1278849,1
1153366,4
1106750,3
1158784,4
1000123,6
1293464,6
1070535,4
1094112,4
1169758,3
1239631,3
1172123,5
1292271,1
1299274,6
1323509,4
1105123,5
1235435,4
1203113,3
1119830,3
1074191,5
1021755,3
1000054,1
1123584,3
1001265,2
1185071,4
1055598,5
1293260,6
1253692,5
1117676,4
1205508,6
1263882,4
1312838,1
1310160,3
1259730,5
1046074,6
1103959,3
1261279,6
1138379,6
1121499,3
1267300,6
1036066,6
1023492,4
1214748,3
1017275,4
1287956,3
1189066,5
1006447,6
1101196,1
1011454,3
1128032,3
1131443,3
1194972,1
1281201,4
1193814,1
1020049,3
1019861,4
1192167,4
1300183,6
1125929,4
1283274,6
1287648,5
1049265,1
1235381,6
1219977,3
1028485,4
1069131,1
1143075,5
1247560,3
1125796,3
1267964,5
1214893,3
1061662,3
1209083,4
1227316,4
1229070,5
1236708,4
1166256,3
1022121,3
1023840,6
1002710,1
1175136,3
1142162,3
1045231,4
1032750,5
1025804,3
1158260,2
1026990,1
1276177,6
1023272,5
1066888,6
1057640,6
1145277,6
1061058,3
1048395,6
1175079,3
1253087,1
1200813,3
1030924,5
1195406,4
1087996,6
1289442,6
1015338,6
1146552,3
1027209,6
1289347,5
1126113,5
1268822,5
1018820,4
1139227,3
1236358,6
1040477,6
1315416,4
1296734,4
1187925,1
1202570,5
1116524,3
1206465,5
1208640,3
1202501,5
1205832,5
1243655,3
1027380,5
1137982,6
1041937,1
1019641,1
1101570,3
1073236,6
1113236,3
1194325,4
1271847,1
1271646,6
1178050,6
1178108,6
1235488,3
1011727,4
1319578,6
1065604,5
1106057,6
1027014,4
1120349,3
1066300,4
1167633,3
1115629,4
1135297,3
1118341,4
1159403,6
1293792,4
1015155,5
1233699,6
1116760,6
1158755,6
1288701,5
1207425,3
1197397,6
1089625,6
1156324,4
1158931,3
1133367,3
1299425,1
1117152,3
1233653,5
1171340,4
1226115,3
1110128,3
1050871,6
1150344,4
1268865,3
1042687,7
1095256,3
1263288,3
1303636,3
1234580,4
1082756,6
1218523,4
1318679,3
1313837,4
1089889,1
1169285,6
1314565,3
1207087,3
1259780,6
1233708,3
1238252,4
1062538,4
1181338,5
1107760,3
1270383,6
1306885,3
1096788,4
1239911,3
1199409,3
1239470,5
1155082,3
1193084,5
1034513,1
1072982,3
1313967,5
1122166,3
1229084,1
1279036,1
1305003,4
1089531,4
1105129,6
1081458,4
1133178,6
1130086,4
1183720,6
1136919,3
1031636,1
1167820,1
1007816,5
1020219,6
1181801,6
1059367,1
1186886,2
1311998,3
1182114,5
1265527,6
1052118,3
1069380,4
1280894,3
1062115,6
1210339,5
1091006,5
1306803,3
1266953,6
1165149,5
1116162,6
1259351,3
1270904,1
1021888,6
1193813,6
1319529,5
1099273,5
1092282,3
1223685,5
1308061,4
1221718,6
1263529,6
1150966,5
1223474,6
1173922,6
1050337,4
1323686,3
1191025,4
1300732,3
1222954,6
1225784,3
1307396,3
1216313,3
1120014,3
1283766,6
1271135,1
1272200,4
1073111,6
1227937,4
1312094,4
1300662,5
1245492,5
1156081,6
1019290,1
1038484,5
1270237,1
1167294,3
1264628,6
1266800,3
1119835,6
1159183,4
1289569,4
1103909,4
1023710,1
1092865,3
1045837,3
1209117,5
1270760,4
1310118,1
1181888,5
1123061,3
1100283,6
1287497,4
1154040,6
1236188,1
1013309,4
1106038,6
1150124,6
1082971,5
1168954,3
1318933,5
1192915,6
1216953,4
1029119,5
1278478,4
1243701,6
1321846,3
1023910,6
1007116,3
1185523,3
1285997,3
1214444,5
1213812,3
1091083,7
1135179,5
1192513,6
1014306,6
1322056,3
1184294,3
1248941,5
1082719,1
1290712,5
1198756,1
1097868,6
1002069,6
1282610,1
1101078,4
1021258,3
1050594,6
1135577,4
1298137,3
1147939,5
1276157,6
1299866,3
1032318,3
1014758,6
1164516,4
1257848,3
1159081,3
1305593,3
1095231,5
1097908,6
1064695,1
1313623,4
1293569,4
1087849,1
1162022,5
1028242,5
1267783,4
1154751,3
1097716,4
1193307,6
1285456,6
1130165,1
1096896,6
1246766,4
1094401,1
1272607,3
1034061,3
1321312,3
1140657,6
1013150,3
1318686,5
1125746,5
1175217,3
1122517,6
1055152,6
1190109,6
1117847,3
1071097,6
1228653,6
1012856,3
1064627,4
1068555,4
1190305,3
1091080,3
1180033,6
1087912,4
1250931,3
1007810,3
1068738,3
1202986,3
1178689,3
1126656,1
1250988,3
1204884,1
1218997,6
1261561,4
1278349,4
1115439,1
1131977,4
1199172,6
1214266,3
1014983,1
1274398,6
1316006,3
1233360,3
1162820,6
1214628,4
1153308,4
1068202,4
1027051,4
1040224,1
1223619,3
1249882,1
1022932,1
1310795,6
1297437,6
1098575,1
1231339,5
1304652,6
1243733,1
1197565,5
1145139,6
1190858,6
1271169,5
1052300,6
1198664,1
1187922,6
1172714,5
1309919,4
1125385,6
1067757,1
1311710,6
1294790,7
1212335,3
1112053,6
1071306,4
1191033,6
1177828,6
1090024,6
1294183,6
1122246,3
1097728,4
1100973,5
1254495,3
1032664,5
1280189,3
1072025,3
1177247,6
1081078,5
1137401,1
1018542,4
1014266,1
1085155,4
1228982,3
1094570,4
1111666,1
1149348,4
1041626,4
1114299,3
1265283,6
1112938,6
1211361,6
1251153,3
1220416,5
1296554,4
1213482,6
1139882,4
1283481,5
1021171,4
1240461,3
1160961,2
1146551,6
1307916,3
1237606,3
1312857,1
1279087,5
1042659,5
1152366,3
1067280,4
1210695,3
1086385,4
1157106,6
1116201,6
1032398,4
1125239,4
1086975,4
1085581,3
1085056,3
1211046,5
1084101,6
1166503,1
1034662,1
1025421,5
1150292,3
1050671,4
1033696,1
1270442,6
1125679,4
1030548,1
1031012,6
1320668,4
1281695,1
1303743,4
1279633,4
1075206,3
1287443,1
1135502,3
1275407,3
1151272,3
1176457,4
1189755,6
1035894,6
1071698,6
1180273,4
1283319,4
1165112,6
1067974,6
1081122,4
1028548,4
1106886,3
1318865,4
1205893,5
1255376,4
1182960,4
1315515,6
1121853,4
1134726,4
1173369,4
1132617,3
1248389,4
1041477,3
1148384,3
1319091,6
1077370,4
1012391,6
1045871,4
1225070,1
1312151,4
1282101,3
1101800,4
1084485,1
1118787,6
1063560,4
1165096,4
1163043,3
1143699,6
1064045,6
1160848,3
1052976,3
1084769,6
1309436,1
1145283,3
1087790,1
1045679,1
1187880,3
1257734,4
1237450,1
1280856,6
1076867,3
1104172,4
1306896,1
1166821,4
1273713,3
1261618,4
1063547,4
1221639,4
1201264,3
1161051,4
1171075,1
1161793,6
1188690,6
1036491,1
1133807,1
1058397,3
1062294,6
1287671,1
1171695,5
1052084,1
1103968,3
1067898,5
1176960,5
1186343,3
1031488,3
1118970,3
1086838,4
1275090,6
1071902,5
1178817,3
1222786,3
1015810,6
1232977,4
1042980,1
1309443,6
1304012,3
1099710,5
1129515,3
1287643,3
1296443,6
1081874,4
1262381,3
1052733,5
1192873,1
1176029,5
1322324,5
1275638,6
1230494,5
1307171,1
1066074,4
1263981,6
1082575,6
1114390,1
1028563,6
1131244,3
1195754,5
1252536,4
1099561,1
1136366,1
1105256,3
1281532,3
1003626,1
1020600,5
1271826,3
1097947,6
1310066,4
1114181,5
1319262,6
1100031,4
1302125,6
1093192,6
1287644,5
1147026,6
1122412,3
1131800,6
1109197,6
1185632,6
1015930,6
1103407,1
1036860,6
1200716,5
1072573,6
1242898,1
1121125,4
1003014,6
1214391,4
1267351,3
1084347,6
1300966,4
1183597,6
1204490,4
1029756,3
1250122,4
1204018,4
1117591,4
1036907,1
1097246,1
1215396,6
1161921,6
1204351,3
1216843,4
1059713,5
1266645,1
1208792,3
1279491,3
1075710,3
1298948,6
1211947,3
1211698,5
1114852,6
1101344,5
1211193,3
1246276,6
1265223,3
1058306,6
1184897,5
1134962,6
1179013,1
1168847,3
1200120,2
1112263,3
1072331,6
1114778,6
1091632,6
1107176,4
1323679,4
1312255,6
1287587,3
1027357,3
1287998,6
1162053,3
1255059,6
1168837,3
1047043,3
1305102,4
1092010,5
1307480,1
1281391,5
1078680,1
1226531,1
1284306,6
1208147,4
1147787,6
1322208,2
1119875,5
1099002,4
1135829,4
1051396,3
1015976,5
1052418,4
1224697,5
1161501,5
1115037,4
1054778,4
1277710,1
1193470,6
1044511,4
1161333,4
1290019,6
1322501,6
1236572,3
1108159,5
1085955,4
1248492,3
1263285,6
1266984,6
1281854,3
1123448,6
1132681,1
1194916,3
1144751,7
1228549,6
1015418,6
1149041,3
1132388,1
1173038,4
1114562,4
1048842,4
1012904,1
1062763,6
1242882,6
1274905,4
1126692,3
1106576,6
1192330,6
1293300,3
1212540,4
1149986,6
1174132,5
1100796,3
1101696,5
1005857,3
1279909,4
1198201,1
1042672,3
1020055,4
1000918,3
1038660,6
1282286,4
1220021,5
1166135,4
1134560,6
1034834,1
1317432,3
1227494,6
1116735,4
1086948,4
1008575,3
1259992,5
1040373,4
1319002,4
1187254,1
1314494,6
1248393,3
1077866,4
1307658,2
1076608,4
1086169,4
1264949,6
1317771,4
1065893,6
1054378,4
1105602,5
1147064,3
1151633,1
1057512,4
1082513,4
1056194,6
1021841,1
1020722,6
1304992,4
1035378,4
1027615,4
1020830,6
1059491,1
1145119,3
1078224,1
1093610,6
1253341,6
1160399,4
1034579,5
1020116,4
1109794,5
1172375,5
1322670,6
1014097,4
1009086,4
1281288,6
1307764,1
1284541,4
1281674,6
1226897,4
1293415,1
1267201,4
1228517,4
1029935,1
1074263,3
1014976,5
1259669,6
1014871,5
1275901,3
1210957,3
1082812,6
1184968,1
1136894,6
1013315,3
1077959,3
1211442,3
1136882,5
1005906,4
1260680,4
1315707,4
1265292,3
1225974,6
1053478,6
1024210,6
1130999,4
1025002,5
1099773,6
1239944,1
1319713,6
1245349,4
1199886,3
1112051,4
1264397,4
1290971,4
1247467,1
1305523,4
1116292,5
1257236,3
1270981,3
1122179,1
1317414,6
1311873,1
1323553,1
1301623,3
1050089,7
1047980,3
1019935,5
1032190,1
1260566,1
1120024,6
1167318,6
1232444,6
1012656,1
1040547,5
1310198,6
1165466,6
1138826,4
1173929,4
1324336,6
1081373,6
1313335,6
1134961,3
1293671,4
1100501,3
1090056,6
1010009,4
1069900,6
1079181,6
1158498,4
1120181,6
1314811,5
1022796,3
1055096,4
1193397,4
1274720,6
1185213,6
1275046,1
1170931,1
1121777,5
1149518,1
1176320,6
1197277,6
1073610,1
1216478,4
1291046,6
1127937,4
1170769,4
1053988,6
1196875,5
1278028,6
1195680,4
1244982,3
1225236,6
1260409,1
1272438,4
1306403,3
1160037,3
1132473,1
1064822,5
1250023,3
1047806,6
1121169,4
1203079,6
1165481,6
1011350,4
1038452,3
1140478,6
1185929,4
1009104,4
1149442,4
1112918,5
1053419,3
1049448,6
1094678,3
1099742,1
1055807,6
1143108,3
1099419,3
1010601,6
1037771,4
1173885,1
1055756,6
1256485,5
1089662,3
1256879,6
1027977,3
1290361,5
1087116,4
1015606,6
1312971,5
1184035,4
1144268,3
1114560,1
1003093,4
1309537,6
1254615,3
1024164,1
1045197,6
1166416,4
1177022,3
1321001,4
1156307,6
1052627,5
1173701,6
1079283,1
1127170,6
1018375,4
1249876,6
1177440,4
1213072,4
1048846,3
1114693,5
1092648,6
1206294,3
1179216,4
1318714,4
1243012,5
1153190,5
1276680,5
1087188,1
1235962,3
1223170,3
1129027,6
1049696,4
1274025,1
1066683,3
1218460,6
1310763,4
1120394,6
1241001,6
1003566,4
1162383,1
1307392,5
1253488,4
1270305,5
1048902,4
1168583,5
1182200,4
1174303,1
1241570,6
1019638,6
1210866,6
1065986,3
1226434,1
1307086,7
1084494,3
1036135,6
1214452,6
1016823,3
1015834,3
1048018,1
1046381,4
1000829,3
1004533,5
1317552,6
1280329,3
1165473,3
1191498,4
1208621,1
1095559,5
1085907,5
1146592,3
1141092,1
1160171,3
1185285,6
1168215,6
1080688,5
1049615,6
1190906,3
1090472,1
1287426,4
1269056,4
1283472,3
1153360,3
1128528,3
1132167,5
1318980,6
1057608,3
1089029,5
1184026,4
1159395,3
1128382,5
1054715,6
1237822,2
1181025,4
1047656,6
1148539,4
1039545,6
1288302,6
1314420,4
1304374,3
1201774,3
1148121,4
1289867,3
1051363,2
1291043,3
1087372,4
1282134,4
1220767,1
1039326,4
1008485,6
1037160,6
1218102,3
1116963,4
1027946,6
1185463,3
1153813,1
1319482,1
1100899,5
1288881,4
1045668,5
1282789,6
1275117,4
1260038,3
1130248,5
1179963,5
1113990,1
1050998,6
1019324,6
1174950,6
1121022,4
1230889,5
1053859,4
1154976,6
1012109,5
1263860,3
1204763,1
1223248,1
1088292,3
1248147,3
1156656,6
1251626,6
1058424,5
1139861,6
1222980,6
1047109,5
1305594,4
1090815,6
1050226,4
1036377,5
1043188,3
1067647,5
1116333,5
1080107,6
1294503,4
1076693,1
1149631,6
1133916,3
1182818,4
1016531,4
1273899,1
1241776,6
1143057,3
1277219,4
1012956,6
1007636,3
1208240,6
1030307,4
1087360,6
1298155,6
1192476,4
1019810,6
1153142,3
1153840,5
1278989,3
1025523,6
1229931,5
1069051,4
1221068,4
1223725,3
1105185,1
1204617,3
1178935,2
1135530,4
1007006,3
1133103,6
1049512,3
1210421,6
1253642,4
1147186,4
1216347,1
1174548,1
1212618,6
1323486,6
1089801,6
1228456,4
1239440,2
1303965,4
1086293,3
1110366,1
1270526,6
1161663,3
1070408,1
1090659,1
1034745,6
1027841,6
1290783,6
1071402,4
1257784,6
1086416,6
1273904,5
1061982,5
1102182,3
1178263,5
1261986,3
1324774,6
1029439,3
1112734,6
1102792,5
1113315,6
1199984,4
1320241,2
1116500,7
1271588,3
1226539,5
1142879,6
1062937,5
1091978,3
1007817,5
1026210,6
1090466,7
1304286,6
1098352,1
1010501,4
1271586,1
1101234,3
1167501,6
1102948,4
1193498,6
1160505,3
1031017,3
1158105,5
1245678,1
1253868,3
1076972,6
1000268,5
1160111,1
1256823,4
1100232,6
1060647,6
1164909,4
1265181,1
1284902,6
1188540,3
1112889,4
1010122,3
1275483,6
1304860,3
1038363,3
1227975,3
1012773,4
1152778,4
1309457,3
1012250,6
1171620,1
1189496,1
1104917,6
1091670,5
1285251,6
1053069,1
1065754,6
1127507,3
1276486,6
1296353,6
1154380,5
1073627,1
1109201,4
1224854,3
1075962,3
1153535,6
1233746,4
1048638,6
1177756,4
1285992,2
1127484,4
1101237,3
1014630,6
1068641,6
1029086,3
1146808,4
1187768,5
1177635,3
1174124,3
1235882,1
1015538,6
1235279,4
1163754,3
1257421,4
1047348,6
1161259,6
1295524,6
1280973,4
1154663,3
1151398,3
1035808,1
1284976,3
1196267,1
1049012,6
1303192,3
1102293,6
1135924,4
1281636,3
1205394,3
1289482,6
1077441,6
1237196,6
1000315,6
1315680,2
1275011,2
1054724,3
1095916,1
1228024,3
1264934,3
1300475,1
1194469,6
1273596,5
1141075,5
1144074,5
1202631,1
1133202,6
1249920,1
1201953,4
1003422,6
1185781,3
1004405,3
1169127,6
1281016,1
1017064,6
1055178,4
1232233,4
1266032,1
1143084,3
1079651,3
1299684,5
1070254,6
1253841,5
1178763,4
1204758,3
1287169,4
1106553,3
1199627,6
1193574,3
1199636,3
1308795,3
1006146,1
1194494,4
1201836,3
1316813,4
1004924,6
1209821,2
1248596,3
1229474,6
1106201,3
1185405,1
1042789,3
1038891,3
1042106,1
1177896,4
1033634,3
1261019,6
1085865,1
1176355,4
1115392,6
1213547,3
1274149,3
1281638,6
1021015,4
1143392,1
1212719,5
1005476,4
1265894,4
1237309,3
1246006,4
1090416,3
1260723,3
1263761,3
1162280,6
1227486,6
1012406,4
1225503,4
1067198,1
1060261,3
1155884,4
1171001,6
1298754,4
1133582,3
1297520,3
1213257,6
1236269,6
1239077,1
1145796,6
1239090,6
1085200,4
1201795,5
1006298,5
1243114,4
1028849,6
1288359,3
1178397,5
1140799,4
1174722,6
1176734,3
1112092,1
1035157,3
1015562,3
1099027,6
1243035,1
1214357,3
1295660,4
1014964,3
1127088,4
1079529,4
1269903,4
1195377,3
1078603,6
1151065,6
1227387,4
1227531,3
1278730,5
1033978,4
1019084,5
1194826,3
1033714,6
1320119,6
1173878,4
1036957,6
1272101,4
1099735,3
1238001,3
1228460,6
1109816,5
1155059,1
1094967,4
1254449,3
1182963,1
1228689,1
1113728,6
1182028,1
1010993,4
1149608,6
1093187,4
1248252,4
1147178,3
1276716,1
1103961,4
1196089,5
1070034,1
1293979,4
1015261,1
1151559,4
1114829,4
1109682,6
1315192,4
1106438,6
1296371,3
1165141,6
1024042,6
1133704,1
1147859,5
1242189,5
1165218,6
1188729,5
1289424,4
1291288,4
1102944,1
1178896,5
1213551,6
1194558,6
1319217,2
1256250,4
1105823,6
1204881,6
1085101,4
1250306,5
1255016,6
1304519,4
1276459,3
1173318,4
1098512,1
1053095,5
1130747,6
1121592,4
1307572,5
1012206,3
1266060,6
1156586,5
1233524,5
1297528,5
1310578,4
1283167,6
1293760,6
1001949,5
1145877,4
1034249,6
1134681,4
1176069,1
1186298,4
1263793,5
1179707,6
1040256,3
1183071,5
1129756,3
1302962,1
1049711,4
1273996,3
1128087,4
1302578,4
1207295,4
1139415,1
1287834,6
1320451,7
1130876,3
1177123,6
1204297,5
1010792,5
1262715,1
1117701,3
1198960,4
1252385,3
1021693,6
1210885,3
1216514,3
1195488,3
1053570,6
1160319,1
1236680,4
1272489,5
1128495,3
1324186,5
1254253,6
1039459,6
1312091,6
1030738,3
1174623,4
1322775,3
1119248,4
1212322,5
1041706,5
1009773,6
1256339,3
1054388,5
1304728,3
1244893,4
1126443,3
1034716,4
1138079,3
1246195,5
1219868,6
1166568,5
1148366,6
1303210,6
1148293,6
1071899,3
1171381,5
1074154,4
1047643,6
1067752,5
1158011,6
1308203,6
1321956,1
1176956,3
1100662,1
1159399,1
1181648,6
1154950,1
1052855,3
1036211,1
1299041,3
1134645,3
1295704,3
1099617,1
1271421,1
1025195,6
1179507,5
1146584,3
1115317,4
1132810,4
1214185,6
1322659,4
1104084,6
1056723,3
1055229,1
1083916,1
1324961,5
1212454,6
1286511,6
1189008,1
1027152,4
1037368,6
1207844,3
1285957,3
1170966,3
1157466,1
1191455,4
1137725,5
1181394,4
1205068,3
1042544,5
1062817,4
1178066,6
1098189,4
1272470,5
1004460,6
1049678,4
1149276,6
1155991,4
1107107,3
1294205,5
1170591,3
1309201,3
1189203,1
1121598,6
1119397,1
1185806,6
1313238,4
1004140,6
1280098,3
1209105,6
1260602,4
1300808,4
1302208,4
1218593,1
1225488,6
1274521,5
1055682,4
1295724,6
1196314,5
1289663,5
1109299,6
1296052,6
1182509,5
1201471,4
1107080,5
1278988,6
1196708,3
1092222,6
1219637,3
1277314,3
1101767,6
1242290,5
1152680,4
1012827,6
1117271,6
1281330,3
1222101,1
1068626,5
1251363,6
1178125,3
1145997,6
1246656,6
1013926,4
1031278,3
1215752,6
1288713,4
1225106,1
1324491,6
1075354,5
1115959,5
1089850,4
1030315,3
1318238,3
1127808,1
1072997,4
1138634,1
1254925,5
1013015,3
1236145,1
1298520,3
1067853,3
1199563,5
1030805,1
1188886,5
1238579,4
1259746,1
1200777,3
1255808,4
1108127,3
1153371,5
1159234,5
1108864,4
1140979,6
1182027,6
1216814,3
1310172,1
1269573,1
1243744,1
1130383,6
1143147,5
1305649,4
1057263,6
1134715,6
1065624,4
1042958,6
1116008,3
1007483,4
1322118,6
1191830,6
1290573,4
1105959,5
1048689,6
1210381,1
1169860,3
1083564,6
1164652,5
1170214,5
1029187,6
1176049,3
1000079,5
1077642,4
1238163,4
1101191,3
1169604,4
1222454,3
1301166,4
1103666,5
1156861,5
1035695,5
1265825,3
1279514,5
1132702,6
1099345,5
1115466,6
1217317,5
1091830,5
1148080,1
1261960,3
1165563,4
1108368,4
1276897,3
1059797,6
1075674,1
1099996,6
1216667,4
1314359,3
1225678,3
1085178,4
1228775,4
1279987,3
1261473,3
1104252,1
1007505,1
1194009,6
1242980,5
1168914,3
1003410,6
1154437,5
1038497,4
1123197,4
1262222,3
1210358,4
1030225,4
1184272,6
1158381,3
1249770,3
1054876,1
1002831,4
1141053,4
1016831,3
1145203,4
1078114,6
1053945,5
1315131,4
1102903,1
1034468,1
1046033,4
1306166,4
1187975,4
1261242,3
1187189,6
1165867,3
1287180,6
1324129,6
1263318,1
1275544,6
1108493,4
1116403,1
1229054,6
1091875,1
1055445,5
1213965,5
1106338,1
1231152,3
1289033,6
1177378,4
1311788,4
1064126,6
1214950,3
1214529,3
1134344,6
1210761,3
1228918,4
1146049,3
1101260,5
1231304,3
1082388,4
1168710,1
1185576,4
1159427,6
1290997,6
1026656,6
1062275,3
1312252,3
1286867,6
1170840,3
1105143,4
1156331,4
1151109,6
1106196,6
1041909,5
1190308,3
1283423,3
1268778,3
1313087,3
1202693,5
1164161,3
1279565,5
1281035,3
1227649,3
1012293,3
1075849,3
1019236,3
1180210,6
1049776,6
1202824,6
1005695,6
1028529,6
1306717,4
1105368,6
1104392,6
1154952,1
1130504,3
1106487,5
1137436,1
1321211,3
1222881,1
1073593,1
1307878,6
1114845,6
1165700,3
1256080,1
1153787,6
1107443,4
1135404,5
1303395,3
1281464,4
1042597,3
1118389,6
1263818,3
1187948,3
1189100,3
1045696,3
1210451,3
1281844,4
1143648,1
1012156,3
1305964,1
1060685,6
1028429,4
1300512,5
1196726,6
1251158,3
1232658,3
1217623,6
1169975,5
1028876,4
1042493,6
1109122,1
1295889,6
1055270,1
1160053,3
1258481,5
1283728,6
1249853,3
1171610,6
1102825,6
1143986,3
1051449,6
1147986,3
1142942,6
1142419,6
1185678,6
1257026,1
1208721,2
1042745,4
1085582,1
1218908,4
1112343,5
1207782,3
1133823,3
1030719,6
1053852,3
1076707,6
1316844,2
1283708,3
1024305,4
1153681,1
1178342,3
1259400,4
1061664,5
1263674,3
1044151,6
1021340,6
1178831,3
1322441,4
1281991,5
1095638,6
1318065,4
1228700,3
1195054,6
1079083,3
1255702,6
1206978,6
1125942,6
1027605,5
1065276,1
1175097,5
1081832,4
1094354,1
1140516,4
1025759,6
1123547,4
1234151,3
1283107,5
1052480,1
1293397,5
1163078,6
1110791,5
1130358,3
1198657,5
1071718,6
1171104,6
1224216,4
1234721,3
1110335,6
1143293,4
1177302,3
1146430,3
1005002,3
1235748,5
1113244,1
1146935,6
1319231,1
1260468,5
1012542,1
1282997,6
1185590,1
1312292,4
1006800,1
1213402,5
1230448,6
1043454,5
1007050,1
1133577,5
1144409,3
1090268,6
1058178,3
1299749,1
1014625,4
1315532,6
1109726,3
1125862,3
1023941,4
1192092,3
1241478,5
1031680,6
1114160,2
1120510,4
1122280,6
1266883,4
1000874,5
1026426,6
1263896,6
1025379,5
1282409,3
1313710,4
1095378,4
1323309,5
1228533,3
1062755,6
1281349,3
1071443,3
1254273,3
1136124,4
1087895,1
1191466,3
1281285,3
1010655,6
1142608,6
1194934,6
1172498,1
1151317,1
1178556,3
1165556,5
1166781,4
1037105,6
1014454,6
1024530,1
1075072,5
1123612,4
1185573,6
1258567,3
1037128,6
1274351,6
1225738,6
1130473,3
1084418,5
1280799,3
1260031,3
1171879,5
1088213,6
1283186,3
1270535,3
1325360,7
1254233,4
1147150,1
1195684,6
1320207,5
1152856,4
1008024,6
1030313,3
1122160,1
1246953,4
1091587,3
1292146,6
1160743,6
1188517,4
1269287,4
1060029,4
1145740,1
1090158,4
1242723,3
1050601,1
1114200,4
1262552,2
1224252,1
1312230,6
1147125,3
1142247,3
1213960,2
1026561,3
1242865,4
1194182,6
1173563,3
1264595,6
1159218,3
1256515,3
1107567,2
1042104,1
1309151,1
1239782,3
1102222,5
1159586,4
1261135,1
1225817,3
1155863,3
1059924,3
1171267,6
1211603,4
1013336,1
1262490,4
1089561,4
1031719,4
1241655,6
1270021,6
1217892,5
1082770,5
1313256,4
1295402,4
1153315,6
1016689,5
1128384,1
1308894,6
1181893,5
1127980,3
1131529,3
1137782,1
1297094,5
1180775,4
1085839,6
1254447,1
1295644,1
1125567,6
1050334,6
1296183,6
1127795,5
1140065,1
1118705,6
1168272,6
1036527,3
1223321,6
1051620,3
1289896,4
1169755,5
1187339,3
1316582,4
1019963,4
1045647,3
1134308,5
1148876,5
1158257,6
1019163,6
1238698,6
1243236,4
1318202,4
1076824,4
1308158,5
1177804,5
1048053,6
1290667,3
1136025,3
1086034,3
1146319,6
1042570,5
1022452,3
1028163,5
1010594,6
1218521,3
1130481,4
1184394,1
1016295,5
1158839,1
1033212,1
1158232,3
1316048,5
1286151,5
1046613,1
1315518,6
1287828,4
1031487,4
1201794,3
1187816,6
1305481,6
1287695,3
1049045,5
1265893,3
1235990,4
1290009,6
1032360,6
1056775,3
1139775,5
1057804,6
1303849,3
1276750,1
1149752,4
1217741,4
1214509,1
1232082,6
1308827,3
1190505,6
1298964,6
1113648,3
1028628,3
1193356,6
1249282,6
1146492,2
1281226,6
1194619,5
1313771,3
1081520,5
1197580,6
1060678,6
1034909,6
1154193,3
1211219,3
1040143,6
1182430,5
1260010,5
1236279,3
1267938,4
1071898,4
1280708,6
1198059,4
1093292,6
1080737,3
1222130,2
1084075,3
1293370,4
1188334,3
1214448,4
1247381,3
1006028,3
1296618,5
1120471,5
1035319,4
1044057,4
1153260,3
1037807,3
1054772,1
1003459,4
1124244,4
1177969,2
1009991,3
1043570,4
1116711,3
1298684,2
1227273,4
1277248,3
1278323,5
1083838,5
1116479,1
1174458,5
1081966,4
1146614,3
1322172,6
1039332,5
1192067,4
1043502,3
1182620,6
1028662,6
1052024,2
1216415,5
1196104,4
1025819,5
1307648,4
1287941,4
1112937,4
1092338,3
1055154,4
1047761,3
1307700,3
1038679,4
1214704,4
1074479,4
1267667,5
1293193,3
1084552,4
1014052,5
1315037,6
1145068,6
1096758,4
1298786,6
1074092,5
1104747,4
1037252,7
1138196,3
1195035,3
1317498,5
1084316,5
1171785,1
1144129,1
1176570,3
1253597,5
1279521,3
1272417,4
1150647,3
1090558,6
1159958,4
1068233,3
1321461,6
1012321,1
1129263,4
1262320,3
1152292,5
1227933,6
1271823,3
1292189,4
1303065,6
1047795,5
1257587,1
1114575,6
1081421,6
1170225,4
1262030,6
1296595,6
1037120,4
1321880,4
1219610,1
1229947,5
1071346,3
1175276,6
1040743,6
1176900,6
1287036,3
1187762,6
1013619,4
1158125,5
1194689,4
1188310,6
1039617,3
1107412,3
1157490,3
1244761,3
1023667,4
1289022,3
1125594,2
1275710,3
1123994,5
1188740,3
1235660,1
1314323,4
1300597,6
1154512,6
1305026,3
1085485,5
1319545,6
1230530,4
1119136,4
1162279,3
1057151,3
1316869,5
1148741,1
1172585,3
1312537,6
1198709,4
1062777,4
1213212,6
1085239,4
1260088,5
1249267,6
1029633,6
1098423,3
1234608,5
1041734,5
1067829,6
1276086,6
1304876,3
1045712,3
1221243,6
1323649,5
1172567,6
1254812,4
1079369,5
1261239,4
1002448,3
1056315,6
1107491,3
1313069,1
1008141,3
1144161,4
1200652,4
1256238,6
1110006,3
1084030,5
1226039,3
1054236,4
1025349,6
1183491,5
1169320,3
1325449,1
1249927,4
1167964,1
1072202,5
1052034,6
1100048,5
1110832,4
1104928,3
1062595,3
1305136,3
1205029,5
1054962,1
1190120,5
1198384,5
1199750,3
1146564,6
1047197,6
1097774,3
1225383,6
1099632,6
1225598,5
1023820,6
1039206,3
1254852,6
1309200,3
1161391,4
1116771,4
1235146,1
1171315,4
1056235,1
1086102,6
1024245,3
1238485,3
1071317,4
1213152,1
1049199,5
1033821,6
1092409,6
1048111,6
1294332,3
1000393,3
1029944,1
1284424,3
1068821,3
1195740,1
1116170,6
1179845,5
1275906,4
1109212,4
1039026,3
1026195,4
1319203,3
1159780,5
1253299,3
1202751,6
1054385,6
1171384,6
1022122,6
1011632,5
1237128,6
1295946,1
1007202,4
1272251,3
1018846,6
1040946,5
1216037,6
1012488,1
1209164,5
1053197,5
1295307,5
1138468,4
1290086,6
1283920,4
1091987,3
1262276,4
1061318,3
1289453,1
1000718,6
1172680,1
1317901,3
1109054,4
1311866,4
1269350,5
1021570,5
1057815,3
1267571,3
1254421,3
1231632,3
1215795,6
1086761,6
1251735,4
1211089,3
1230303,5
1169792,4
1298303,3
1027889,1
1028919,4
1108108,4
1064693,3
1049139,4
1103439,3
1197396,6
1286483,4
1129189,3
1295044,1
1103925,4
1006979,3
1130143,5
1289103,3
1068590,1
1205430,3
1004283,5
1122779,1
1247486,3
1012083,6
1180801,4
1121728,3
1288966,3
1198609,5
1149714,6
1246554,3
1282244,3
1292974,6
1190244,3
1214260,6
1228311,3
1107617,7
1272464,5
1246293,2
1180512,4
1171859,5
1149223,1
1315375,3
1113472,6
1045552,4
1223735,3
1053655,3
1279589,3
1080567,4
1313471,3
1074739,5
1041147,4
1314825,4
1069977,6
1107494,5
1094882,6
1162119,5
1149458,6
1232568,6
1218960,5
1025136,5
1063767,4
1313005,6
1170090,1
1021858,4
1266182,1
1004718,4
1007384,6
1183178,4
1222349,5
1039518,6
1232218,1
1043993,4
1200644,5
1123250,4
1068275,4
1017499,1
1073020,3
1324562,6
1201789,6
1076200,6
1114915,6
1091962,4
1321688,3
1208188,4
1136118,6
1318395,3
1141232,3
1012062,3
1290267,4
1288551,4
1147242,6
1224473,1
1150909,4
1196681,4
1288332,3
1236552,5
1276316,4
1199021,3
1189364,6
1176078,6
1226922,1
1152101,4
1321816,5
1133037,4
1087277,1
1238796,1
1255754,1
1128643,4
1079339,3
1306125,3
1136434,4
1260621,3
1310531,5
1079257,3
1150988,6
1037378,4
1206307,1
1198108,4
1234292,4
1079640,5
1267908,6
1051507,1
1084598,2
1230429,6
1021492,3
1005113,6
1001816,3
1005261,4
1066468,4
1094445,1
1055435,6
1064083,1
1087698,3
1251151,5
1070675,5
1241783,3
1155669,5
1093947,5
1296578,4
1255455,4
1196233,6
1073404,4
1315994,5
1246980,3
1133921,6
1059304,6
1020315,6
1213775,6
1040001,6
1059299,1
1005425,4
1312859,4
1174176,4
1069032,6
1281712,5
1035446,6
1183716,3
1117596,1
1015310,3
1067386,6
1204498,6
1265390,1
1003735,3
1073284,4
1122643,4
1200681,6
1183181,6
1135557,5
1060789,5
1153101,4
1023332,1
1013906,1
1015699,3
1030545,3
1212703,6
1207845,4
1245768,4
1195339,6
1064559,6
1203236,5
1241781,3
1144186,4
1014801,5
1320235,5
1187966,3
1129802,4
1068583,6
1180937,6
1291586,4
1248545,6
1320557,3
1126087,6
1148909,1
1232984,6
1242869,3
1125576,1
1148917,6
1113054,6
1302307,6
1122416,5
1028107,1
1288646,3
1058498,4
1222610,3
1253638,6
1215943,4
1095714,5
1094247,5
1153823,6
1237995,7
1281356,1
1015185,4
1277580,5
1147683,4
1232226,2
1288599,5
1081749,6
1024717,6
1126528,3
1143707,4
1179561,5
1058250,3
1080615,6
1262875,6
1197032,3
1207564,3
1202181,6
1182426,5
1268227,5
1136193,5
1048522,5
1085350,5
1212245,5
1092699,3
1203096,5
1224031,6
1309232,5
1041569,4
1137717,6
1124390,4
1039423,4
1089744,6
1301290,4
1025219,6
1182238,6
1129470,6
1310512,1
1132813,6
1035363,5
1312232,3
1306873,4
1016478,6
1262745,6
1104002,5
1248745,1
1091969,4
1296293,4
1052996,6
1125766,4
1318194,5
1043992,1
1041249,4
1094503,4
1118300,3
1136576,4
1294387,4
1206213,6
1177396,6
1066231,5
1296622,1
1191712,5
1177216,5
1106981,5
1224875,5
1025881,3
1259886,3
1004531,3
1178975,6
1211887,5
1264728,3
1252591,4
1081731,6
1215881,6
1285657,6
1034851,4
1052104,4
1013672,5
1019652,6
1175491,5
1065245,5
1071188,6
1144097,3
1263675,3
1011873,4
1097320,3
1238241,1
1101956,4
1220341,5
1277877,6
1021905,4
1253428,1
1122249,6
1231917,1
1199862,5
1097443,3
1164481,1
1012578,4
1243034,5
1004065,6
1192536,6
1106148,6
1045540,6
1202336,5
1278623,6
1242374,4
1233481,6
1227112,4
1070246,6
1192253,5
1063387,6
1122991,6
1133127,6
1215469,3
1287374,4
1323464,3
1305579,6
1298336,6
1089951,6
1262340,4
1171690,4
1310770,6
1017403,3
1250757,6
1284197,6
1171848,3
1153359,3
1170594,5
1308250,3
1042959,6
1205656,6
1221131,4
1104711,3
1292406,6
1162096,4
1301605,4
1189124,1
1219049,3
1064290,5
1129704,5
1251939,1
1230401,1
1036295,3
1043757,1
1022618,5
1173657,1
1177829,3
1025943,6
1127251,6
1120275,1
1318585,3
1232035,6
1148543,6
1305638,6
1232102,3
1251905,4
1282643,4
1241142,6
1276095,6
1182049,3
1323976,7
1242551,5
1194722,3
1284526,5
1115946,3
1249095,3
1206882,6
1100668,4
1237861,1
1112513,6
1036782,4
1082774,5
1195034,1
1022188,4
1121001,4
1319992,4
1187265,6
1167202,6
1190452,4
1245614,4
1220179,5
1085203,5
1127109,3
1185772,6
1316567,5
1230260,6
1244990,6
1223763,6
1081358,6
1108144,3
1182708,3
1253507,5
1000695,3
1160274,3
1146328,6
1160711,5
1075462,4
1257862,4
1178804,4
1292900,6
1314217,3
1133177,6
1227107,4
1170387,4
1121981,6
1146673,3
1158027,3
1177961,6
1085554,6
1133607,6
1172474,1
1160839,3
1229934,4
1040299,5
1133680,6
1088360,6
1201004,3
1263940,3
1182598,4
1011304,4
1049472,4
1311530,4
1041334,4
1301977,5
1184328,6
1263546,4
1048595,4
1319500,2
1080232,6
1194678,6
1042527,6
1195840,3
1182489,4
1033776,5
1308949,3
1047580,4
1221098,5
1304330,3
1186150,3
1299885,3
1051417,3
1065843,5
1183381,7
1101114,3
1068606,3
1296905,4
1286591,4
1099537,4
1129619,4
1316259,3
1293949,5
1148321,4
1104599,5
1302608,4
1257623,6
1049887,4
1106216,1
1046852,6
1014861,4
1054043,1
1292365,4
1138626,6
1028865,4
1219177,6
1188078,1
1285339,5
1176917,4
1147272,1
1004902,4
1077079,4
1283678,3
1252080,3
1027274,6
1092485,6
1243991,6
1006692,3
1044001,4
1208021,4
1060787,5
1052132,5
1317445,1
1044997,4
1196703,6
1120791,4
1258851,4
1200535,4
1143273,1
1124857,6
1298601,3
1022194,4
1224140,1
1312459,6
1275139,4
1227721,6
1254456,3
1062126,6
1303162,4
1277512,5
1044849,5
1235304,3
1136026,1
1148780,4
1268512,5
1245116,5
1229785,6
1318845,6
1165617,4
1312624,4
1076920,1
1311292,3
1191357,3
1130170,4
1004407,6
1036484,3
1073542,6
1017939,5
1095399,5
1211801,3
1125164,5
1245547,4
1216172,5
1091149,5
1185241,3
1168300,4
1005269,3
1294193,3
1238487,5
1210502,3
1299567,1
1192340,4
1164406,4
1146461,4
1038432,3
1100437,1
1146595,4
1002677,4
1306144,5
1017103,4
1305874,5
1258616,3
1067928,1
1092634,4
1047924,3
1069416,3
1267325,3
1207073,3
1207919,5
1095455,3
1242278,6
1032530,5
1309554,6
1007620,3
1223310,4
1152521,4
1155935,3
1120381,4
1283709,5
1283236,4
1108076,5
1200597,3
1202793,1
1283951,4
1111779,5
1056258,3
1202193,3
1161687,1
1314108,6
1129075,3
1207183,4
1132882,3
1099025,6
1065898,1
1289028,4
1037229,4
1020808,6
1153537,3
1249564,1
1147977,1
1174882,3
1135938,5
1168379,1
1090362,6
1184521,5
1236936,4
1237947,5
1054222,3
1121518,3
1064460,3
1165978,6
1090571,6
1208577,6
1273563,6
1152231,5
1092115,6
1090618,6
1304468,1
1217713,5
1081800,6
1005468,1
1166065,6
1214522,1
1271285,3
1275717,3
1138130,6
1186835,4
1305631,4
1107798,3
1036227,3
1117920,6
1136571,4
1140649,4
1031721,5
1165247,6
1173408,3
1121365,4
1040890,3
1030130,5
1305782,4
1171462,1
1037154,6
1092355,4
1168769,5
1069828,3
1090298,3
1119395,3
1169859,1
1200038,5
1109516,3
1217537,6
1250909,3
1092682,4
1179100,3
1219183,5
1172598,6
1226215,4
1058488,3
1195797,6
1042955,5
1031204,1
1207794,6
1026617,5
1211962,5
1033556,6
1144363,5
1244855,3
1192870,6
1226973,4
1074219,5
1293917,6
1316462,3
1121997,5
1248530,1
1024813,6
1136204,4
1021130,6
1113152,3
1315400,3
1182043,6
1298280,1
1078392,5
1249321,3
1117372,4
1109359,6
1013803,5
1009327,4
1235744,3
1312594,4
1141823,1
1279744,3
1068686,1
1091725,1
1143860,3
1260305,6
1223805,6
1267906,4
1095975,3
1236294,5
1321172,5
1291139,3
1008236,4
1143982,6
1157130,4
1206630,2
1312983,1
1116238,3
1132946,6
1279935,4
1149911,4
1280435,4
1051378,1
1277170,5
1104611,4
1291799,4
1321732,6
1181119,4
1212509,2
1293074,4
1214625,5
1209529,6
1092214,4
1102697,6
1321422,3
1095388,3
1047911,6
1219351,6
1190571,6
1053466,3
1143586,4
1278667,6
1274520,4
1257332,4
1199907,4
1264942,3
1212574,3
1139339,6
1075386,4
1068330,6
1141497,3
1117718,6
1152554,3
1184872,4
1205661,3
1166635,6
1098597,3
1268124,1
1122144,6
1186275,5
1218754,6
1152426,3
1244113,3
1019576,6
1238816,4
1157072,5
1268529,5
1015034,5
1172209,1
1114227,5
1019478,4
1119558,3
1232669,3
1203161,6
1147312,6
1067878,4
1003607,5
1130178,1
1022397,3
1008700,1
1109658,6
1018555,6
1202834,6
1157427,6
1294336,5
1135497,6
1181766,3
1233615,6
1143894,5
1138405,5
1254548,3
1226591,6
1043627,6
1130713,5
1287761,3
1058092,1
1238223,6
1057861,1
1302247,3
1234446,1
1053184,5
1177267,5
1280261,4
1311452,6
1225213,5
1084807,6
1228294,3
1091616,6
1073366,4
1081816,6
1258385,4
1144995,1
1038299,1
1195537,6
1213806,1
1041434,4
1318855,3
1056128,5
1285989,5
1256816,3
1318393,6
1306634,6
1113646,6
1267208,1
1061875,1
1213179,1
1107038,6
1211626,3
1235395,6
1265243,6
1094040,1
1038598,3
1211591,6
1094069,3
1297757,1
1106763,3
1109248,3
1168911,3
1099070,6
1192433,6
1283027,1
1076623,6
1045873,5
1291752,4
1083736,6
1068814,6
1140231,6
1171303,4
1194155,3
1200375,4
1113725,6
1210728,4
1127084,5
1034563,3
1105610,6
1158288,3
1255296,4
1274068,6
1120622,3
1285958,1
1085524,3
1089014,3
1029737,5
1141395,4
1267808,5
1268335,6
1175394,5
1173178,6
1276432,3
1215634,5
1285016,6
1286004,3
1011305,3
1180906,6
1036397,4
1223770,3
1112999,4
1018761,6
1236432,5
1263464,1
1007766,3
1067438,3
1106261,4
1180076,6
1088644,3
1110614,3
1090914,6
1241334,6
1191775,4
1207986,5
1267593,5
1083759,6
1263722,4
1192485,6
1249698,5
1186980,3
1195847,4
1062249,3
1121679,3
1230871,3
1275402,4
1276291,3
1276033,1
1231653,3
1200320,4
1145007,4
1294454,5
1151899,1
1256184,1
1196212,3
1088599,3
1281066,1
1183941,5
1077109,3
1212964,7
1002180,6
1107132,1
1107311,5
1149865,5
1194029,5
1277431,1
1021341,1
1291791,6
1139127,3
1246198,4
1118837,6
1313106,5
1046344,1
1213259,5
1172912,2
1086041,6
1239705,3
1265491,1
1205733,3
1126233,3
1083776,6
1240375,4
1257984,5
1100809,1
1125613,3
1231971,3
1323142,3
1200763,5
1133247,3
1053372,3
1094025,3
1255871,1
1115477,6
1000021,4
1064069,3
1066987,3
1044080,3
1206396,6
1319157,4
1186350,5
1267576,6
1292946,3
1133970,2
1107651,6
1148931,4
1319352,6
1019826,1
1188435,6
1211118,3
1323917,4
1317610,5
1229955,3
1011263,5
1147874,5
1124650,6
1171071,4
1092096,1
1229317,1
1285163,4
1124158,5
1267174,6
1312204,4
1295663,5
1164198,4
1083524,4
1079949,6
1013005,6
1017863,6
1115398,5
1020123,4
1036148,6
1285812,1
1006596,5
1267520,6
1114436,4
1190365,6
1195996,6
1189873,5
1150951,4
1131366,4
1180617,4
1056711,6
1031508,3
1175285,3
1195251,6
1091179,3
1254664,5
1165236,6
1142337,6
1080989,3
1051697,4
1139312,3
1020550,6
1168759,1
1192797,4
1125469,4
1263471,3
1090570,4
1082054,3
1285729,1
1043682,5
1016595,1
1129351,1
1175576,6
1309520,4
1309957,4
1003681,3
1132725,3
1273374,6
1307828,3
1244435,6
1061598,6
1176283,4
1056603,6
1177443,1
1192481,6
1048700,4
1002588,4
1140071,4
1294206,4
1179872,6
1059222,4
1321168,4
1206228,6
1206275,1
1130840,4
1151545,3
1110348,6
1056630,4
1241797,6
1267313,4
1164219,6
1265924,6
1100840,3
1102535,5
1095402,6
1147631,5
1038437,6
1000073,4
1035248,3
1120142,1
1023200,3
1313951,5
1213583,6
1217023,6
1160282,1
1040019,5
1166891,6
1199597,5
1209707,5
1121098,4
1280000,3
1245379,3
1150034,4
1172131,3
1184209,4
1244780,6
1277629,6
1133676,1
1018509,5
1212530,5
1212913,1
1255193,1
1240533,5
1199355,6
1086056,5
1184343,5
1035913,4
1127388,4
1180916,5
1041467,4
1022254,3
1237202,4
1310535,4
1088274,5
1085083,5
1298968,6
1172069,1
1024218,3
1204460,4
1181267,6
1061957,3
1081686,4
1305366,3
1195068,6
1042907,4
1319607,6
1198458,3
1072263,4
1023457,4
1055977,2
1202017,3
1163715,4
1324511,5
1178615,6
1056601,1
1222747,1
1139177,3
1142631,4
1187282,3
1028965,5
1084526,5
1287267,6
1123080,5
1025113,4
1116553,4
1313795,4
1142976,3
1191442,6
1245084,3
1149325,1
1229657,4
1051336,6
1279652,1
1294989,6
1121144,1
1015213,5
1291491,4
1053219,6
1282884,3
1270555,3
1061106,4
1018662,4
1135134,3
1092213,3
1256540,6
1259910,1
1019680,3
1076276,5
1121629,5
1160089,6
1037064,4
1320465,1
1232058,4
1080011,3
1259088,4
1241426,4
1112558,6
1029015,5
1162379,6
1150592,4
1243041,5
1095822,1
1305896,5
1270875,4
1027036,3
1066048,4
1248189,6
1246983,5
1283246,6
1312608,5
1048291,4
1246166,4
1039486,6
1174964,1
1098210,3
1319353,3
1152921,3
1016586,6
1134964,6
1091590,3
1236297,4
1057357,3
1089294,6
1022241,3
1249502,4
1217569,6
1088632,6
1308745,3
1288432,3
1029512,6
1071602,5
1153972,6
1193019,4
1077316,3
1088527,4
1268024,5
1042170,1
1017258,6
1316577,6
1284461,5
1040083,4
1257289,6
1114240,3
1301705,3
1039267,4
1066185,5
1054794,4
1002512,3
1240539,3
1317866,1
1199729,6
1052822,6
1067916,6
1002948,1
1133318,6
1157393,4
1157371,5
1212505,1
1152903,3
1023821,1
1295014,4
1244668,5
1008861,6
1002266,3
1174014,3
1032857,3
1237251,4
1049902,5
1205296,6
1293076,6
1231165,6
1066018,1
1120147,6
1002340,2
1091219,3
1294050,6
1175777,3
1104065,3
1256877,3
1275606,4
1014897,6
1106164,3
1116148,4
1060764,3
1295118,1
1166885,5
1296190,6
1140668,6
1140807,5
1155845,5
1078970,4
1018736,6
1238284,4
1106401,6
1039978,6
1314695,6
1176064,4
1128499,4
1302906,1
1088263,3
1290418,6
1242363,6
1089337,1
1281167,3
1295400,4
1294543,5
1029148,5
1294024,6
1250263,1
1156021,6
1258577,3
1131894,4
1216168,5
1101847,1
1070347,4
1322675,3
1225744,4
1218972,3
1273646,3
1064061,3
1197381,3
1140374,6
1299089,6
1143524,6
1306025,5
1266498,5
1198745,4
1316010,1
1066432,3
1072187,3
1035419,6
1226006,6
1223752,4
1186056,5
1047482,3
1086150,1
1254905,4
1167072,6
1027351,1
1005191,5
1002977,5
1040596,4
1139774,6
1260489,5
1279023,1
1027324,4
1085275,5
1158000,4
1133882,4
1178195,3
1267103,4
1117945,1
1123139,3
1013587,5
1297046,1
1057667,6
1156098,1
1003801,6
1249498,5
1093815,5
1265069,6
1084064,3
1048098,6
1014886,3
1078673,5
1034558,5
1017870,3
1102360,3
1097326,3
1191898,4
1122042,6
1314849,3
1299768,1
1251360,4
1302380,4
1134432,3
1283943,3
1176987,1
1215256,6
1122477,1
1292303,6
1112561,4
1075420,4
1027110,6
1237758,1
1267333,5
1158758,6
1036046,6
1112219,3
1198046,6
1049132,6
1157253,4
1263005,3
1272258,1
1190694,5
1253773,4
1151687,6
1121517,6
1061187,4
1298431,6
1135312,2
1175476,3
1025274,3
1207881,3
1117093,4
1171898,5
1322133,3
1180965,5
1294017,3
1202357,4
1145330,6
1010994,4
1222651,3
1255441,4
1254354,3
1024888,6
1066584,1
1267483,4
1293014,3
1294733,5
1248460,3
1095391,5
1072297,1
1070949,3
1053724,6
1124565,6
1232381,6
1324226,6
1287485,4
1269374,6
1142460,3
1068505,6
1043405,6
1292524,4
1009511,6
1155220,4
1118473,4
1142349,4
1222292,6
1122788,1
1318325,3
1116552,6
1255329,4
1187800,1
1238634,4
1120508,5
1059716,3
1281738,6
1157796,5
1123851,4
1064570,4
1288826,5
1092411,6
1213336,6
1232359,3
1199533,5
1272534,3
1120828,6
1289086,4
1017712,6
1098363,3
1194850,1
1081185,6
1265133,4
1154494,4
1145699,5
1025121,1
1132006,3
1252593,3
1249543,2
1022010,6
1146192,5
1011045,3
1177395,6
1244269,6
1152186,6
1053784,3
1004235,5
1291197,5
1057454,4
1264362,5
1128883,6
1307002,5
1273461,1
1197684,1
1044024,1
1109352,1
1103582,4
1280473,5
1320649,3
1031897,5
1026670,4
1033679,6
1001714,4
1233772,1
1008574,6
1298705,1
1006711,3
1212800,4
1298513,1
1150691,6
1038140,4
1288324,6
1070917,4
1114204,4
1255954,1
1257159,4
1307151,3
1123113,6
1005329,5
1307101,6
1310117,6
1008065,5
1323527,3
1260642,4
1301453,6
1014196,4
1114510,3
1147846,6
1072344,6
1268658,3
1135194,5
1102003,6
1063615,3
1026259,3
1134531,4
1127846,4
1194324,3
1204487,4
1180836,1
1108624,3
1041857,5
1186108,4
1264477,4
1013749,6
1260118,3
1193901,4
1293286,6
1160786,5
1260551,3
1227813,3
1032260,1
1300416,1
1321581,1
1063161,3
1305443,5
1102967,6
1286453,5
1141970,4
1187404,6
1192813,6
1076774,4
1297581,4
1210839,3
1164540,6
1127598,6
1285945,6
1016430,4
1160198,4
1083206,5
1060108,3
1279483,6
1233011,6
1059822,5
1119404,3
1304733,3
1149852,3
1153177,3
1251453,4
1242357,4
1047869,3
1171931,1
1038203,4
1078287,5
1027523,4
1321147,4
1292913,1
1006534,6
1110375,6
1161713,3
1028698,6
1308406,6
1017540,3
1165525,4
1193447,5
1073875,5
1030027,6
1167513,6
1143958,1
1183585,5
1320996,6
1178455,1
1233624,1
1085450,6
1205629,1
1228278,3
1132542,4
1150379,6
1135212,1
1016917,4
1129237,4
1290372,1
1009340,4
1229802,6
1191358,1
1075297,4
1039825,3
1131439,5
1031578,4
1290744,4
1284576,1
1256734,5
1222949,3
1151383,5
1285425,4
1100615,1
1075244,2
1058194,5
1183537,4
1127358,1
1003236,6
1314573,4
1080309,3
1002449,1
1232771,6
1137632,6
1091873,4
1250916,6
1210246,3
1011355,1
1219779,6
1012986,6
1163489,6
1023602,6
1220985,4
1058126,3
1079030,3
1042201,1
1019044,1
1023145,6
1294555,6
1201552,6
1297714,5
1242224,3
1061532,3
1202291,4
1268680,3
1104306,5
1239831,5
1313350,5
1102224,1
1270359,6
1165828,5
1090471,3
1017139,3
1023007,6
1109036,5
1198224,6
1224509,6
1075484,4
1162541,4
1110055,6
1037081,6
1034530,6
1191471,5
1181334,6
1183385,3
1011558,1
1018113,6
1183649,4
1020173,5
1028459,4
1130456,2
1069034,6
1246828,6
1149848,4
1184976,5
1040247,6
1034755,3
1046131,1
1131598,6
1121712,5
1199681,5
1040598,3
1134298,4
1268439,3
1280072,3
1005072,3
1194302,6
1136874,4
1111019,3
1038940,3
1026864,4
1111571,1
1014481,7
1218082,5
1025128,5
1079739,6
1265287,3
1117510,5
1146637,5
1314489,3
1082016,3
1047087,5
1129039,4
1192935,3
1321105,4
1027062,5
1054154,4
1005876,1
1214894,3
1285460,6
1064861,3
1146731,1
1302470,4
1064026,6
1249604,6
1036421,4
1221765,6
1104393,3
1241369,3
1313135,6
1063050,3
1310281,3
1172968,4
1022449,4
1191754,1
1004352,4
1000184,3
1051461,3
1100964,1
1141720,4
1046681,4
1305921,3
1021032,3
1199463,3
1173874,5
1260385,4
1085305,3
1117754,1
1177388,4
1170941,5
1243569,4
1213881,4
1254556,6
1140452,6
1114081,4
1063803,2
1281245,3
1044375,3
1211452,3
1009763,5
1021233,1
1027733,4
1219284,1
1140420,1
1177393,1
1194683,4
1051835,1
1137748,4
1188111,3
1109656,4
1127252,6
1213065,3
1256313,4
1077586,4
1072185,6
1165315,1
1011820,6
1260067,3
1281476,4
1161672,5
1198037,6
1048642,2
1209657,6
1266792,4
1075646,1
1310414,3
1165716,6
1083053,6
1136327,6
1028867,3
1116589,3
1001853,4
1248305,4
1023297,4
1016481,6
1163901,3
1174072,3
1279283,4
1080827,1
1265745,4
1126683,3
1039436,1
1087247,4
1100330,3
1309610,5
1203917,5
1276731,1
1294966,6
1180449,6
1175181,3
1154427,4
1290516,1
1130622,1
1231896,6
1279040,4
1001861,5
1137205,6
1064917,6
1126174,3
1023181,5
1241303,6
1139474,3
1146446,6
1102696,3
1302923,1
1155110,4
1214413,5
1122229,4
1049482,3
1249933,1
1054067,3
1136311,5
1282564,4
1109719,4
1140079,6
1014316,6
1091392,5
1141692,6
1262352,1
1052429,3
1162206,4
1324760,5
1178426,4
1246783,6
1322010,4
1014522,1
1066478,4
1253940,6
1298729,6
1228542,5
1206270,6
1322459,5
1188990,4
1137849,5
1182108,2
1062419,6
1228142,4
1141873,4
1296041,1
1092007,5
1174816,5
1181714,1
1023984,6
1113823,4
1058657,3
1297245,6
1067441,1
1200386,4
1278593,3
1238207,5
1039521,3
1254894,3
1266556,1
1225587,3
1282596,6
1247833,4
1186703,5
1172883,3
1052660,6
1220241,3
1200677,3
1125581,1
1139945,6
1116973,3
1120205,5
1237247,4
1193125,3
1114478,3
1112234,3
1164135,3
1129017,6
1193445,1
1230863,6
1072740,4
1193405,6
1021220,6
1054069,4
1161844,3
1216708,3
1005205,1
1144552,3
1258568,3
1317656,6
1061385,4
1097759,4
1256662,6
1025617,5
1040791,6
1250879,4
1062449,3
1157583,3
1282590,3
1249408,1
1257355,6
1013799,6
1044984,6
1312566,5
1220488,3
1014185,6
1112086,4
1175630,5
1154515,6
1036932,4
1229053,1
1038286,3
1161392,1
1115161,4
1000605,1
1268362,6
1217632,4
1222754,3
1273737,4
1233566,5
1192747,1
1272391,3
1245958,6
1009411,3
1265250,4
1236700,2
1008037,4
1056096,6
1056164,6
1141651,3
1072383,1
1051753,6
1124393,4
1044647,5
1105601,6
1302839,3
1297600,5
1264356,3
1275228,5
1121309,4
1189864,6
1000425,6
1185075,3
1266294,1
1203417,6
1055032,3
1237320,4
1253290,6
1218068,4
1293989,4
1080726,3
1316619,3
1008308,3
1011505,3
1279105,5
1206257,4
1305208,4
1051022,4
1308507,5
1226727,6
1013778,6
1185355,4
1241692,5
1247100,3
1061258,4
1235645,3
1234227,5
1207866,4
1205330,6
1123791,3
1169065,1
1232892,3
1042222,3
1147145,1
1245311,3
1112297,5
1047940,5
1133756,6
1214395,3
1317833,6
1126966,3
1320593,1
1296520,4
1299737,5
1174058,6
1325470,6
1175793,1
1049926,3
1182364,5
1230426,4
1111694,4
1275419,2
1256593,1
1024016,4
1147019,4
1162523,5
1103406,5
1046063,4
1057591,5
1078610,4
1293849,5
1164167,6
1094932,1
1256324,6
1201735,3
1068375,3
1273861,4
1305147,3
1309161,3
1029691,4
1117167,6
1234291,5
1163937,6
1265216,5
1132989,6
1190085,4
1313050,1
1035192,4
1184011,4
1039345,5
1074045,4
1049832,1
1080704,3
1253733,4
1136622,4
1196380,4
1044667,4
1300017,6
1047527,6
1065922,1
1121558,4
1290371,1
1218312,3
1285765,1
1151414,3
1005317,3
1120226,4
1159660,4
1163194,6
1110154,1
1149229,6
1245605,1
1065663,3
1028421,4
1184139,4
1276237,1
1270592,6
1224499,4
1175387,4
1186198,5
1280468,6
1205156,6
1043930,4
1239960,4
1057198,1
1046589,6
1271549,5
1003103,6
1243608,3
1235315,5
1132114,1
1125261,3
1306371,6
1239747,4
1297079,6
1319233,6
1194303,3
1248539,3
1045133,4
1096432,1
1291828,5
1070644,3
1299563,2
1181160,6
1191144,5
1221216,6
1020147,6
1125780,1
1031978,5
1158133,4
1163013,4
1157866,4
1086953,3
1308926,6
1140144,3
1118768,6
1266024,5
1209987,4
1195285,1
1230204,6
1254124,1
1184053,6
1305006,1
1047115,6
1118323,3
1069969,3
1201287,3
1120066,3
1151015,4
1216540,6
1155871,3
1256336,3
1172550,5
1205789,3
1074146,4
1241875,3
1251262,4
1025271,5
1080677,6
1291572,4
1231552,4
1114509,2
1089736,6
1294171,4
1317821,3
1089188,3
1152715,3
1170736,3
1085697,3
1269719,3
1227299,3
1195341,1
1319287,6
1185184,3
1162220,3
1323106,4
1147909,3
1244336,6
1080784,6
1020845,6
1063251,6
1071372,3
1183967,4
1245338,1
1019287,3
1285090,1
1160860,5
1264926,3
1030630,3
1023433,6
1323828,6
1157876,5
1160963,6
1097093,3
1079938,3
1159984,4
1101750,1
1097873,6
1026608,3
1110113,4
1047034,3
1171154,4
1244646,3
1181462,1
1123599,4
1106941,6
1051282,3
1050084,1
1086393,6
1296139,4
1120610,3
1018444,6
1257574,4
1209290,5
1085868,1
1063844,3
1104680,6
1046249,4
1091718,4
1057851,3
1135520,6
1212366,3
1036257,4
1310235,4
1033237,6
1108943,6
1054300,4
1229183,1
1081386,4
1003030,3
1284109,4
1246714,6
1152786,4
1156893,6
1088912,3
1199293,5
1099795,3
1043393,4
1000935,4
1274449,3
1283447,6
1103150,5
1122513,3
1315617,4
1040508,3
1175615,1
1281519,6
1274496,3
1219661,3
1269354,3
1016175,1
1208589,3
1062562,3
1239640,6
1264781,6
1185364,4
1165718,3
1109534,3
1279481,1
1115090,3
1236738,6
1260992,6
1144942,3
1175787,3
1193789,5
1175250,5
1165246,1
1085762,1
1174307,4
1209373,4
1059487,3
1014112,6
1011465,7
1144994,5
1092703,2
1115687,4
1310342,1
1305883,3
1282422,6
1168817,3
1279806,6
1071628,3
1223799,4
1237574,6
1090475,6
1125590,1
1010435,6
1107359,3
1100184,5
1237568,6
1221910,4
1222391,6
1083282,6
1079436,6
1184100,1
1053291,4
1170851,1
1275271,4
1162667,3
1291329,1
1152380,5
1067051,6
1275428,6
1040856,4
1039393,6
1325661,4
1085314,3
1261887,6
1120442,3
1290445,6
1174678,4
1170134,4
1170964,3
1322559,4
1295198,1
1177345,5
1000360,1
1000908,5
1054972,3
1179434,4
1232185,4
1254388,6
1282885,6
1017396,6
1287219,1
1314580,3
1073397,5
1258707,6
1172236,6
1146118,4
1276696,3
1307518,6
1057736,3
1162305,6
1154251,4
1193601,6
1127313,6
1094290,6
1246866,6
1163600,5
1052364,3
1217591,6
1093225,6
1070375,4
1197535,6
1180886,4
1292834,4
1124104,3
1236139,1
1021103,6
1106619,3
1222545,3
1323860,5
1037761,4
1242716,3
1188504,6
1306587,5
1117324,1
1242863,3
1294666,4
1078244,5
1004969,4
1291652,6
1210149,4
1128950,3
1275752,3
1291213,5
1073700,6
1259861,3
1038327,1
1162102,4
1229144,6
1049897,6
1076044,5
1146720,3
1260694,3
1203832,4
1057067,6
1127904,4
1167708,5
1006868,4
1170706,1
1153573,3
1111816,6
1157481,3
1287094,5
1141247,5
1245419,4
1292284,4
1156539,6
1016104,3
1070337,2
1100169,5
1316884,3
1126427,6
1077736,3
1094366,4
1185900,6
1006124,6
1071749,4
1231752,3
1041141,6
1307867,3
1128344,6
1177270,6
1138814,3
1241308,3
1092526,3
1067022,5
1050543,4
1025773,4
1135274,5
1304883,6
1186761,5
1203993,6
1090456,5
1197459,6
1258444,4
1037418,1
1025093,3
1098887,4
1007076,5
1207451,3
1013859,5
1281400,6
1053221,4
1174003,1
1261529,4
1072493,1
1145261,6
1053405,3
1187516,4
1159597,5
1219968,4
1286412,6
1009321,6
1179094,6
1317415,6
1138437,3
1031497,5
1066911,3
1012778,4
1260518,4
1010347,6
1241264,1
1076968,4
1102263,4
1037449,6
1083494,1
1112614,6
1110948,3
1056041,3
1118128,1
1078417,3
1231389,3
1200837,5
1080588,4
1247916,6
1130977,3
1199281,3
1007334,3
1310566,5
1007537,6
1125394,6
1019201,1
1291173,1
1281143,6
1243862,6
1187014,4
1139849,6
1163808,3
1208041,6
1149660,4
1005841,6
1324496,3
1055440,1
1235879,4
1170311,1
1023046,6
1240788,3
1022113,1
1243042,6
1060559,6
1287258,6
1111997,3
1128812,6
1304123,4
1020460,4
1130858,4
1052986,5
1197556,1
1017137,1
1142998,1
1237840,3
1308026,3
1174719,6
1204926,5
1218882,1
1298469,5
1154828,1
1156433,3
1105180,1
1172138,2
1282890,3
1142629,3
1000010,5
1198737,4
1231738,3
1199398,6
1131128,3
1215099,6
1156774,3
1176226,4
1009876,3
1300106,4
1179004,5
1324923,1
1226827,6
1035185,5
1121973,1
1078914,3
1325013,4
1126261,3
1062661,6
1171123,5
1318121,1
1279320,1
1050747,6
1226410,6
1292520,6
1038281,2
1073087,6
1203806,1
1279256,3
1283739,5
1265431,3
1026959,6
1041862,4
1003948,3
1244822,6
1312104,4
1000277,1
1291106,5
1131025,4
1186931,5
1228963,4
1313187,5
1268457,3
1000551,3
1016940,4
1048178,3
1103211,4
1202825,4
1131489,5
1242153,1
1309875,5
1037402,6
1073432,4
1207493,1
1234404,6
1022145,4
1253529,4
1277019,3
1037540,3
1209641,1
1187641,4
1028055,3
1275566,6
1166673,4
1238646,6
1286247,1
1191173,5
1056326,3
1017449,1
1114871,6
1129890,5
1188750,3
1039567,3
1230642,1
1092389,3
1237865,5
1074401,6
1176108,1
1102520,1
1312629,6
1145994,3
1060571,1
1224110,5
1181832,6
1205194,3
1194375,4
1140701,6
1161643,3
1102417,6
1003843,5
1071169,3
1096422,1
1004568,1
1017854,4
1229518,3
1029185,3
1198367,6
1001624,6
1176930,5
1189783,5
1289114,6
1305310,5
1222521,4
1261109,4
1301824,3
1186527,4
1013263,1
1038540,4
1087542,6
1296895,5
1110929,3
1297737,6
1157638,5
1115726,6
1053349,4
1125288,3
1277684,6
1067174,5
1092435,5
1064856,3
1307699,6
1323519,4
1225758,6
1172855,4
1006133,6
1192792,6
1082441,4
1294945,4
1106671,5
1230841,1
1222740,6
1168955,6
1221099,4
1187639,3
1008797,6
1290728,5
1156114,5
1069892,5
1152113,5
1257705,3
1011928,4
1001305,6
1214760,6
1121692,3
1210373,4
1260308,6
1012467,5
1023994,5
1219712,6
1024819,3
1164003,1
1275023,6
1272835,4
1159113,3
1298232,6
1029293,7
1272247,3
1241251,5
1056929,4
1298689,5
1265742,3
1323092,5
1059668,3
1153600,5
1264872,1
1288856,3
1064421,4
1213473,5
1007105,3
1055283,6
1117480,4
1217813,2
1098075,3
1068941,4
1004897,1
1064124,4
1267617,1
1062735,3
1225465,4
1014741,4
1011603,1
1065255,5
1017957,1
1305516,6
1137165,5
1296783,5
1171900,4
1234222,1
1238918,4
1310205,6
1218126,6
1212784,5
1086241,3
1122819,4
1266823,3
1213191,1
1225908,5
1034154,5
1021726,3
1244119,3
1061528,3
1096054,5
1313648,4
1054606,3
1235071,1
1291647,2
1106030,5
1306647,5
1199340,4
1290362,4
1001412,4
1282587,4
1012222,5
1069698,1
1151359,6
1259832,3
1019098,3
1153970,1
1114870,6
1241849,4
1264561,3
1037442,4
1297184,3
1325698,4
1050062,6
1131210,3
1273652,6
1240808,3
1096754,6
1272961,4
1175162,3
1010892,3
1118033,3
1008973,3
1198039,3
1248411,2
1194033,4
1099530,4
1169961,6
1123597,1
1193175,4
1097072,5
1284416,2
1276624,6
1055248,3
1049540,6
1301117,4
1009485,4
1155891,4
1146802,3
1047358,4
1116874,5
1204028,5
1094439,5
1128279,6
1139103,4
1252966,4
1011293,3
1102086,3
1020094,6
1092665,6
1227045,6
1183652,3
1224145,4
1218198,3
1091250,1
1146948,3
1270857,4
1138552,6
1119508,4
1140517,5
1155451,3
1267164,1
1325666,1
1177361,4
1263664,3
1199746,4
1255885,6
1293395,3
1163158,3
1168262,6
1064036,3
1273306,6
1173523,5
1120809,1
1061137,6
1197012,5
1177198,6
1322526,3
1103509,6
1281325,3
1234329,1
1103615,6
1270588,6
1220477,6
1159864,6
1141814,5
1229736,6
1206095,5
1144862,4
1177164,3
1249098,1
1073960,3
1119840,6
1022301,4
1314895,4
1040674,4
1097829,6
1193195,5
1118034,4
1292969,4
1200834,4
1106825,6
1095035,4
1087740,1
1037118,3
1217669,4
1248692,5
1024599,4
1197716,1
1065929,3
1203495,6
1008734,6
1105785,5
1281781,6
1179747,6
1076061,4
1229580,3
1041673,6
1300050,1
1173835,5
1116519,5
1149625,3
1028248,3
1129646,6
1188901,4
1308371,5
1049503,4
1246747,6
1314468,6
1277407,3
1011754,3
1302356,3
1254406,6
1268477,5
1310509,6
1325306,3
1249522,5
1208995,5
1303970,6
1095801,6
1031834,3
1081211,6
1006438,3
1122220,3
1020409,5
1239530,3
1047532,6
1068247,4
1212091,6
1020682,4
1295330,3
1228405,4
1169585,6
1117459,4
1298652,3
1223981,1
1318527,3
1065060,3
1103838,3
1026546,3
1322614,3
1099908,6
1283885,1
1066700,5
1013406,5
1235346,6
1245878,1
1004003,3
1242505,3
1114589,3
1145350,1
1090720,6
1145509,4
1317545,6
1282085,4
1228205,1
1276424,6
1028739,5
1027216,3
1032290,4
1047760,4
1269716,5
1267672,5
1256486,2
1158455,3
1066518,3
1119186,6
1031503,4
1234178,6
1140997,6
1045009,2
1294522,3
1209064,4
1211760,1
1076611,6
1150435,5
1242004,4
1199770,7
1249753,6
1044130,6
1232899,5
1134225,3
1035350,1
1027627,4
1063714,4
1148319,5
1252809,5
1158410,4
1045743,1
1256247,4
1320522,3
1303254,3
1090257,3
1219418,6
1118760,6
1194121,2
1157451,4
1180749,5
1058955,4
1255434,6
1321019,7
1311550,3
1251966,4
1168288,4
1083459,5
1007877,4
1211924,6
1088239,3
1160333,6
1192578,4
1293799,4
1240442,6
1022887,3
1138878,3
1323147,1
1279870,6
1167399,6
1037476,4
1294166,3
1197885,3
1006728,5
1169377,5
1037896,2
1323431,6
1201139,5
1140559,6
1104754,4
1160947,4
1040316,5
1079928,4
1138560,4
1069443,5
1026954,6
1321384,5
1018733,3
1081762,5
1235920,4
1198878,1
1156130,4
1224225,3
1324201,1
1197554,4
1321225,3
1109137,6
1082024,4
1111791,1
1218054,6
1315377,4
1137797,3
1203125,1
1023112,6
1140644,3
1279063,3
1167777,5
1202963,6
1065532,3
1300451,4
1313051,3
1285680,3
1017680,3
1065185,5
1035198,1
1232641,6
1121670,6
1306882,4
1301154,6
1250251,4
1042774,5
1010498,5
1278279,6
1104357,6
1306318,3
1076959,6
1043834,3
1043131,3
1061597,1
1017392,3
1164223,5
1263558,3
1105492,5
1157327,4
1194824,6
1086493,4
1318281,4
1215324,4
1111428,1
1164612,3
1177136,1
1188097,5
1102912,3
1216485,4
1259948,1
1181054,1
1247619,6
1285028,4
1166505,4
1262697,4
1284331,1
1107096,4
1067308,4
1051013,1
1284014,6
1250101,4
1106437,4
1080291,5
1061789,6
1290552,4
1078485,5
1304545,4
1012982,3
1263850,6
1274254,6
1178209,4
1087236,1
1281910,6
1239947,3
1186725,3
1160642,6
1075122,4
1283682,3
1270500,5
1300860,6
1262156,4
1242199,6
1136216,4
1278326,4
1176310,6
1031798,5
1188675,4
1226581,6
1088357,1
1092105,3
1315628,4
1194371,7
1028595,6
1226824,4
1118318,3
1092260,3
1263867,1
1088524,3
1046708,3
1109690,5
1027064,4
1218938,3
1168546,5
1117272,4
1120037,5
1000320,4
1210009,6
1074465,6
1015318,6
1135489,4
1188631,3
1323314,6
1288149,4
1183120,3
1017010,3
1193757,5
1206324,6
1249445,4
1215368,2
1323782,4
1114343,3
1066344,4
1106542,5
1290958,6
1065649,1
1267670,6
1114290,3
1203532,1
1247156,1
1012799,5
1049395,6
1106276,4
1239522,4
1216389,5
1188277,6
1274798,4
1267285,4
1031630,4
1094951,6
1276190,5
1210143,6
1271813,3
1219445,5
1197841,6
1230566,5
1046056,6
1077366,4
1060141,4
1256686,3
1063843,5
1092641,3
1212349,3
1215355,5
1325026,4
1078488,3
1052574,4
1278123,4
1149581,6
1323733,6
1025544,3
1068098,3
1033069,5
1256880,6
1301337,6
1167637,3
1179075,1
1037991,1
1177734,6
1089444,4
1103339,6
1184120,3
1044205,6
1256882,5
1320604,3
1301884,1
1105138,1
1283047,2
1106832,3
1195717,4
1305822,5
1080963,6
1096202,3
1087608,6
1179948,4
1160128,3
1044482,5
1075512,1
1269000,2
1302157,6
1025630,5
1297235,6
1003227,6
1212555,6
1021735,4
1042522,3
1267516,3
1096879,6
1234019,4
1157825,3
1123634,6
1077941,3
1080382,5
1139636,4
1308676,2
1309069,3
1016181,4
1169787,5
1191971,2
1126641,5
1072876,1
1032118,5
1166876,3
1234774,6
1161648,1
1013671,1
1068578,5
1313242,5
1063244,6
1305563,6
1106855,6
1162099,3
1105696,6
1044481,6
1164141,3
1157141,4
1007263,6
1100865,5
1307753,1
1153148,3
1091565,4
1238082,3
1102211,4
1003763,1
1024563,6
1140866,3
1076179,4
1145653,3
1107826,6
1014350,1
1123274,5
1181925,4
1211503,6
1022495,3
1030973,5
1212368,1
1039594,3
1136495,3
1155427,4
1188879,3
1220276,3
1304187,6
1174647,6
1169644,6
1103409,1
1112643,6
1060487,5
1136357,4
1267610,5
1056032,6
1248591,4
1320951,4
1302115,6
1098394,4
1141467,5
1123703,5
1144913,6
1218509,4
1183982,5
1213324,5
1007377,4
1245273,4
1170417,1
1043762,3
1185786,3
1270852,6
1263628,4
1017628,6
1003953,4
1100185,3
1162624,1
1150016,3
1256788,7
1323593,4
1004691,3
1129373,5
1291223,6
1120709,6
1020881,2
1305063,3
1273247,6
1229715,3
1080000,1
1122122,5
1186548,6
1114311,4
1073184,1
1025448,5
1065478,5
1284504,1
1023677,1
1210362,5
1066769,3
1034073,3
1301349,4
1058551,6
1012148,3
1238113,6
1129100,6
1194988,6
1056696,4
1060391,4
1050448,5
1092146,5
1266682,5
1288667,1
1146644,4
1323635,6
1095235,3
1003488,3
1130471,3
1302366,6
1248499,3
1058988,4
1229614,6
1206571,5
1023959,6
1056260,6
1150665,6
1233957,3
1106367,3
1170096,6
1183173,3
1220569,6
1155063,3
1212005,4
1069601,5
1000249,5
1075620,6
1305209,6
1123220,4
1274453,5
1106797,4
1317261,4
1138088,1
1174919,6
1286959,6
1011352,6
1226313,6
1054756,1
1206258,4
1052802,3
1035440,4
1199538,1
1109664,3
1004166,4
1278929,4
1171758,1
1087545,6
1143836,5
1283636,4
1309405,6
1000586,1
1027196,5
1029746,1
1325541,4
1213646,3
1130666,3
1003642,3
1321313,3
1067191,3
1203904,6
1008824,6
1317487,5
1145018,3
1154955,1
1293031,2
1156615,3
1124060,5
1278173,6
1273694,1
1051886,4
1054833,4
1268634,3
1064711,4
1184036,3
1181882,6
1194970,3
1155354,6
1060671,6
1270865,6
1026184,6
1217166,3
1056230,1
1283987,1
1094742,4
1241806,5
1038700,6
1141078,4
1090885,4
1004319,5
1178706,1
1265998,5
1301502,3
1323450,1
1167898,4
1187711,3
1297349,1
1315988,1
1223146,6
1269976,4
1318203,6
1273711,3
1051988,6
1271476,4
1168718,1
1105389,3
1067016,5
1298372,6
1121661,1
1219669,5
1263636,6
1252688,5
1109776,3
1319600,3
1171834,7
1052196,5
1079009,4
1161284,6
1069923,3
1220101,4
1201126,6
1097998,4
1146360,4
1045126,3
1287120,3
1223096,6
1185566,3
1207803,4
1277885,6
1138667,6
1137560,5
1118922,5
1303103,5
1022630,6
1185636,3
1090400,1
1251133,6
1036768,5
1279451,4
1072681,4
1237827,3
1138528,3
1070228,6
1174617,1
1226941,4
1282083,1
1015879,4
1043401,4
1289616,5
1295216,5
1072674,5
1230019,6
1167450,6
1228080,6
1204169,4
1081663,3
1055069,4
1074818,6
1299696,4
1184165,6
1057170,3
1172079,6
1248039,4
1147370,6
1295625,4
1042791,4
1030168,3
1199504,5
1225327,6
1170889,4
1018255,5
1016667,4
1213851,3
1080126,4
1084097,3
1149425,1
1214798,5
1241578,6
1315588,4
1141059,5
1154580,3
1300824,3
1313714,4
1181133,5
1321827,6
1152233,6
1122106,6
1012783,6
1194444,3
1197884,4
1259348,6
1091069,6
1255997,6
1198743,5
1227003,5
1277329,6
1052003,1
1217367,1
1067861,4
1263378,3
1060256,4
1095472,5
1239367,4
1182776,3
1041250,3
1211236,4
1152041,6
1266982,6
1142470,3
1066500,1
1073935,5
1128345,6
1162306,4
1177042,6
1186399,1
1172810,6
1234150,1
1070698,3
1054649,1
1185991,1
1034819,5
1235461,4
1089221,1
1267224,6
1043853,4
1182801,3
1087136,3
1126458,3
1147053,5
1150735,3
1215932,5
1166956,4
1214864,5
1274111,3
1095654,6
1142948,5
1266477,3
1023224,4
1105719,3
1084776,1
1100411,6
1145365,6
1009615,3
1176169,3
1180324,1
1270952,3
1281008,3
1218194,6
1091507,3
1173740,6
1183416,6
1054008,3
1098788,6
1136456,6
1008040,4
1203504,5
1045705,6
1138583,1
1265464,4
1237300,4
1189140,1
1240893,4
1191817,6
1069313,1
1260981,6
1211575,5
1034201,3
1037882,4
1070052,3
1066820,3
1043415,6
1097628,1
1066241,6
1037758,1
1309355,3
1283814,3
1324106,3
1303332,6
1006522,3
1041875,5
1141531,4
1256653,5
1162685,4
1270249,6
1111836,3
1032471,6
1143756,4
1097434,1
1121263,1
1002551,3
1034374,6
1166176,3
1102087,1
1295465,3
1172823,1
1157042,6
1138099,5
1194362,4
1156284,4
1301597,6
1109519,6
1162291,3
1276657,5
1182503,4
1046347,6
1230395,6
1180748,3
1108556,3
1033783,3
1318635,6
1169004,3
1213966,3
1043886,4
1210265,6
1189859,3
1065814,5
1104702,1
1058168,5
1036850,6
1042953,6
1271981,3
1235252,3
1005712,4
1294201,3
1230588,6
1096976,1
1067353,3
1297013,3
1133392,5
1249446,4
1213603,3
1241656,4
1284393,3
1199039,6
1021560,6
1141251,3
1141192,5
1300422,1
1255631,5
1231431,3
1269471,3
1022903,4
1061865,4
1287292,3
1133974,4
1263451,5
1265974,3
1253694,6
1026548,5
1098067,4
1294903,6
1129620,4
1270926,3
1061638,4
1111677,1
1072264,6
1220568,3
1002511,6
1193912,3
1032056,1
1024411,4
1080441,4
1201251,6
1307626,1
1080998,1
1078512,6
1200701,3
1241417,3
1154119,3
1018834,6
1114616,4
1230564,3
1273393,4
1063895,4
1225769,3
1012972,1
1307538,5
1175364,3
1324959,6
1262736,3
1073446,4
1098367,5
1011624,3
1210221,6
1240556,3
1165137,3
1058718,6
1314277,5
1132215,3
1250108,1
1231850,3
1053430,3
1024027,1
1039807,6
1321555,6
1063312,7
1214294,2
1184483,6
1237866,6
1095529,3
1171148,4
1299997,5
1230640,5
1295068,5
1316916,6
1056156,4
1213872,3
1170609,4
1080961,1
1096368,5
1111220,6
1235412,4
1251372,4
1017119,3
1005412,4
1161323,4
1071897,3
1023022,5
1206141,2
1283937,3
1141890,5
1266490,4
1105330,6
1097857,6
1132324,3
1042605,4
1239207,4
1215133,4
1049031,4
1008426,6
1001286,5
1308897,5
1130106,5
1273216,6
1148208,3
1164462,6
1284283,6
1170806,5
1152126,4
1202903,6
1163992,6
1316145,6
1007514,4
1004357,5
1319350,6
1217523,6
1240037,6
1130116,3
1181427,6
1019407,3
1181895,3
1206447,6
1302155,3
1325314,6
1136906,5
1293763,4
1163255,6
1261477,6
1103148,7
1227479,6
1109542,3
1188379,4
1172820,6
1138359,1
1057891,5
1134858,6
1124773,3
1294706,4
1225943,4
1303994,4
1001211,2
1190320,3
1124501,6
1140011,4
1197745,4
1287532,3
1115199,6
1148190,6
1202170,3
1199574,4
1232638,3
1157963,4
1049325,5
1302128,3
1038007,4
1049796,4
1155489,4
1028700,3
1017106,6
1278830,4
1055647,6
1254583,3
1317149,3
1268533,5
1300351,5
1311170,3
1050894,3
1129239,3
1088393,1
1082240,5
1188144,6
1163428,3
1258230,5
1039710,4
1264317,4
1101784,1
1154491,6
1265848,5
1054904,3
1221546,4
1274143,4
1228298,6
1176748,1
1293904,4
1299451,1
1093005,6
1152058,6
1177341,6
1090428,4
1120752,6
1010926,3
1129725,6
1258054,1
1077353,3
1174373,4
1034961,4
1141951,6
1126069,6
1308335,5
1001034,3
1148767,6
1092198,1
1216445,4
1182831,6
1069020,6
1111439,5
1083270,3
1251628,6
1087788,3
1295262,3
1301073,5
1004061,3
1290976,4
1223780,4
1302300,6
1035144,6
1184045,1
1212310,5
1157806,3
1182643,4
1300931,6
1162787,5
1254681,3
1086431,3
1207378,4
1201365,3
1037817,5
1148003,4
1146837,4
1190456,6
1213081,4
1291416,3
1053469,3
1029553,3
1183692,6
1057879,6
1323550,6
1158638,6
1309670,3
1128720,4
1319876,3
1241314,3
1017066,3
1026510,6
1046180,6
1131279,6
1175121,4
1195100,6
1205307,6
1211555,4
1157750,3
1245649,6
1155502,4
1203858,6
1255128,6
1063457,5
1104024,5
1114814,6
1303755,6
1008182,3
1062407,1
1287392,4
1092986,4
1316697,1
1166399,3
1279212,6
1118249,3
1172783,5
1089254,3
1037007,2
1152607,3
1111310,3
1003128,3
1262830,4
1105302,1
1255908,5
1250186,6
1221640,3
1160010,3
1224581,4
1287552,1
1057719,3
1157425,1
1011905,3
1225337,3
1002314,4
1046658,1
1199264,1
1111522,1
1294215,3
1052417,4
1107913,3
1012800,6
1000618,5
1316645,4
1307932,3
1054054,3
1183444,4
1053077,6
1255367,3
1321224,5
1296750,6
1288007,6
1140742,1
1228482,6
1122674,4
1077055,1
1027874,1
1019423,4
1008748,6
1272734,6
1183110,3
1202924,4
1157897,4
1035570,4
1169751,3
1099214,5
1079248,3
1063391,1
1142521,6
1269638,3
1020081,3
1019936,4
1147296,5
1178358,3
1020733,4
1312406,6
1147503,1
1320974,4
1214439,5
1198555,3
1318035,3
1321736,6
1262987,5
1213100,6
1099061,4
1172460,3
1158569,3
1175580,1
1208783,4
1158949,6
1253708,3
1283404,3
1063789,3
1209795,4
1137062,6
1193148,6
1161737,6
1101883,5
1271219,3
1008955,5
1260781,6
1047380,3
1275450,6
1022460,4
1236535,6
1176043,3
1229852,4
1204261,6
1216303,1
1117411,6
1049487,5
1226037,4
1029213,5
1109401,4
1184840,6
1068789,3
1024876,3
1322384,4
1301386,4
1167222,1
1060640,1
1181547,3
1279709,6
1034646,3
1119375,4
1241092,4
1210591,3
1280816,3
1075797,3
1202823,4
1254415,6
1322592,6
1108348,1
1065505,5
1243756,5
1083941,4
1131498,6
1068899,4
1170072,5
1204843,3
1095056,6
1202333,5
1269157,5
1211545,5
1172462,1
1253435,4
1293859,6
1288981,5
1045952,6
1243894,4
1003685,6
1042444,1
1180316,5
1105515,4
1075760,5
1199060,3
1270809,4
1255678,5
1324399,3
1161091,4
1324437,1
1068683,1
1050502,5
1155889,4
1124379,3
1082548,1
1213381,6
1247964,4
1055996,6
1109252,6
1170987,6
1234182,5
1220057,6
1299603,1
1304423,6
1062589,6
1019975,4
1242714,3
1273666,4
1078913,6
1011272,4
1202413,6
1095243,3
1265590,3
1148749,5
1095127,6
1130620,6
1307241,1
1298979,4
1003421,3
1189412,1
1069213,3
1111701,6
1159914,6
1126004,4
1259384,6
1112690,6
1005105,6
1243679,3
1252567,6
1029066,3
1269609,6
1063691,3
1282642,5
1291577,6
1223177,6
1107803,6
1011424,5
1194622,6
1144188,5
1278435,6
1058434,1
1029642,5
1204615,6
1320737,3
1168656,5
1287951,1
1069193,4
1262791,6
1104739,3
1014162,1
1065528,1
1111703,5
1037773,5
1318365,4
1312321,5
1184222,3
1083064,6
1122209,5
1273667,5
1254473,5
1013471,6
1059555,6
1248086,3
1141679,4
1002219,6
1219013,5
1040589,3
1065422,1
1285045,4
1220600,6
1275840,3
1012425,3
1082853,3
1027312,3
1131631,3
1153608,1
1169234,3
1049790,6
1140818,6
1303916,6
1167810,6
1276348,2
1017167,1
1220180,4
1099579,4
1055688,3
1315088,4
1235330,4
1008205,7
1086274,4
1006310,4
1189241,3
1228859,6
1203733,4
1080902,4
1161043,4
1119178,3
1183042,4
1171949,3
1103711,5
1101829,1
1306373,6
1319148,1
1110158,3
1058464,6
1197972,2
1157710,6
1228516,5
1066261,6
1205849,5
1175877,5
1008397,6
1116558,5
1011781,2
1186442,1
1304255,3
1254095,6
1089921,5
1114579,3
1152275,4
1145813,3
1010673,4
1281769,6
1090541,4
1049568,3
1108212,5
1190418,1
1270761,1
1220505,4
1014580,3
1242583,4
1279199,5
1213441,4
1164931,4
1119671,1
1039105,4
1310675,5
1124341,3
1093491,6
1079832,4
1244074,4
1058555,1
1132836,3
1241364,6
1126874,3
1118227,4
1106538,3
1163954,3
1086574,4
1009265,1
1288907,4
1139957,6
1230904,3
1084499,4
1018467,3
1243658,4
1114083,5
1134095,5
1201649,4
1141479,3
1178886,6
1241093,4
1155146,5
1081518,3
1189674,6
1155369,1
1246646,6
1289568,4
1168498,6
1184783,3
1208624,3
1046443,3
1064101,3
1080100,1
1027928,6
1030258,1
1030199,4
1164832,1
1015518,6
1202195,3
1157242,3
1265912,4
1268791,5
1027238,4
1258768,1
1130499,1
1114233,2
1002668,3
1048472,1
1241455,1
1151460,6
1011201,6
1261157,4
1251687,6
1282023,6
1248265,4
1286048,1
1106943,6
1231186,4
1219396,4
1226220,3
1054600,6
1047699,3
1193605,3
1074755,6
1077052,3
1119106,5
1182540,6
1206418,6
1289869,4
1015891,5
1204007,5
1073480,6
1071218,6
1010172,1
1073601,3
1193549,3
1302421,1
1099138,6
1097330,4
1204337,6
1276948,6
1014754,4
1146816,3
1012093,4
1244263,1
1037600,1
1011315,6
1106845,3
1266928,6
1293715,4
1248438,3
1300718,3
1273846,4
1294977,6
1271724,4
1148307,4
1157356,4
1251037,1
1064590,1
1159548,6
1095354,6
1214533,5
1230205,3
1252155,5
1193029,3
1090582,3
1107637,4
1113413,3
1160527,4
1138609,3
1298248,6
1133532,6
1030461,1
1180500,3
1210188,3
1145879,4
1165170,1
1201091,4
1117643,6
1256101,3
1078589,3
1203851,6
1189663,4
1002032,6
1307661,5
1109568,3
1171007,3
1215451,4
1070430,3
1070226,3
1126971,3
1121034,4
1245717,1
1076585,1
1297696,3
1305039,4
1158652,6
1084386,1
1296191,3
1181904,3
1025665,4
1223423,6
1252067,5
1110931,4
1108194,6
1238897,5
1211344,6
1199769,6
1081955,1
1169600,3
1235263,5
1202028,4
1260304,5
1245845,3
1221602,4
1024138,5
1072129,6
1050095,1
1051780,4
1003354,4
1263445,1
1097760,4
1265005,1
1266642,1
1251805,3
1103864,1
1248425,6
1124182,3
1267809,1
1193204,4
1010026,4
1075501,4
1040657,3
1252225,5
1301181,6
1137022,4
1121358,6
1089859,4
1136664,3
1056837,5
1014984,6
1292223,3
1079207,6
1164696,3
1109321,4
1279826,3
1048576,3
1162744,3
1115507,4
1064428,3
1321962,6
1208407,3
1269676,4
1033231,1
1125978,3
1177566,3
1162618,3
1118441,6
1106413,3
1203405,4
1145129,1
1150135,5
1039712,3
1012181,2
1031953,5
1306680,4
1270289,5
1263437,5
1287044,7
1118273,3
1111244,6
1179599,5
1033132,6
1310031,4
1035921,3
1238527,6
1296909,5
1290302,1
1213986,6
1056340,3
1226853,6
1144572,6
1011413,5
1019004,3
1010201,3
1092108,3
1090765,5
1062557,6
1206353,3
1073050,6
1153925,3
1005351,6
1022554,1
1111693,3
1304790,4
1246756,5
1202500,4
1218740,6
1321188,6
1052984,5
1320249,6
1266635,5
1286728,5
1091226,1
1144058,4
1240652,5
1074899,6
1264031,6
1189885,1
1107893,1
1225544,5
1016788,3
1249596,3
1046023,4
1005831,6
1268034,6
1109580,6
1163436,6
1078289,6
1278789,3
1043505,1
1196230,4
1018991,1
1045412,4
1267823,1
1007838,4
1321112,6
1097928,4
1020602,4
1085094,6
1077069,6
1159580,5
1235673,2
1322984,6
1099928,4
1106222,1
1101466,1
1198417,1
1244384,1
1255573,3
1016183,3
1155189,4
1227248,5
1224345,3
1189758,6
1167491,1
1233447,5
1122002,3
1279693,6
1089007,6
1102450,4
1288905,4
1035070,5
1154201,6
1217613,1
1198312,5
1150052,5
1056133,4
1186871,4
1269055,3
1194778,5
1222593,3
1160134,3
1179365,3
1181976,6
1145966,6
1009732,1
1316184,4
1008351,6
1058841,3
1292771,1
1091146,3
1051827,6
1132056,5
1231222,3
1281343,3
1237640,3
1234650,5
1129610,4
1130485,1
1119961,3
1045200,6
1074744,6
1300028,6
1088919,4
1263172,4
1026782,2
1105202,6
1106204,5
1146329,3
1125351,1
1266424,6
1216579,3
1139091,4
1260599,4
1241458,6
1016870,4
1183048,1
1099465,4
1078305,6
1203764,3
1175204,3
1044859,3
1227530,3
1259131,6
1181248,3
1063407,4
1032974,6
1226864,4
1207581,6
1298639,5
1172452,1
1125602,6
1064910,4
1278599,1
1273263,3
1027993,4
1224607,6
1190279,5
1057000,5
1255870,1
1217427,6
1239662,3
1121017,4
1089709,1
1085962,5
1258036,6
1324508,1
1157577,6
1038772,4
1039858,3
1131385,3
1073879,1
1191319,5
1019702,6
1203084,1
1159405,6
1186093,6
1080570,4
1091374,6
1039504,1
1031179,6
1272844,3
1269270,6
1083699,1
1117883,4
1122567,6
1219683,4
1119757,6
1025227,4
1221309,1
1143556,3
1091533,1
1195557,6
1278639,5
1076506,3
1113954,5
1006582,1
1076064,6
1148273,3
1143938,4
1311570,6
1163017,3
1133350,5
1117237,2
1232762,4
1193374,5
1170328,4
1115819,3
1051225,5
1177416,6
1111645,1
1146125,5
1051433,5
1044842,4
1303163,1
1321573,6
1137354,6
1218221,4
1227527,5
1006231,1
1149450,4
1044551,6
1258346,5
1032947,5
1260369,1
1060094,5
1020530,4
1075182,6
1305203,1
1054863,4
1115570,3
1135910,4
1141316,4
1136455,6
1252816,3
1248694,1
1033656,4
1259982,1
1174491,6
1002625,4
1061552,5
1094295,6
1216226,1
1216543,3
1001212,3
1255721,5
1126176,1
1151978,2
1202083,3
1212265,6
1220335,4
1155951,2
1055036,6
1209203,4
1323012,4
1263246,4
1206137,4
1316370,1
1060938,3
1066264,6
1154011,3
1200452,3
1009557,1
1163963,1
1098639,6
1276339,6
1097168,6
1306810,5
1087393,6
1086372,4
1054693,6
1278086,5
1025622,1
1028374,3
1267207,1
1140348,5
1260877,4
1173497,6
1232531,5
1272027,5
1325780,3
1048952,4
1146915,4
1062243,6
1261849,5
1102428,6
1092003,6
1086835,3
1075877,4
1017328,6
1081573,5
1131106,6
1293853,4
1311525,1
1018160,5
1224979,3
1227165,6
1120059,3
1019276,4
1153639,4
1281930,1
1282366,6
1096277,5
1040525,6
1085322,4
1032631,1
1322277,1
1049570,5
1117314,4
1185306,1
1249720,3
1113366,3
1241653,3
1073107,3
1277071,4
1043972,5
1199442,4
1210931,3
1108431,5
1123629,6
1286059,1
1255760,3
1059158,5
1083276,1
1031082,6
1248627,5
1044780,3
1014618,4
1010822,3
1080839,4
1082177,6
1230815,6
1016676,6
1268199,1
1017930,4
1250218,5
1042807,1
1293355,6
1170768,6
1205405,3
1069755,3
1228658,4
1275662,1
1095284,3
1321543,6
1236624,3
1198747,6
1098936,6
1076083,4
1151165,1
1032181,5
1197394,5
1261741,6
1070914,6
1294078,3
1308834,4
1264512,5
1232061,1
1259934,3
1076926,6
1094853,6
1283521,4
1110740,3
1314727,1
1117317,6
1259650,5
1126836,1
1062622,3
1005235,4
1102589,3
1126536,4
1016804,1
1014448,6
1260804,4
1152403,3
1098492,4
1007244,3
1032522,5
1143969,4
1105031,4
1125003,6
1183802,3
1024442,1
1071100,4
1156050,4
1095301,4
1107722,6
1136600,4
1143016,3
1193288,3
1144392,3
1124918,1
1091130,4
1012903,5
1113215,3
1059780,3
1130693,6
1019869,6
1040992,5
1174580,4
1168679,5
1113875,4
1085112,6
1001691,6
1087644,4
1060611,3
1239223,4
1314298,3
1117397,6
1204921,6
1142211,3
1011176,5
1298027,4
1274692,6
1099303,3
1210185,1
1186632,3
1092773,6
1140983,4
1227704,5
1208421,6
1292323,1
1130494,4
1196073,6
1028322,6
1263703,5
1232360,1
1302458,6
1037904,2
1251730,4
1279960,6
1245232,1
1307361,3
1227364,6
1229768,3
1014394,5
1037411,4
1056127,6
1056769,3
1214993,5
1110218,7
1088884,3
1082802,6
1182753,6
1003449,3
1259117,6
1092828,3
1065731,4
1157248,3
1198971,6
1288079,3
1066486,1
1052007,6
1027661,6
1073643,6
1109043,4
1308080,4
1006058,4
1297870,4
1298820,6
1091004,1
1291576,3
1144781,6
1162923,5
1190609,1
1304391,4
1195742,6
1026882,3
1068204,3
1114363,4
1309955,1
1179226,5
1279912,5
1216477,4
1178315,3
1216352,6
1222235,3
1180168,3
1185801,6
1142293,4
1246355,6
1278897,4
1185044,1
1081528,6
1174539,4
1307742,6
1136859,5
1104382,4
1253219,1
1096442,5
1006412,3
1185458,1
1060345,5
1217939,4
1151825,3
1203530,6
1109528,4
1199272,6
1100004,1
1297823,6
1221866,3
1313012,6
1319780,4
1135416,6
1102175,6
1109265,3
1044508,1
1120048,6
1146239,1
1221237,1
1012753,4
1216925,1
1267796,3
1189202,5
1254837,1
1204525,6
1251503,6
1205982,6
1179192,4
1248150,5
1235137,3
1215452,3
1088450,5
1307777,6
1235838,6
1020770,2
1070497,3
1256463,3
1058122,6
1112291,3
1298253,5
1058450,6
1190759,6
1159415,6
1191149,3
1197533,3
1221146,4
1020389,4
1053864,5
1005902,5
1267900,5
1267518,4
1197355,6
1035312,3
1049629,4
1287872,5
1123366,1
1099193,6
1048864,4
1300235,4
1262815,3
1051441,5
1245173,5
1270022,1
1086708,6
1020791,5
1213743,6
1190656,6
1282732,3
1044012,1
1196310,5
1138165,3
1052624,3
1134597,5
1027449,4
1273302,3
1078325,6
1319758,5
1275408,3
1165643,6
1325634,1
1117594,5
1002095,3
1196956,6
1081538,4
1165808,3
1297246,5
1166947,6
1214361,5
1032531,4
1148689,6
1274759,5
1218790,1
1168683,6
1153942,1
1031973,1
1234771,4
1089735,1
1055448,5
1192534,4
1259090,4
1123483,5
1193420,3
1260509,5
1259552,3
1089265,3
1041086,3
1236028,6
1001600,5
1082577,3
1282257,6
1161045,4
1156741,5
1156574,4
1243051,1
1140937,3
1293535,5
1165794,4
1287251,5
1254975,5
1226171,3
1207908,4
1000930,5
1126799,4
1257246,3
1323721,5
1045804,6
1197780,5
1094232,1
1219759,5
1205818,7
1322161,6
1086033,3
1325361,3
1105581,6
1318009,3
1004907,4
1102705,4
1021123,3
1216947,4
1235536,3
1308763,1
1097786,3
1122091,3
1035822,3
1203419,4
1158950,5
1144437,3
1232165,1
1120694,4
1100920,4
1234814,3
1020031,3
1107920,4
1007983,3
1205462,5
1203390,3
1273708,4
1045241,6
1320053,6
1270887,5
1247745,4
1023623,3
1161627,6
1226401,3
1084522,4
1317965,6
1318710,1
1036774,6
1053021,5
1056265,5
1008510,4
1144940,6
1011852,6
1146703,5
1156690,3
1227824,4
1032484,5
1186099,6
1056405,4
1113026,6
1116964,6
1208411,6
1097306,1
1188871,6
1260928,6
1251257,5
1265294,3
1195741,6
1184956,6
1034430,4
1162030,5
1195944,3
1246813,1
1215464,4
1319195,3
1301282,6
1125490,4
1174667,6
1120409,1
1230522,6
1248629,4
1038043,4
1236221,4
1292236,6
1057443,3
1190079,3
1205949,5
1177371,6
1105523,3
1207544,6
1180268,5
1127515,6
1109213,5
1252107,4
1292681,4
1173108,6
1252775,1
1164990,6
1163855,1
1010702,4
1256148,5
1262188,5
1319522,3
1177402,4
1067100,1
1098209,4
1323011,4
1069603,4
1227607,3
1111076,6
1076953,3
1245044,4
1004803,4
1263348,4
1134702,3
1252556,1
1256469,6
1012205,3
1055611,6
1187667,4
1114817,3
1187971,4
1263523,5
1169682,3
1304659,6
1139511,6
1003720,1
1323395,4
1093013,3
1020869,3
1301738,6
1228458,6
1280760,4
1123014,4
1063187,1
1092455,6
1229845,5
1154417,5
1074275,6
1303623,1
1182357,6
1313613,4
1119190,5
1233158,3
1280540,3
1281127,3
1157240,3
1113971,6
1193996,3
1286676,5
1186736,6
1003119,4
1221800,4
1238265,3
1313489,6
1322376,4
1295742,6
1316826,5
1049997,5
1192823,5
1154013,5
1100609,1
1244680,4
1080351,4
1242179,5
1149736,4
1315494,6
1038789,3
1148301,3
1199731,4
1194019,5
1117934,4
1134793,6
1292426,4
1285319,4
1271861,4
1111999,6
1007421,3
1226451,6
1143025,4
1054532,6
1007022,1
1105958,1
1122786,4
1292996,1
1243996,3
1286104,4
1178685,3
1179898,1
1096371,1
1109836,3
1233297,6
1098381,6
1297134,4
1078943,3
1195938,6
1099441,4
1292047,1
1315734,3
1281758,4
1211248,3
1101408,6
1007205,4
1227143,5
1033934,6
1102256,2
1246888,6
1113987,1
1004651,3
1028286,5
1245583,6
1258854,5
1281461,4
1274951,6
1041030,6
1062770,4
1140343,1
1183553,3
1093309,6
1193673,6
1107094,6
1284539,1
1090167,4
1165399,3
1199677,5
1206056,6
1089016,1
1256258,3
1324742,1
1318192,5
1009564,3
1120574,3
1168010,6
1038047,3
1308566,1
1186529,4
1037713,4
1196811,6
1123172,4
1207130,6
1175954,4
1049562,4
1258412,4
1216446,5
1204242,4
1035449,3
1124731,6
1013817,5
1183242,4
1032440,4
1076889,5
1041259,3
1066187,3
1266515,5
1081904,1
1175853,6
1180343,4
1251386,6
1243369,3
1178620,3
1168642,3
1016080,4
1011694,3
1066882,6
1029728,5
1300223,4
1017790,3
1186443,5
1311703,3
1027108,5
1123753,4
1247293,1
1133056,3
1046699,3
1174221,3
1181432,4
1017154,5
1023317,6
1280161,6
1063018,4
1161739,4
1299236,3
1307321,3
1090422,4
1126027,1
1158720,5
1308086,3
1131903,6
1224211,6
1112906,3
1258483,1
1053049,6
1288607,3
1142704,3
1096548,4
1222359,1
1003974,3
1175794,6
1094522,5
1091353,3
1138367,1
1192980,4
1174156,6
1206157,6
1301320,6
1009009,5
1276899,3
1012501,6
1169766,6
1145918,6
1322543,3
1318976,5
1277304,3
1321991,6
1298020,1
1188676,4
1209320,1
1048285,5
1266029,5
1022204,5
1017684,4
1099597,1
1041680,4
1215418,1
1247350,5
1097226,3
1053228,3
1179362,4
1110917,5
1064608,3
1091199,4
1063522,4
1300124,6
1281051,5
1121704,5
1101699,3
1146645,1
1116941,6
1287026,3
1185301,4
1246979,3
1280472,4
1201876,4
1089876,4
1192188,6
1138087,3
1315918,3
1293399,6
1063749,3
1297603,6
1140678,5
1314694,2
1089892,4
1114606,4
1228635,5
1297565,5
1006865,5
1104463,4
1200708,3
1270813,1
1284569,1
1316024,6
1159309,3
1290130,4
1299726,6
1074115,1
1108775,6
1262139,6
1016185,6
1168173,4
1198642,6
1093368,3
1287660,6
1119353,1
1047256,6
1319557,3
1201221,3
1047225,3
1062838,3
1143236,3
1243405,3
1020106,3
1099534,1
1237577,6
1014361,3
1007444,3
1216883,1
1195763,4
1194176,4
1224181,6
1321360,3
1071501,1
1071679,6
1060552,4
1030022,3
1031701,4
1192851,5
1070672,4
1014561,3
1089719,6
1031141,6
1152734,4
1273774,3
1167863,1
1014423,6
1313651,4
1268447,3
1299621,1
1231082,4
1155694,4
1020753,1
1089257,5
1316847,1
1159139,5
1170678,4
1109363,6
1323559,3
1126206,1
1271264,6
1096914,5
1120937,4
1159855,5
1152059,6
1082677,5
1060028,1
1175343,6
1115743,3
1191984,3
1031461,3
1043197,5
1009625,6
1324942,1
1284882,4
1213675,5
1180009,5
1273106,3
1291632,5
1017023,4
1248272,3
1039371,3
1213709,4
1033922,3
1103487,3
1222574,4
1011406,4
1033365,4
1166897,6
1201922,5
1214910,6
1189718,3
1056501,5
1082983,1
1129940,3
1309655,4
1246616,6
1219721,5
1146290,4
1257950,3
1048984,6
1127194,1
1247076,6
1292765,5
1174011,5
1263126,3
1318573,6
1238629,4
1279819,5
1029675,6
1269509,6
1273010,6
1122665,4
1230681,3
1052922,3
1071080,7
1257031,1
1198191,6
1139134,5
1289944,4
1265317,3
1145341,4
1096397,5
1090702,1
1314118,3
1306023,1
1078054,6
1068168,5
1031827,6
1006406,5
1173005,6
1066301,3
1213016,4
1207480,6
1046599,6
1231790,4
1058957,3
1055078,5
1153955,6
1189040,1
1145563,2
1114449,1
1259578,4
1138171,3
1324132,5
1040229,5
1305043,5
1307113,5
1259513,5
1323312,5
1089215,1
1158037,5
1008240,6
1201367,5
1153708,6
1054481,6
1160140,5
1293617,4
1194045,5
1137736,4
1233388,6
1113063,3
1220902,5
1148130,3
1066823,6
1116087,4
1018769,3
1266058,5
1053110,4
1229924,4
1170691,4
1202229,4
1107898,3
1267525,1
1250018,3
1268886,1
1208133,5
1056137,3
1156403,6
1046239,6
1284328,3
1115812,3
1169767,3
1248615,4
1158693,1
1220361,4
1286216,6
1110658,6
1273121,4
1274426,5
1205013,4
1260641,6
1108861,3
1134551,3
1138834,3
1274739,6
1130350,4
1273963,5
1096240,6
1205684,4
1032314,6
1194364,1
1287337,3
1101608,5
1244768,4
1297442,5
1160796,1
1167134,4
1127142,4
1108964,3
1096943,4
1155228,5
1313855,5
1262958,3
1322566,5
1285928,6
1149354,1
1003683,6
1177474,6
1027776,5
1244860,3
1281502,1
1031994,3
1089635,3
1312348,4
1099563,3
1128016,3
1135236,6
1132886,4
1308771,3
1301886,6
1010441,1
1010481,4
1070649,5
1058191,6
1094683,1
1004936,3
1107646,6
1122992,1
1132685,4
1195782,6
1047227,6
1245343,4
1167252,3
1287994,1
1136626,6
1246153,3
1139041,6
1145791,2
1065097,6
1314656,5
1104612,6
1323268,6
1266601,6
1295210,4
1045232,6
1140993,1
1147356,3
1177250,4
1316284,6
1068711,4
1254585,3
1262925,3
1144986,1
1093796,1
1251822,4
1153297,3
1035582,6
1075074,3
1125965,3
1152704,4
1090508,6
1106935,1
1114074,1
1188532,3
1157335,6
1162408,4
1204071,5
1032883,6
1318581,3
1079473,6
1324053,4
1105829,6
1200246,4
1019548,3
1150668,1
1288090,6
1230914,1
1079934,4
1240768,6
1029922,5
1298187,5
1083408,6
1247201,3
1261360,7
1205110,3
1300076,1
1038444,4
1213294,5
1213620,1
1152010,5
1095798,5
1179890,1
1034231,4
1294139,4
1037318,4
1196111,4
1239943,3
1074324,5
1239471,6
1173649,3
1195746,3
1302373,3
1210989,3
1274805,6
1206006,4
1179950,1
1126093,3
1296530,4
1155996,3
1088352,3
1183998,3
1133794,4
1170501,3
1105801,6
1024628,3
1017263,4
1268986,5
1274612,1
1291035,3
1284359,4
1203829,5
1257240,4
1231175,1
1021577,7
1006432,3
1240572,1
1304134,3
1320360,4
1094823,5
1147616,5
1161255,7
1210484,5
1311099,3
1165291,1
1263582,6
1310371,4
1007709,5
1003426,3
1133948,6
1223562,5
1060655,6
1069780,4
1170108,4
1190789,1
1319264,6
1227293,4
1167953,5
1306265,4
1152421,5
1047487,6
1095700,6
1121055,3
1266170,3
1112311,4
1210306,6
1080394,3
1121658,4
1082556,1
1083705,6
1245177,3
1308268,3
1001630,4
1134467,6
1178553,1
1126949,4
1058625,6
1158124,5
1020807,3
1123687,3
1280996,1
1201764,5
1317586,1
1008340,5
1013978,3
1178505,1
1149644,6
1207339,5
1010666,6
1179154,1
1121146,3
1193647,3
1192376,2
1003861,1
1115590,5
1203433,6
1219393,6
1141393,4
1198617,6
1204684,1
1028085,6
1038074,3
1319311,3
1050955,3
1187926,6
1226631,6
1266514,3
1164335,1
1248033,5
1252620,4
1190066,4
1170403,3
1208830,6
1036769,6
1191501,6
1324144,4
1157650,4
1092850,4
1216528,3
1268918,5
1151755,3
1317715,4
1000706,4
1018079,1
1301323,3
1212635,4
1205169,4
1263022,1
1156761,3
1097550,6
1276239,4
1178626,6
1078627,4
1222390,6
1031319,4
1087717,1
1136377,4
1079873,4
1194784,6
1207535,6
1266495,3
1207038,3
1071918,3
1174874,6
1071339,4
1045752,6
1126487,5
1086814,6
1095371,5
1008283,6
1205229,6
1105081,1
1048287,1
1041382,6
1174732,4
1220633,6
1029903,3
1288313,6
1088566,3
1001200,6
1273160,1
1117767,3
1005138,6
1141429,5
1170238,6
1241335,3
1047979,6
1146697,5
1167397,1
1293947,1
1043084,1
1222440,5
1215268,4
1125321,3
1298455,1
1208282,3
1133893,1
1251594,3
1070592,4
1023077,6
1239185,3
1269196,5
1236910,3
1240700,6
1243800,4
1079397,1
1134139,4
1062224,6
1286652,6
1148271,6
1268749,6
1315727,5
1283230,3
1261837,2
1245570,4
1234445,3
1029435,6
1082091,6
1124004,6
1054627,3
1145524,6
1010766,1
1252805,4
1310144,5
1265814,6
1264149,1
1115219,6
1055070,2
1157257,6
1034777,3
1312574,1
1021390,4
1322334,5
1125867,5
1103714,1
1061574,1
1144039,3
1170948,5
1190264,4
1212748,6
1322853,3
1239895,2
1159160,2
1098058,3
1054932,4
1212924,3
1259431,6
1173063,2
1092763,3
1263865,5
1313178,5
1209763,1
1068250,6
1314802,3
1052453,6
1222169,3
1232728,6
1218447,5
1230513,6
1067084,6
1213500,4
1172515,6
1315954,4
1223576,5
1011690,5
1250132,3
1321644,3
1105069,4
1166627,3
1099081,3
1280460,5
1009447,6
1206385,6
1181051,4
1099690,6
1133979,3
1182249,5
1191833,6
1291122,4
1164048,1
1177620,5
1303021,6
1080172,1
1134583,5
1295807,4
1126191,3
1300246,1
1041606,1
1199076,3
1205810,3
1125287,6
1225128,3
1288066,6
1146754,6
1192357,3
1113518,1
1276224,4
1057194,1
1220417,5
1108867,5
1177545,1
1294574,1
1255373,5
1191218,4
1234483,5
1067585,3
1129972,5
1137892,6
1087886,3
1249010,6
1086799,1
1262931,6
1125608,1
1268137,3
1184536,4
1036352,3
1204879,4
1182519,5
1178579,4
1271600,1
1057157,6
1018625,5
1143146,5
1290556,3
1284851,4
1173337,5
1285218,5
1187980,5
1253585,1
1201205,3
1113511,6
1213665,1
1107303,4
1136067,5
1069400,3
1081475,4
1272839,5
1161901,5
1246085,4
1052166,4
1171814,4
1123465,6
1296236,4
1029415,4
1243897,3
1253579,3
1133059,3
1245369,3
1066975,2
1263752,4
1283865,6
1261101,5
1283477,3
1144930,4
1302012,4
1188516,5
1072865,6
1055137,5
1267826,4
1293845,3
1143224,6
1279645,5
1269032,3
1165237,6
1204109,3
1089676,6
1281210,6
1007564,5
1239277,3
1065813,3
1104706,5
1084640,4
1022481,6
1085711,4
1277286,6
1043436,4
1114175,6
1315385,7
1048702,6
1127993,5
1318268,3
1101391,4
1292419,4
1065083,3
1247659,3
1201466,4
1154187,3
1187215,5
1035190,4
1192071,3
1238789,5
1007126,3
1170451,3
1303285,3
1095042,6
1036838,4
1151871,4
1042516,4
1022413,4
1207403,3
1011701,5
1019126,5
1196636,5
1224298,5
1071755,1
1113327,4
1106496,6
1320904,5
1133264,6
1091298,5
1110481,4
1127137,1
1245698,4
1102223,5
1297294,4
1001218,4
1162458,4
1051344,6
1123780,4
1208371,6
1292929,4
1313465,6
1010695,3
1015514,1
1123375,4
1181759,3
1133721,1
1301703,6
1019322,6
1074888,6
1278685,2
1281744,6
1218792,4
1296545,3
1043833,5
1256957,1
1109441,1
1294880,4
1176504,6
1201809,1
1093364,6
1139915,1
1151937,3
1087232,4
1030521,1
1202098,3
1144602,4
1189415,3
1168819,3
1171079,1
1179201,4
1001318,5
1021262,1
1143274,5
1301621,3
1167031,4
1146970,1
1208284,3
1135862,4
1034826,6
1001536,5
1145116,1
1273041,2
1290497,3
1257034,4
1081872,6
1068562,5
1036005,6
1298901,6
1005700,6
1209321,4
1310170,4
1038288,4
1010687,5
1198879,5
1219621,6
1255755,1
1019326,6
1025917,3
1083475,4
1120345,6
1251720,4
1153226,3
1119555,4
1073457,3
1319926,1
1230546,5
1127050,5
1143372,3
1080458,3
1084621,4
1000457,6
1012920,2
1311455,6
1012000,3
1025023,6
1025192,5
1279131,1
1243719,6
1001764,5
1192125,6
1034127,3
1059029,4
1266969,6
1082221,3
1272308,6
1123243,6
1028474,1
1091005,6
1115101,4
1307746,1
1060866,5
1105586,5
1212573,5
1168202,4
1144187,3
1172850,3
1067692,4
1243938,4
1200866,1
1325260,6
1163035,6
1254459,4
1100147,4
1198505,5
1138228,5
1135333,5
1176702,3
1252843,4
1177639,3
1018971,4
1289774,1
1122831,3
1070285,6
1084492,1
1002806,3
1282718,4
1238858,3
1099954,3
1204872,6
1091142,6
1132087,5
1007487,5
1185921,6
1243188,3
1014605,1
1052904,4
1180255,6
1147713,3
1003935,6
1123018,1
1176164,3
1270802,3
1187126,1
1198359,1
1239248,6
1290393,3
1188206,6
1075652,5
1277476,1
1087392,6
1017348,6
1264058,5
1311883,6
1314445,1
1298401,4
1257435,4
1182189,3
1208777,6
1115785,6
1135353,5
1233240,4
1134390,3
1148694,1
1080941,3
1262880,6
1001672,5
1242623,2
1092365,4
1068844,4
1011403,3
1298929,3
1101659,6
1130398,6
1166847,4
1133077,6
1208427,6
1137608,6
1172319,3
1288293,4
1137843,3
1051909,3
1098766,1
1049383,3
1204035,1
1307710,3
1260216,3
1083670,3
1134263,3
1053169,5
1164150,3
1212472,1
1079403,6
1171036,6
1089982,5
1006908,6
1084291,1
1193922,3
1082673,4
1135270,3
1106168,3
1088273,4
1085377,4
1086479,6
1071864,5
1011936,4
1207012,6
1155169,3
1063590,6
1079605,3
1256894,3
1173520,6
1249874,5
1280276,1
1316287,3
1143942,3
1027081,3
1230962,4
1137375,6
1171149,4
1076862,6
1073587,3
1299610,4
1138421,4
1242646,6
1020099,1
1235684,6
1149734,4
1041820,6
1216127,3
1146168,6
1122277,3
1077160,6
1162551,3
1291923,1
1127578,6
1215555,6
1102579,5
1001131,6
1003146,1
1095376,1
1104341,4
1041653,3
1059400,4
1050470,4
1063318,5
1301716,6
1045422,3
1161489,4
1050914,4
1135039,4
1175396,6
1046134,1
1144152,3
1133458,3
1117263,5
1262845,4
1152203,5
1145197,6
1312247,4
1307597,4
1277908,3
1198135,5
1215957,5
1160491,1
1107470,6
1130298,6
1122832,3
1205549,6
1130486,4
1118206,6
1093051,5
1283880,6
1056169,6
1207941,3
1093220,1
1213697,1
1202930,5
1295969,1
1135122,3
1095147,4
1165866,5
1183345,5
1204010,1
1300287,4
1262356,3
1073447,5
1218381,3
1275522,4
1070082,4
1223285,5
1244517,4
1128783,3
1106202,5
1202153,1
1324837,6
1000837,5
1153019,1
1170199,3
1212360,5
1013049,1
1065292,5
1279324,6
1299799,6
1022762,5
1323654,1
1141717,3
1093523,4
1177841,6
1227070,1
1081906,3
1106303,4
1251728,1
1152522,2
1216450,3
1235589,5
1016113,4
1135844,5
1319406,6
1231212,5
1247054,3
1056222,3
1247709,3
1298980,3
1231425,6
1075786,4
1097486,7
1282294,3
1228911,1
1156238,5
1153635,5
1222750,4
1092782,3
1183022,3
1187904,6
1203949,6
1117280,5
1272368,3
1269619,3
1000914,3
1100963,5
1287800,4
1239131,3
1058353,6
1276551,6
1075269,1
1084148,5
1216487,6
1027463,5
1118070,3
1086258,6
1069576,6
1236721,3
1318399,4
1208050,6
1244325,6
1075713,6
1198299,1
1133992,3
1288971,4
1274899,4
1005915,6
1132200,1
1104710,6
1130728,6
1157412,1
1284857,6
1033043,3
1217015,6
1022056,6
1207740,4
1272279,6
1238122,1
1279733,5
1213311,4
1141320,1
1268871,4
1246627,6
1197688,5
1004700,6
1049467,5
1117791,3
1172149,1
1116785,5
1167532,3
1082125,3
1279090,4
1297257,3
1253958,6
1226805,6
1067523,3
1131089,5
1267837,3
1205527,3
1202132,4
1295227,3
1104174,3
1013312,1
1076783,4
1240521,6
1259481,3
1269536,3
1072984,3
1063724,4
1096127,5
1000986,3
1281909,3
1280492,4
1276072,1
1197635,3
1323439,2
1231670,6
1010138,4
1123874,6
1021747,3
1175332,5
1271168,6
1313029,4
1249686,3
1036744,4
1074196,6
1022573,5
1181182,6
1290225,6
1016075,4
1287214,5
1166791,4
1318790,3
1254726,6
1133598,6
1235007,5
1163320,4
1076771,4
1275890,6
1260618,6
1099622,4
1019383,6
1184101,3
1231444,3
1038129,4
1255585,6
1083993,4
1210106,4
1161233,6
1169952,6
1063708,1
1190724,3
1000423,5
1311239,4
1053028,4
1183262,3
1074913,6
1092903,6
1122952,1
1040572,6
1235845,4
1310989,4
1273582,4
1044434,6
1117825,1
1213594,6
1278137,3
1282075,6
1117316,5
1229051,4
1000158,1
1279656,6
1158945,4
1131146,4
1207050,4
1110983,6
1321133,4
1208033,4
1288928,4
1119745,3
1277500,6
1275113,6
1129044,1
1196141,3
1163344,6
1296590,3
1311847,6
1325188,3
1113481,6
1232081,1
1147695,4
1120455,6
1032250,2
1119962,6
1246277,1
1005321,1
1091926,5
1231535,5
1136150,3
1006144,5
1266110,1
1221282,4
1046357,5
1035028,6
1156049,3
1319137,6
1006222,3
1005195,3
1141271,1
1264803,3
1156347,3
1094808,6
1033328,6
1140729,4
1001580,1
1098807,3
1124325,4
1113358,4
1308522,1
1082543,4
1043634,4
1045364,6
1067392,6
1288379,6
1279332,6
1219089,3
1034165,3
1314399,4
1281301,3
1279964,4
1174978,4
1216631,6
1206207,1
1084423,4
1232023,3
1245936,3
1231732,2
1232644,5
1092205,6
1115165,4
1235730,4
1212616,5
1255108,6
1313704,5
1114649,5
1273862,4
1079728,4
1266988,1
1126354,6
1243722,1
1108059,1
1084719,3
1019257,4
1147418,1
1276645,3
1319888,4
1155208,1
1196826,3
1104240,4
1263210,6
1322168,4
1052985,5
1265508,4
1187693,6
1060527,3
1242628,6
1224404,5
1099839,4
1218400,1
1025576,4
1098211,6
1290329,6
1302474,1
1034174,3
1146633,4
1247389,5
1086488,1
1198673,4
1158252,3
1122742,5
1298239,3
1104550,4
1275965,6
1165129,3
1270347,3
1231350,6
1034500,6
1234383,4
1042710,3
1187725,5
1048716,5
1171150,3
1049958,6
1127560,1
1071017,4
1190816,3
1165393,1
1153399,6
1237199,5
1018112,4
1325616,6
1190160,5
1290564,4
1261338,4
1152594,3
1103619,5
1022746,5
1182931,6
1057554,6
1290814,2
1125141,6
1309847,3
1080992,3
1260793,4
1145045,4
1117491,3
1277918,6
1044303,4
1183897,6
1047974,6
1088628,4
1181443,3
1001836,6
1195813,5
1108114,4
1232734,1
1218601,6
1257757,4
1175598,5
1172903,6
1312798,1
1300836,6
1046676,6
1032793,6
1298707,5
1013958,4
1232113,5
1104199,4
1102119,6
1181543,6
1003906,3
1231419,5
1125518,4
1298406,1
1010114,1
1073900,6
1286377,6
1295679,4
1313725,6
1131155,4
1057540,5
1305422,1
1148096,4
1148334,5
1170316,6
1140877,6
1290181,6
1029003,3
1257580,3
1002178,5
1294584,6
1236500,4
1198792,3
1078960,1
1092735,6
1131826,1
1315705,4
1150350,6
1032912,6
1214147,5
1211404,1
1048823,5
1241471,5
1132869,3
1274131,4
1081372,3
1038027,1
1206415,4
1256528,3
1118161,3
1203120,3
1276056,4
1265123,1
1076801,4
1247202,5
1305564,5
1074929,4
1178962,3
1234466,3
1016516,4
1303925,1
1139021,4
1146007,1
1180990,4
1204565,6
1006153,3
1206254,3
1270989,4
1214124,6
1070026,4
1201336,5
1277995,3
1107886,3
1122287,3
1242789,3
1292530,6
1057697,6
1089004,4
1071392,4
1292983,3
1109959,4
1258206,4
1181873,3
1116088,5
1201673,6
1303076,4
1284527,3
1136426,3
1184775,5
1286497,3
1246982,4
1253403,6
1209456,6
1045251,6
1285704,4
1282355,4
1032964,1
1205382,4
1068257,6
1312495,1
1117349,6
1098824,6
1140459,4
1063552,6
1262747,3
1031844,3
1036737,6
1305839,3
1246530,6
1246725,3
1061925,6
1268946,5
1323236,6
1053669,1
1320511,4
1201839,4
1165753,6
1038181,6
1210553,6
1189521,3
1273167,4
1047180,6
1047444,6
1128992,5
1116893,6
1140944,6
1060300,3
1098789,6
1150934,1
1203408,6
1018667,1
1258395,6
1257823,4
1105455,4
1275087,1
1265049,6
1180814,6
1298743,4
1264428,4
1015407,4
1298835,5
1037529,4
1071543,5
1315111,3
1242668,1
1124204,1
1012825,4
1044396,3
1209066,4
1202295,3
1147122,1
1178474,6
1034818,3
1180381,3
1034111,1
1034984,6
1111568,4
1103187,5
1070087,4
1169486,3
1027671,3
1170045,6
1179947,4
1000954,3
1072032,6
1313712,1
1111594,6
1018007,3
1062971,3
1182868,5
1181153,2
1263895,5
1084234,5
1004874,3
1260544,1
1031904,4
1206521,5
1280343,6
1015992,3
1220089,3
1179522,6
1314541,6
1111470,4
1247358,3
1206443,4
1149909,4
1271678,3
1140241,1
1323111,1
1209417,1
1217640,3
1135038,6
1157700,6
1030796,6
1188803,3
1072578,3
1242471,5
1200895,3
1298637,3
1185280,4
1255989,4
1116726,3
1221837,6
1057148,4
1087615,1
1092344,6
1142764,5
1267044,4
1175848,4
1010733,6
1265535,3
1281471,3
1133139,6
1252226,1
1257375,5
1097251,5
1102623,4
1098176,3
1188117,6
1246626,5
1077730,6
1060227,3
1063374,1
1086912,5
1151934,5
1278497,1
1276525,6
1005922,6
1159359,4
1007176,3
1129303,1
1078890,3
1002703,1
1099509,3
1001227,6
1002330,3
1176565,4
1149418,4
1161154,4
1112024,6
1151987,1
1242484,4
1076117,4
1030540,1
1118501,1
1318885,3
1141434,6
1271688,6
1211928,3
1140009,3
1085748,1
1133132,6
1106514,3
1003715,6
1217715,6
1215217,6
1271074,3
1210936,6
1217394,4
1163624,5
1093358,4
1095176,3
1250912,4
1158300,1
1223467,5
1288894,6
1244013,1
1079078,5
1255273,4
1138299,1
1108559,3
1217109,1
1164441,5
1117697,1
1012427,6
1043604,1
1207950,6
1232758,3
1171831,3
1076270,3
1323893,6
1278950,6
1282937,6
1033382,4
1181318,4
1139376,6
1132075,6
1170067,6
1297083,3
1110355,3
1208560,1
1120165,5
1274122,3
1179172,4
1172496,4
1227310,3
1166239,3
1301033,3
1181821,4
1087166,2
1081769,3
1241987,4
1263800,5
1095360,3
1030539,4
1067795,1
1230067,1
1016076,6
1096419,4
1098556,3
1159570,6
1264824,5
1068709,5
1018209,6
1203850,5
1020391,4
1148421,5
1036621,4
1119344,5
1154363,3
1218336,6
1302627,6
1148362,4
1200482,6
1034511,4
1044249,3
1220507,3
1241780,1
1320491,4
1235754,5
1127026,6
1283169,3
1239399,5
1051943,6
1046037,6
1082930,4
1317872,6
1075087,6
1115102,6
1257889,4
1245078,5
1322006,5
1254783,5
1122429,4
1324804,6
1014105,5
1257675,4
1056429,3
1027657,3
1188018,4
1207820,1
1034313,4
1116222,6
1123934,5
1255996,6
1260809,6
1094930,6
1051756,3
1112424,5
1057524,6
1130528,3
1154378,1
1019153,6
1322945,5
1209471,3
1281965,4
1287126,4
1221119,3
1090812,4
1240169,6
1253756,4
1119914,3
1068806,1
1008781,4
1196651,3
1172777,4
1233363,6
1234868,6
1242895,1
1069723,6
1238786,6
1212277,3
1275168,7
1106172,4
1133988,4
1001857,4
1315721,1
1005161,4
1031296,1
1088832,6
1146396,6
1144079,4
1231447,4
1323460,5
1302181,6
1288232,6
1303765,1
1044669,5
1308865,6
1053034,5
1119728,3
1320652,3
1150911,5
1142481,1
1019186,3
1294787,1
1167084,4
1302209,3
1169784,3
1140190,4
1094745,5
1204605,3
1202977,5
1113960,6
1286615,1
1161031,6
1004345,3
1110763,6
1312376,4
1150923,5
1103776,5
1197268,1
1172697,5
1012163,4
1291143,6
1044367,4
1036360,5
1124555,1
1144540,6
1142344,2
1151331,4
1240003,3
1048925,6
1281856,4
1001103,5
1274502,6
1030154,6
1032599,4
1157582,3
1059614,3
1088293,5
1293606,1
1020452,4
1192447,1
1240557,6
1299394,1
1258712,1
1262621,3
1076802,3
1163137,6
1018016,4
1021516,6
1176721,3
1296645,3
1003709,3
1122000,1
1009664,6
1187998,4
1198033,4
1068221,1
1011432,6
1271714,6
1261180,6
1161701,4
1117057,5
1226103,4
1255770,3
1178287,6
1184502,4
1183397,4
1080559,1
1293416,5
1278661,6
1307965,6
1084855,5
1233021,6
1107022,5
1172736,4
1041851,6
1237501,5
1175791,4
1301766,6
1206420,4
1315407,6
1054173,4
1151537,6
1097563,6
1117828,5
1168395,6
1148244,2
1210124,3
1287766,5
1236087,4
1212460,5
1275673,6
1259507,6
1092015,3
1248749,6
1056850,5
1246831,5
1084076,3
1107778,6
1015569,1
1047837,4
1179089,4
1273431,1
1183624,4
1158470,1
1317382,5
1201637,6
1174466,3
1291028,3
1118281,5
1087648,6
1316878,6
1232019,7
1206129,6
1095669,2
1177383,6
1307802,4
1017965,3
1088384,1
1233163,4
1130425,3
1065833,4
1258496,3
1319653,6
1122038,6
1004000,5
1272128,4
1259750,6
1187235,3
1095652,4
1157579,3
1221397,1
1123223,3
1224805,4
1087039,3
1133935,5
1225102,4
1150418,6
1004036,4
1136963,6
1279776,4
1256666,6
1206082,1
1287378,6
1277168,4
1283225,4
1170743,3
1004455,5
1269485,4
1244026,6
1065063,5
1042456,3
1289764,1
1162828,4
1047460,4
1161510,4
1316332,6
1103836,5
1115525,4
1107476,3
1246588,5
1034107,1
1216405,4
1308290,3
1061232,6
1044554,4
1136861,4
1099550,1
1204432,6
1098879,1
1094085,6
1296402,4
1320800,6
1171589,4
1295979,1
1158973,3
1116107,2
1183960,1
1276154,5
1142065,6
1080042,4
1306066,7
1197362,3
1248163,3
1099219,5
1011658,6
1025464,6
1288734,6
1289076,6
1303403,6
1032534,4
1247454,3
1205813,3
1232053,5
1144163,3
1304532,4
1016022,6
1302723,4
1304884,3
1037372,3
1307217,3
1156800,4
1293795,3
1311776,6
1239274,3
1252963,6
1311497,6
1053187,5
1297258,1
1111854,6
1023064,6
1291830,5
1158211,4
1033003,1
1005887,6
1044328,5
1091159,3
1135676,4
1176888,3
1237593,6
1098307,6
1313772,5
1175948,5
1205923,5
1184229,6
1046169,4
1160266,6
1278106,6
1309596,3
1307613,3
1206750,3
1157058,4
1039928,3
1294662,4
1201156,6
1122732,5
1279250,3
1080044,5
1313068,1
1228464,4
1006198,4
1317588,4
1101154,5
1184452,4
1299214,1
1128771,4
1024748,3
1242688,4
1096736,4
1227414,4
1310801,6
1017031,2
1242604,6
1130262,1
1065298,4
1210064,3
1094182,6
1169817,6
1010794,3
1195449,3
1142789,4
1076522,6
1244397,5
1128966,4
1096756,4
1229224,4
1145863,4
1283243,4
1272570,1
1290658,3
1293946,2
1047009,6
1281890,5
1204467,3
1213379,1
1234978,5
1222665,1
1042949,3
1062464,6
1309817,4
1124592,1
1240445,3
1032941,4
1183973,1
1128819,4
1221558,6
1323051,4
1269267,6
1313130,3
1177607,1
1168138,3
1189272,5
1312296,6
1204131,5
1020883,3
1015002,6
1247674,6
1138531,5
1032972,3
1296951,3
1217084,1
1154856,3
1258880,3
1173386,6
1089427,1
1172669,7
1099840,6
1266475,6
1077967,2
1295086,6
1000764,5
1207244,6
1318485,6
1234032,5
1104243,6
1324467,5
1039870,1
1038701,6
1224573,3
1271978,5
1172625,3
1263585,3
1072056,4
1193907,1
1151012,3
1274948,5
1067892,3
1203031,6
1070412,6
1306249,4
1102923,1
1215677,6
1260620,4
1214443,6
1006680,5
1024143,6
1136595,4
1246988,3
1235803,6
1096356,5
1167894,6
1091224,5
1190404,3
1235383,5
1217420,3
1136128,3
1051913,3
1262976,5
1272879,6
1213691,6
1051313,3
1149139,3
1012722,6
1143180,2
1011241,1
1041559,1
1072668,3
1167931,3
1054250,6
1067807,3
1002667,4
1155916,4
1272867,1
1077411,3
1126562,1
1163505,6
1316500,4
1064604,4
1118673,4
1010318,3
1012563,6
1061171,1
1155356,6
1163094,6
1197369,5
1178982,3
1162323,4
1301835,3
1164899,5
1063075,6
1104671,6
1087935,4
1263947,3
1319065,6
1301083,1
1095784,5
1132201,3
1309901,5
1258718,4
1102875,6
1271785,3
1044198,4
1185283,5
1248568,6
1211879,3
1049251,6
1189801,4
1083937,1
1088934,3
1246077,6
1042694,6
1164903,4
1202141,4
1101669,3
1248871,4
1289812,1
1293176,6
1161666,4
1266262,4
1177285,6
1152002,6
1074660,6
1209199,5
1065995,6
1103133,6
1162629,4
1060072,6
1200338,4
1255814,3
1047796,4
1103092,3
1209736,4
1206015,1
1064562,6
1022420,6
1277842,6
1252833,6
1052129,6
1101964,3
1182577,4
1324416,3
1143214,3
1256395,2
1060663,4
1284234,4
1266093,6
1120864,4
1043472,5
1246606,6
1100431,4
1320799,4
1300395,6
1222702,1
1192989,5
1204128,6
1305410,3
1008752,5
1287217,4
1191065,4
1188807,6
1142861,6
1158928,4
1305894,6
1004498,5
1297681,4
1051005,4
1055377,3
1172936,1
1283091,3
1127360,3
1268674,5
1219993,5
1279753,6
1014615,6
1129872,3
1000308,5
1287331,3
1187045,3
1184275,6
1194973,4
1167122,6
1293952,6
1159685,3
1017367,4
1147207,6
1294405,3
1023444,5
1200235,5
1032917,6
1215196,6
1139991,3
1137906,3
1027884,6
1321868,3
1262024,4
1234954,4
1084018,3
1218125,3
1171141,6
1061510,6
1217802,4
1058139,4
1187467,4
1308690,4
1129453,4
1165069,5
1315756,6
1056883,5
1130975,6
1043671,4
1141439,4
1158750,4
1068083,7
1138396,4
1203514,2
1020814,1
1288444,5
1233030,5
1118436,4
1049431,3
1092687,4
1219253,4
1309461,5
1145328,6
1164234,6
1193857,1
1270403,5
1204964,6
1140511,6
1064628,1
1171182,1
1067036,4
1283800,1
1149496,1
1290606,5
1324047,1
1208040,2
1032853,1
1309607,5
1042479,5
1234433,6
1029083,6
1150825,3
1263597,4
1281215,3
1263613,3
1195279,6
1056664,5
1126009,6
1091520,4
1211348,4
1012106,6
1256851,1
1243107,1
1106534,3
1103839,3
1027329,1
1235333,1
1210908,4
1075027,3
1042413,4
1276410,3
1238983,6
1218315,5
1213458,5
1315070,4
1222072,4
1243516,6
1286072,4
1310178,3
1184245,3
1068266,6
1149735,6
1132921,3
1184517,6
1011440,3
1207196,1
1034173,6
1243029,4
1000828,6
1235919,5
1212189,6
1240831,3
1280041,3
1306383,6
1226482,4
1297396,2
1120817,5
1318723,5
1309458,1
1034298,1
1259781,1
1216986,3
1293658,3
1021733,3
1309426,2
1062516,4
1294702,5
1144008,6
1008785,4
1000461,3
1125190,3
1287212,6
1160457,5
1137819,1
1077083,6
1157397,2
1211291,4
1091208,2
1140424,6
1263397,1
1051049,4
1048706,6
1133850,5
1179874,5
1231326,3
1232027,5
1049773,4
1293540,4
1066992,1
1092621,6
1012809,3
1107285,3
1040322,4
1165612,5
1084771,6
1158882,3
1322085,4
1193467,3
1302331,1
1102662,4
1070341,3
1000084,4
1279238,6
1056363,4
1168696,4
1050917,6
1180308,3
1123976,3
1031334,3
1230113,4
1196802,6
1128080,5
1233529,5
1308002,3
1096596,4
1278693,4
1192608,3
1179346,4
1156092,4
1124855,3
1090546,3
1243853,6
1087635,4
1206369,5
1141126,4
1102619,4
1218024,6
1009483,5
1145961,3
1028268,4
1236060,5
1122573,1
1213663,4
1062470,4
1142542,4
1096990,5
1101738,6
1206558,6
1016759,5
1210062,4
1039024,1
1013908,3
1315798,5
1137470,6
1010428,4
1032607,3
1084091,3
1013400,3
1099399,6
1136631,5
1211915,6
1246713,3
1088913,3
1134495,6
1172660,5
1152286,1
1153798,4
1244272,6
1164502,4
1166059,4
1267115,3
1019754,5
1125373,3
1194677,4
1206438,6
1257520,3
1090134,3
1194124,4
1080198,5
1092905,1
1286102,6
1280084,4
1161994,6
1093585,3
1248798,6
1258311,3
1101775,3
1216742,6
1224359,6
1111364,6
1031447,5
1023252,6
1164731,3
1076428,5
1254703,1
1163805,3
1115079,6
1099964,3
1227055,4
1286096,4
1293640,4
1221271,5
1228127,5
1101833,4
1276257,1
1110219,6
1252448,6
1267077,1
1133918,5
1307071,3
1110397,6
1076909,1
1206487,3
1180788,4
1228616,5
1070898,3
1265260,6
1251932,6
1157495,5
1021110,3
1043568,6
1313907,5
1152976,3
1102271,4
1162676,3
1304096,3
1230115,4
1140017,4
1173949,6
1120670,5
1252624,4
1245131,4
1258295,4
1102775,3
1275267,4
1248813,5
1109167,3
1278574,5
1183731,3
1249320,6
1037148,4
1292332,4
1204624,4
1190528,4
1247335,3
1035669,1
1320738,6
1235732,6
1150992,5
1086071,5
1253867,3
1053223,5
1296789,4
1100084,6
1289328,4
1197784,3
1220527,1
1026106,4
1287993,3
1225664,4
1144376,7
1285599,4
1198785,1
1097240,3
1216866,5
1174116,5
1182692,3
1038080,6
1243181,6
1192346,6
1310156,1
1019342,3
1047486,4
1232326,4
1254050,3
1273257,4
1239671,6
1126056,6
1003718,1
1285011,3
1146071,4
1083813,3
1216855,3
1166935,5
1001746,3
1120054,6
1236359,3
1258365,6
1173275,6
1310382,1
1157377,3
1016037,3
1117950,5
1102608,1
1256799,6
1107156,1
1127694,3
1260367,4
1274636,5
1143295,7
1009498,6
1035376,6
1149993,4
1200007,1
1085193,5
1291048,4
1070349,6
1208108,6
1039315,4
1058860,6
1266435,3
1274072,6
1192944,6
1201017,6
1001933,6
1050218,6
1101232,6
1272931,6
1099764,5
1076902,5
1320601,4
1222848,6
1209558,3
1065972,4
1245082,1
1274813,3
1070201,4
1146277,1
1111978,6
1000750,3
1072946,5
1207472,4
1308699,3
1020332,6
1288747,3
1150699,6
1181712,3
1158324,4
1013405,1
1263687,6
1254672,6
1210964,5
1171019,4
1272033,6
1126578,3
1047611,3
1023932,1
1272818,3
1005523,6
1277072,3
1085204,4
1265672,6
1099265,3
1033512,1
1282498,3
1119051,5
1222735,4
1202290,4
1258042,3
1096156,3
1302871,6
1255268,1
1166542,5
1202051,6
1139699,6
1061627,3
1039578,3
1010236,4
1071609,3
1159859,3
1145474,1
1155091,6
1236625,3
1188167,4
1005020,1
1132968,5
1192868,4
1135093,5
1009943,5
1272978,4
1051141,4
1179605,4
1024050,4
1315820,5
1262377,6
1035056,5
1082976,6
1311706,4
1148961,4
1196752,6
1051901,6
1095111,3
1066053,3
1010784,6
1187348,4
1206135,6
1156171,3
1237329,6
1227655,5
1191674,6
1218802,6
1006184,4
1285436,3
1265785,4
1256355,4
1082878,3
1096453,6
1255824,6
1154613,4
1028947,4
1301894,3
1172570,3
1264593,5
1235347,6
1286202,6
1058948,3
1228379,5
1293191,4
1311104,4
1290148,1
1272885,5
1051986,6
1015564,3
1076294,6
1070965,3
1095754,4
1324684,3
1300188,6
1003766,4
1072906,5
1049782,1
1231734,3
1126408,3
1169443,4
1031181,4
1314800,1
1211976,6
1164968,4
1267514,4
1179682,3
1274253,2
1029308,3
1104876,6
1109830,3
1173559,5
1100512,4
1214043,4
1111494,5
1114930,6
1148392,3
1281810,5
1087293,5
1108549,6
1307339,6
1295688,4
1202196,5
1282617,1
1050151,4
1216968,6
1058291,5
1100529,6
1000822,5
1274400,3
1190063,4
1136261,6
1237352,4
1070884,5
1183063,4
1271088,4
1042945,3
1310603,6
1026859,5
1073594,3
1219079,3
1076957,6
1158690,5
1251827,3
1047794,4
1063438,3
1300818,3
1012087,6
1256628,1
1167415,6
1218269,6
1172885,4
1206341,5
1129443,1
1195789,3
1052394,6
1206187,3
1180451,6
1040268,4
1173433,5
1023368,3
1261392,6
1279556,1
1282569,5
1016483,4
1179166,6
1209016,6
1074704,4
1208299,3
1194346,3
1256727,4
1007969,4
1113273,3
1201335,6
1325447,6
1090254,1
1056632,5
1039465,6
1032380,5
1008275,6
1063612,3
1219229,3
1260752,5
1263240,5
1134058,6
1001123,5
1179023,6
1148886,1
1119381,4
1323338,5
1074948,6
1011253,1
1033180,5
1318597,3
1117445,1
1209464,4
1224478,3
1278745,6
1269727,4
1104554,5
1162643,6
1052768,4
1231398,1
1258155,3
1230276,6
1209881,4
1091493,5
1078469,5
1079701,6
1171953,1
1197144,3
1029620,3
1006064,6
1313155,3
1095987,4
1059508,1
1194588,4
1205603,3
1104326,6
1182352,3
1061498,6
1200703,6
1111238,1
1092517,6
1260006,4
1069113,6
1276852,5
1145514,3
1216447,5
1247322,6
1287340,3
1211779,1
1277471,1
1260470,3
1262455,3
1137335,1
1270965,4
1292686,1
1314588,1
1177307,3
1218924,6
1267644,4
1321025,3
1156487,6
1084965,3
1254040,6
1001404,1
1174523,1
1066082,6
1269548,6
1240899,1
1282114,4
1048065,3
1309031,6
1029592,4
1320777,6
1148638,6
1198491,6
1219383,4
1129710,5
1110503,1
1033800,4
1241882,6
1049905,3
1214063,1
1077126,4
1180200,3
1148985,4
1105024,5
1061820,4
1178945,3
1255084,3
1170808,4
1280651,4
1115735,4
1109264,5
1271938,5
1311412,6
1219318,6
1241703,1
1310283,1
1214363,6
1171041,6
1078167,3
1117672,3
1244935,4
1269401,5
1063054,6
1139680,4
1131628,6
1052143,3
1128960,6
1128518,3
1092791,6
1160372,3
1173509,4
1300742,6
1049597,3
1028505,3
1232710,3
1065952,1
1097150,6
1111829,3
1010198,4
1141093,6
1325183,6
1144735,3
1057218,5
1137185,5
1102284,3
1261757,3
1174503,1
1186525,4
1109817,4
1282889,4
1092729,1
1257953,1
1048282,6
1267844,5
1040507,4
1078805,4
1060328,6
1277210,2
1129038,6
1210949,6
1228767,4
1048614,5
1198045,6
1245200,3
1058894,6
1086845,6
1110053,6
1063785,5
1233981,6
1053452,6
1052263,6
1111490,5
1289463,3
1207271,4
1135588,6
1277804,3
1240078,6
1168153,5
1308262,6
1196372,3
1261915,5
1044428,4
1171612,5
1157289,6
1107289,4
1040172,3
1285705,6
1046393,6
1124640,5
1322701,6
1251022,6
1171937,4
1310765,5
1088100,3
1014295,4
1009396,6
1003452,4
1085686,6
1134847,5
1239210,3
1302840,3
1003272,2
1054691,4
1219468,5
1009254,5
1220904,5
1128182,6
1234718,6
1239372,4
1192622,6
1140863,1
1275922,6
1094955,4
1014099,1
1164704,6
1175770,3
1245616,5
1225086,5
1112630,3
1269377,6
1025332,6
1162903,6
1108327,5
1214618,6
1072610,3
1258427,1
1102795,4
1310950,4
1295731,6
1147635,3
1312604,4
1267158,5
1102866,3
1064132,4
1228300,1
1282393,3
1295467,5
1153780,3
1267447,3
1096530,3
1000898,4
1094819,3
1314509,4
1152931,4
1125844,3
1282087,6
1104433,4
1025799,3
1119484,6
1256590,3
1222308,5
1024189,3
1210316,6
1166801,3
1319403,6
1028613,6
1116217,1
1099312,4
1207762,3
1248602,6
1225318,3
1272316,1
1053760,6
1095924,4
1095807,4
1203244,1
1187245,3
1255616,6
1022443,6
1298389,3
1013972,4
1263302,6
1276818,5
1075906,4
1101520,3
1006022,6
1200804,3
1162131,5
1009872,4
1317437,3
1152967,5
1154812,3
1043608,6
1232204,4
1010315,3
1310475,3
1060282,4
1073007,1
1091351,5
1145434,5
1222677,6
1158051,6
1144891,4
1151216,5
1141166,6
1173951,5
1303063,6
1211519,1
1126117,6
1081566,4
1058926,3
1268898,3
1241577,6
1215615,4
1322129,3
1302046,1
1308139,6
1119956,3
1299238,4
1072139,6
1136332,1
1228721,4
1079092,6
1139695,6
1123060,3
1185343,4
1194873,4
1123174,2
1296942,5
1232197,1
1228074,5
1113845,3
1143190,6
1166755,5
1253666,1
1030760,4
1134016,6
1214683,5
1199046,4
1088743,3
1003723,6
1289633,4
1160242,6
1142138,1
1043870,1
1087054,3
1169382,4
1249690,6
1228147,3
1273476,4
1241829,7
1060408,3
1188084,5
1046081,6
1259068,4
1151640,4
1038930,5
1281405,4
1038450,6
1118979,4
1139784,1
1164633,6
1151726,3
1068173,3
1105100,5
1220587,5
1250973,4
1126444,5
1116045,6
1270089,6
1237643,2
1215750,4
1064039,6
1315557,4
1179248,5
1211197,5
1120787,6
1200528,5
1220078,6
1216600,6
1065316,4
1261417,4
1238691,6
1319163,4
1214570,4
1144739,3
1183627,4
1325740,3
1063476,3
1103522,4
1215019,6
1166361,6
1178805,6
1238094,1
1173082,6
1108511,3
1029359,6
1111745,4
1057387,5
1074178,5
1141935,3
1217443,4
1256600,3
1165328,6
1005933,5
1160517,3
1210491,6
1005935,5
1302210,6
1219864,6
1309698,1
1182116,6
1243047,4
1221612,3
1272821,4
1059072,3
1147644,3
1161691,3
1188536,4
1090294,6
1060693,3
1131228,4
1323771,3
1210509,4
1303269,6
1006764,6
1297989,5
1271654,1
1019620,4
1058088,1
1285797,6
1323875,4
1165774,4
1273361,4
1167885,6
1166216,6
1280151,6
1039170,3
1161741,2
1306389,4
1186278,4
1225044,5
1172622,4
1264208,4
1049343,5
1205695,3
1093668,3
1265851,6
1167012,6
1056371,4
1209648,6
1269755,4
1297874,3
1115555,4
1045042,6
1234476,3
1023493,3
1199278,3
1201368,1
1315364,4
1067323,1
1259812,1
1222749,6
1070830,5
1017602,4
1244185,2
1085776,6
1117646,4
1098400,6
1001965,4
1087758,5
1022684,4
1203996,6
1289188,3
1322083,6
1223172,4
1202010,4
1189307,5
1164459,3
1172975,1
1323667,6
1156432,6
1036506,3
1106353,4
1034085,6
1283803,4
1022722,6
1153960,1
1043663,3
1200067,6
1109001,5
1204659,4
1194203,4
1119703,4
1001094,3
1120020,6
1101338,3
1154604,3
1290917,3
1200010,3
1210755,4
1073277,3
1115535,6
1188960,6
1289784,6
1148522,4
1095305,3
1019982,3
1166442,6
1153671,5
1027719,5
1055486,4
1131752,4
1089289,6
1027764,5
1243807,1
1094220,1
1146997,4
1218500,4
1292119,4
1099089,4
1063532,4
1037814,6
1128504,3
1268307,3
1217359,5
1317278,5
1306707,1
1161665,3
1056064,5
1270262,5
1294013,3
1211600,1
1264744,5
1288276,6
1127758,3
1048407,6
1271503,6
1018543,4
1072964,5
1134644,6
1104226,6
1025003,4
1028938,5
1050012,1
1026198,6
1127097,3
1052184,1
1207149,5
1174941,4
1083257,3
1208177,6
1303008,1
1110865,4
1320561,3
1232791,4
1173335,4
1269621,4
1196176,6
1103026,4
1225973,1
1046230,5
1225710,6
1023047,6
1184865,5
1094060,5
1108444,1
1316857,6
1036289,1
1084396,6
1298527,5
1082609,4
1296796,6
1223541,3
1170345,6
1004873,1
1068149,3
1045909,4
1046900,3
1287857,5
1088911,5
1163391,4
1207853,1
1284977,6
1222035,3
1088278,1
1242587,6
1098581,6
1088848,6
1066178,5
1115513,3
1042138,5
1176025,3
1223230,6
1223159,6
1182970,5
1042579,5
1038045,5
1079543,6
1259996,5
1058888,3
1288104,6
1140847,5
1098617,5
1322070,6
1261973,3
1079020,4
1007127,3
1204111,6
1214371,4
1311745,3
1239630,6
1195851,3
1018171,4
1000053,6
1274432,3
1186580,5
1070197,5
1156019,5
1058237,6
1137860,3
1046765,5
1063409,3
1139065,1
1193446,4
1162405,5
1186500,6
1093943,5
1236485,3
1033277,6
1302127,3
1182913,6
1142630,4
1325503,4
1098751,3
1075930,4
1255942,4
1129859,5
1248230,3
1047499,3
1024124,4
1218052,3
1272966,5
1010275,6
1277302,5
1313739,1
1005469,1
1133484,4
1074064,3
1159840,5
1112846,6
1280888,3
1255658,3
1062089,6
1182494,3
1298364,3
1159421,6
1070626,6
1027744,6
1213886,5
1039886,3
1140062,4
1120241,4
1210872,5
1046666,3
1013120,1
1134408,5
1122605,1
1099794,6
1184610,6
1074714,5
1301645,4
1185210,6
1306752,6
1162813,6
1208085,6
1022979,5
1078584,1
1224066,3
1054369,6
1247385,1
1077211,4
1068487,5
1193456,3
1117916,1
1235554,6
1193564,4
1004887,4
1223129,6
1241017,6
1203128,6
1056973,4
1183464,4
1251891,5
1226253,5
1025938,5
1058282,5
1292625,3
1062260,5
1043222,4
1232613,4
1099864,6
1190239,6
1251366,6
1031663,3
1197223,6
1172747,4
1012751,1
1291539,5
1054180,4
1281809,4
1003224,3
1062432,5
1258237,6
1090888,1
1247277,4
1182492,6
1067128,1
1231123,4
1119732,4
1111898,3
1016669,1
1280612,3
1180336,4
1178643,1
1113351,3
1055357,6
1222302,4
1299071,5
1065613,6
1295881,3
1021701,5
1052862,3
1091089,3
1010434,6
1006796,1
1189404,3
1088870,4
1295631,5
1214170,6
1197634,3
1311962,6
1248155,4
1060738,5
1023899,6
1211481,4
1312032,3
1150431,4
1213973,3
1199766,4
1222795,4
1310143,1
1026020,1
1280619,6
1087298,3
1056426,3
1190198,4
1011346,5
1176157,3
1174460,3
1139161,4
1163418,6
1265930,3
1020306,5
1037039,1
1272580,6
1060929,6
1038635,4
1014275,6
1221276,1
1225864,1
1020538,4
1314062,4
1183916,3
1040938,5
1275412,1
1072709,1
1124175,5
1161078,3
1008045,3
1093157,1
1234506,1
1109977,6
1319548,5
1311910,6
1043772,4
1073172,1
1074289,3
1229735,6
1124931,3
1157216,4
1024436,3
1267256,4
1008152,4
1315024,6
1195747,5
1193940,2
1058439,3
1182480,3
1320101,1
1033422,4
1251566,3
1190549,3
1168118,4
1006807,5
1220116,3
1159417,1
1293263,7
1284083,6
1063420,5
1084213,3
1106308,3
1280902,3
1256999,4
1234571,5
1171223,6
1214190,3
1320445,5
1176040,6
1224057,6
1321909,4
1209317,3
1140060,5
1262929,3
1113208,4
1099535,3
1133363,1
1062631,3
1072837,3
1156898,4
1147005,4
1027913,3
1003403,4
1301045,4
1275469,6
1294064,6
1157218,3
1255067,2
1173229,3
1025977,1
1262813,4
1192555,5
1191512,3
1148761,5
1324815,5
1000667,4
1132264,6
1087255,6
1150548,6
1131711,3
1217307,5
1305781,3
1134106,4
1153706,4
1255766,4
1007897,6
1045942,1
1301857,6
1085827,6
1120445,3
1208648,6
1274451,3
1193622,4
1215799,5
1135888,6
1133648,4
1158516,6
1020022,5
1214559,4
1113316,6
1155983,4
1189032,6
1175831,4
1255215,4
1019597,6
1139180,5
1104156,6
1155551,3
1185994,3
1141282,4
1033312,3
1263315,4
1173608,3
1256656,1
1111759,1
1175236,3
1222599,6
1240724,6
1020863,4
1038418,4
1242550,6
1052298,3
1147948,5
1053373,6
1239797,3
1179405,3
1191475,1
1190917,6
1036025,3
1126659,3
1146369,3
1024464,5
1193716,4
1001555,4
1038850,3
1292738,4
1284604,5
1066616,6
1274701,6
1170194,5
1253755,3
1187758,3
1067738,4
1296248,5
1154761,5
1215670,6
1039137,6
1286727,5
1110853,6
1022006,5
1133907,6
1012428,1
1295843,3
1293584,4
1057514,6
1104843,5
1281785,3
1230710,3
1085282,3
1047504,6
1143637,4
1057086,3
1208272,4
1209806,4
1056027,6
1083890,5
1261958,4
1223032,6
1210661,3
1002075,6
1187712,3
1201553,2
1003474,1
1099049,3
1283019,6
1279830,1
1320439,4
1296210,3
1041406,1
1117933,6
1211380,6
1105050,4
1041672,5
1047641,3
1101406,4
1262631,3
1078531,3
1140268,6
1166251,5
1057154,3
1142884,1
1191744,5
1155025,6
1049198,3
1206222,6
1261375,3
1034225,5
1115206,3
1270112,4
1023406,6
1296907,4
1190776,3
1324919,3
1273457,3
1076043,4
1194713,6
1104631,6
1284106,3
1090051,3
1308755,5
1141455,1
1020561,6
1114144,5
1055911,5
1049058,5
1080132,6
1294562,4
1157551,6
1064178,3
1041161,4
1312012,3
1300040,5
1061779,3
1031415,5
1099133,6
1259725,6
1139604,3
1196629,6
1234680,6
1130738,3
1272667,5
1041184,3
1183623,3
1291827,4
1253367,3
1223223,4
1214342,5
1263571,3
1320626,1
1080829,6
1030390,1
1170329,5
1241163,3
1198682,2
1043979,6
1213059,5
1110664,4
1084419,3
1000570,1
1267016,1
1301236,4
1290441,6
1217899,6
1085928,1
1066473,4
1318464,3
1218258,5
1285620,1
1006830,5
1071267,3
1198899,3
1274914,5
1082195,6
1080840,3
1226898,6
1284926,2
1135629,6
1294755,5
1265651,4
1115747,1
1180593,6
1202753,6
1125790,1
1101861,6
1023926,5
1256259,4
1030606,1
1234887,3
1055772,4
1033855,6
1127359,1
1249814,1
1092897,6
1241560,1
1080736,4
1301280,5
1201680,6
1277502,4
1025724,1
1047818,3
1037963,6
1021298,6
1169330,4
1276021,3
1287344,4
1040821,4
1310918,4
1029678,1
1118736,4
1093874,1
1298942,1
1248194,5
1197759,3
1039859,6
1048397,6
1129285,5
1318842,3
1110283,3
1276406,4
1097779,1
1276985,3
1252199,6
1049014,6
1165475,5
1114593,6
1082026,4
1305331,4
1059894,3
1241227,5
1325224,4
1111981,6
1008117,6
1155938,3
1241834,6
1305827,4
1151340,1
1227039,3
1155563,3
1224119,5
1218350,4
1019234,3
1090013,4
1180684,2
1035067,6
1236077,4
1113871,5
1211669,1
1309724,3
1166890,6
1202576,3
1190821,3
1203710,5
1102983,6
1148385,3
1056298,3
1201405,3
1006403,4
1208165,6
1265051,6
1314833,3
1263362,5
1081281,6
1160640,5
1140302,3
1062597,6
1263261,1
1025469,6
1031790,6
1224926,3
1255622,6
1288845,6
1130085,6
1070604,6
1209322,6
1033038,3
1207108,6
1080190,6
1075194,6
1052941,3
1137126,3
1097356,5
1025339,5
1130271,4
1045418,6
1023043,3
1289259,3
1278614,3
1108168,3
1282653,1
1154243,6
1156852,4
1300725,1
1224687,5
1021997,1
1107398,6
1138082,5
1133708,5
1100873,6
1041355,6
1063696,5
1097390,3
1251942,6
1155848,3
1090841,5
1111753,4
1243699,4
1088654,6
1000880,4
1285268,5
1020580,3
1053011,6
1049394,1
1057308,4
1302589,3
1081215,3
1200605,3
1231214,6
1149988,4
1176102,6
1008939,5
1088823,4
1082427,1
1293900,4
1162103,5
1058596,3
1253924,3
1100085,1
1170807,3
1035400,6
1010912,5
1127739,3
1211413,5
1009927,5
1005654,6
1165993,6
1038927,2
1185107,3
1200409,5
1102771,6
1299908,5
1285791,3
1133799,4
1243344,4
1231835,6
1316533,3
1283941,6
1163996,1
1074658,4
1244560,3
1001357,3
1321429,1
1262120,1
1286473,3
1056472,5
1209496,3
1188422,3
1164862,1
1093038,3
1241742,4
1284984,6
1061956,6
1047745,3
1266542,4
1059041,4
1121588,1
1284839,4
1100173,6
1271335,3
1284623,4
1260137,6
1112605,6
1323399,6
1048867,4
1010633,1
1113761,6
1028476,6
1202688,3
1082903,3
1320602,4
1062574,5
1105525,1
1054556,3
1310990,6
1024109,1
1090446,2
1072902,3
1185711,6
1082587,4
1158398,5
1107469,1
1071855,3
1066480,4
1067422,6
1236868,6
1045993,5
1285518,3
1071240,3
1160684,6
1193919,1
1136409,4
1156249,1
1170156,4
1170008,3
1174746,6
1036254,3
1123281,6
1076257,4
1079026,3
1120910,4
1320115,3
1183312,4
1276195,4
1317489,4
1063269,4
1207008,6
1018183,1
1064160,3
1030274,6
1159330,4
1218735,6
1139656,6
1216685,3
1173208,6
1303478,1
1266779,4
1159022,4
1063660,1
1266367,4
1211731,6
1179505,1
1210137,3
1149084,3
1301755,6
1157291,3
1194385,6
1115644,4
1185006,3
1060680,4
1291484,3
1175454,3
1152127,3
1263637,3
1025960,3
1109552,2
1222666,3
1303516,4
1125772,4
1273641,4
1119805,5
1162860,6
1109933,5
1249157,4
1256007,3
1061536,4
1080987,3
1263343,3
1078529,4
1205989,1
1237580,6
1135193,3
1259691,4
1036973,3
1227111,4
1227601,3
1320086,5
1280140,3
1108121,1
1037316,4
1111844,3
1277118,1
1082760,5
1118214,1
1232121,6
1305587,6
1306231,4
1060792,1
1278297,6
1148063,6
1233971,3
1270146,5
1188425,5
1129006,4
1325805,1
1231461,6
1169679,3
1086364,1
1071437,4
1013096,5
1324184,3
1245805,6
1001376,3
1231252,4
1271787,1
1265948,6
1022134,3
1005791,5
1146962,6
1111858,4
1302101,1
1065301,1
1123798,3
1027819,6
1166889,3
1191253,4
1186515,4
1168858,3
1054977,4
1072343,1
1146773,6
1325686,4
1317688,6
1113415,6
1206338,5
1242718,6
1075848,6
1013089,3
1166157,1
1286738,3
1156285,6
1314668,4
1129294,3
1076069,4
1013801,6
1033738,1
1004717,3
1223068,4
1273146,6
1173279,6
1265884,6
1089518,4
1262514,3
1289179,6
1198472,5
1213117,5
1252643,6
1224884,6
1035851,4
1207218,4
1185031,6
1291196,5
1196896,2
1035121,2
1070696,1
1027439,3
1171179,6
1150667,3
1020469,6
1024059,3
1273590,5
1076665,6
1197855,4
1166869,1
1144427,5
1042209,3
1186674,4
1083138,5
1300381,6
1008819,1
1034891,5
1292776,1
1079226,3
1089166,3
1243275,4
1101027,1
1285794,3
1144092,5
1114945,6
1286475,1
1167507,4
1036474,6
1304506,6
1309863,3
1268364,3
1067338,4
1035034,4
1289766,3
1284989,3
1096855,4
1016002,4
1066396,6
1240499,6
1223123,4
1045438,6
1276408,6
1325817,4
1004138,3
1038843,3
1265497,6
1296697,6
1194947,5
1074448,4
1236978,4
1164469,4
1245800,5
1100597,4
1080904,6
1168844,4
1286526,3
1232917,4
1107164,4
1144702,6
1232959,6
1137562,3
1257177,6
1098658,3
1096144,3
1219913,5
1313817,6
1021971,3
1213679,5
1243031,1
1109868,3
1274303,4
1311899,3
1306726,4
1013171,3
1050957,6
1112039,3
1310438,4
1036546,3
1314997,2
1239024,5
1077384,6
1127406,4
1315411,6
1093959,3
1176684,5
1319952,6
1142531,6
1281120,6
1141865,4
1319910,6
1078999,4
1139621,6
1062410,4
1105752,3
1147866,3
1126526,3
1101756,6
1285346,6
1241137,6
1134013,6
1129886,5
1071338,3
1278378,6
1291007,6
1186712,4
1201167,4
1028978,3
1018058,4
1140609,3
1137515,3
1300932,4
1016977,1
1199814,4
1243830,4
1179188,6
1319268,6
1048427,5
1018066,6
1288837,6
1005808,1
1171096,3
1198751,1
1087928,4
1223959,6
1305238,5
1079842,1
1109896,5
1154328,6
1063171,3
1166522,4
1258262,2
1192477,4
1308119,1
1119579,4
1121735,5
1043060,6
1113957,6
1060016,6
1244329,1
1311627,3
1145705,4
1309259,4
1206692,4
1219589,3
1065744,5
1124116,6
1162378,6
1122216,6
1004494,6
1257319,4
1000035,4
1022331,5
1102467,3
1035707,6
1260660,5
1179924,5
1102236,4
1274877,1
1032407,6
1179589,6
1159790,5
1086151,4
1239489,1
1088510,5
1164356,6
1208724,6
1223395,5
1322403,4
1012948,1
1237365,3
1006084,3
1084073,4
1084897,1
1279464,6
1255068,4
1078374,4
1243420,6
1055429,6
1079899,3
1050981,1
1176636,3
1019528,5
1120730,6
1179337,6
1096111,5
1026004,4
1018476,3
1239880,5
1063773,5
1059351,6
1134615,1
1007484,4
1070013,1
1047149,4
1035549,3
1146632,3
1153855,4
1019906,5
1151320,1
1267225,5
1210752,3
1019064,1
1316144,6
1059008,6
1031986,4
1133716,4
1014109,5
1266772,5
1097983,1
1002538,4
1077541,3
1294898,4
1174017,3
1122305,1
1216949,4
1051146,6
1248158,4
1174367,6
1258192,4
1097682,4
1018420,6
1302317,3
1093373,1
1174868,3
1290720,4
1023344,3
1197329,3
1101165,4
1235936,6
1058471,6
1132453,6
1054450,4
1318299,6
1059597,3
1233116,4
1175903,1
1109132,6
1251870,6
1141341,1
1019386,3
1069130,3
1215235,6
1221340,3
1140004,5
1107424,4
1126281,5
1150367,6
1150551,5
1011788,4
1141358,4
1311322,3
1041525,4
1205215,3
1192026,5
1133031,1
1125023,4
1130605,5
1145520,4
1086139,3
1194035,6
1270337,4
1321975,6
1307604,3
1157437,6
1085216,3
1303456,4
1239038,6
1206608,3
1166991,5
1225778,4
1325589,1
1074466,3
1217158,3
1233553,4
1110735,6
1286625,5
1146786,4
1168406,4
1177124,6
1176305,6
1312895,4
1246073,6
1220957,3
1039013,6
1014697,3
1123731,4
1165229,3
1088508,3
1028156,4
1118713,1
1305832,5
1325751,3
1173581,4
1050382,6
1020360,4
1068229,3
1292404,3
1278895,4
1200090,6
1078757,4
1276839,5
1205228,5
1067589,4
1275291,6
1210366,4
1081091,3
1029307,6
1168864,3
1304906,3
1044472,5
1302752,3
1289198,1
1090153,6
1234870,3
1022936,1
1150658,6
1160643,5
1232642,6
1026058,1
1299611,4
1202883,4
1276438,3
1085629,3
1193948,6
1215715,1
1189877,3
1133022,4
1090810,1
1245581,6
1072958,3
1206862,4
1021243,6
1267011,4
1192656,6
1058796,6
1104029,3
1197966,4
1212957,5
1109324,6
1000813,3
1316041,5
1265858,4
1213990,5
1312310,6
1071548,6
1232435,4
1125415,4
1295316,2
1140549,3
1307431,6
1238450,6
1222874,5
1025645,6
1303882,4
1271439,4
1233538,1
1037916,4
1070739,4
1019291,3
1062908,5
1003453,3
1063417,5
1063048,4
1225644,7
1169640,3
1054545,6
1236613,6
1249112,3
1003550,5
1210592,1
1189377,6
1069817,5
1210723,5
1194333,1
1157797,3
1077199,4
1105694,1
1292526,5
1218224,6
1323658,4
1249892,1
1231022,5
1097670,1
1250370,6
1258716,4
1225052,4
1056974,4
1090418,3
1026562,4
1044023,6
1024341,3
1318978,3
1053515,4
1172091,6
1287079,6
1022165,3
1121051,3
1098164,1
1029699,5
1323200,5
1150236,4
1129745,6
1002875,3
1244103,1
1019780,6
1134105,4
1025263,3
1105944,4
1094960,6
1059223,6
1184927,4
1145553,4
1017282,6
1092523,6
1168302,4
1043898,6
1262511,6
1307001,4
1094308,4
1188685,6
1224335,3
1017145,4
1014856,4
1312335,6
1301769,6
1216612,4
1039608,6
1207310,3
1160177,4
1190392,1
1240792,5
1025342,1
1109335,6
1140789,6
1276006,4
1033659,6
1031823,5
1296081,4
1190110,6
1179887,4
1231331,4
1157204,4
1084254,4
1136484,6
1057616,5
1134490,5
1288231,3
1133170,5
1165575,3
1191272,5
1008793,3
1032689,3
1001663,5
1092731,3
1214241,3
1140232,6
1141704,5
1013776,5
1321908,4
1154066,6
1265774,6
1031684,6
1181812,3
1320623,7
1171623,4
1032517,5
1277367,5
1105471,5
1294990,4
1168548,6
1280771,3
1090876,6
1318489,1
1288357,3
1304132,6
1195470,4
1184765,3
1004425,3
1123656,6
1145852,3
1169497,6
1177017,6
1190172,6
1227455,3
1161168,6
1117771,4
1017642,5
1243390,1
1202203,1
1295026,6
1313374,6
1058716,5
1133650,6
1190550,1
1009659,3
1277104,3
1055897,3
1283694,3
1085691,1
1266382,4
1093326,3
1166106,5
1121180,4
1069626,3
1078081,4
1041671,1
1161937,4
1077382,6
1320702,3
1189443,3
1071821,7
1030675,3
1057914,5
1114499,1
1054231,6
1091802,6
1131083,6
1268613,6
1006566,4
1138872,4
1149257,6
1218189,6
1281726,6
1062551,3
1197044,5
1001166,5
1283482,4
1254635,3
1210730,6
1250074,6
1311593,6
1317840,5
1109644,4
1323967,1
1124702,6
1133332,5
1106978,4
1228477,6
1000996,3
1168217,5
1262960,5
1157321,6
1240423,6
1167116,6
1012620,6
1294509,1
1085783,4
1202320,4
1293594,3
1323760,4
1105852,4
1014372,1
1043061,5
1074164,4
1201124,3
1131766,3
1277078,3
1242326,3
1141562,6
1059146,3
1178895,4
1077888,6
1034672,6
1128353,4
1124442,4
1264026,4
1064796,1
1116732,1
1196856,6
1173425,5
1053217,5
1304291,4
1209644,3
1073990,4
1150058,5
1105898,4
1009247,5
1231090,4
1281445,6
1196687,5
1234828,3
1130553,6
1109412,5
1124566,3
1064225,3
1298900,6
1106852,2
1072923,3
1207747,2
1128715,4
1323169,5
1091434,5
1323396,4
1296086,3
1207460,5
1116951,6
1092347,5
1140996,5
1077998,6
1056364,3
1234882,3
1264554,6
1005053,6
1234072,6
1191996,3
1297936,6
1263485,6
1209197,5
1129642,1
1173831,6
1021703,6
1237383,6
1061220,5
1180140,5
1211141,3
1255599,4
1017758,5
1141066,5
1189698,3
1238112,3
1135887,4
1196228,3
1042764,6
1126168,6
1017313,3
1239425,5
1091460,3
1276512,5
1315852,5
1028076,3
1202578,4
1244376,3
1061690,5
1128149,6
1011014,3
1272209,4
1238164,4
1290080,1
1209405,3
1023674,4
1118551,4
1325779,6
1275989,4
1233196,1
1199957,6
1182848,5
1064523,3
1202718,5
1298034,3
1148201,6
1280512,6
1158520,6
1250437,6
1171346,3
1089433,3
1274792,5
1245115,3
1221130,1
1092533,4
1196610,6
1072115,6
1013741,3
1141195,5
1150247,3
1074501,4
1010066,1
1304533,6
1170355,1
1090948,6
1158155,5
1246234,3
1299251,6
1290489,4
1128658,6
1115067,4
1073340,6
1043447,4
1257765,6
1077705,4
1259684,5
1191668,4
1308714,5
1060805,6
1310745,3
1182603,4
1233755,3
1324769,3
1258461,6
1223508,6
1069714,6
1213031,6
1189001,4
1166739,6
1263828,4
1323363,6
1027911,5
1207532,6
1211409,3
1062977,6
1137239,4
1010166,3
1085897,1
1241869,3
1089896,1
1061403,1
1048615,3
1312283,5
1207645,4
1280703,3
1188109,6
1133527,5
1230056,4
1272352,4
1180819,1
1148465,4
1047403,3
1321183,4
1116331,1
1243470,4
1294675,6
1244808,4
1293710,6
1182864,5
1126224,1
1019448,1
1296143,3
1230706,3
1298444,1
1192401,3
1213466,3
1057663,6
1177206,5
1138757,3
1202362,5
1101581,4
1083277,6
1251842,5
1166162,3
1132959,5
1037990,5
1205257,6
1121848,4
1165789,2
1017906,4
1203766,3
1256801,5
1144789,5
1121455,5
1138219,3
1055202,4
1289021,1
1270313,6
1246900,3
1119080,3
1106302,6
1004935,5
1277793,7
1008841,2
1073786,5
1320361,3
1202775,4
1059635,6
1303757,5
1312702,6
1274321,6
1265365,5
1084878,3
1245994,4
1039661,7
1146901,3
1003692,4
1180264,6
1001330,6
1082509,3
1307813,6
1027461,6
1220254,5
1174848,3
1104025,6
1044602,1
1274664,4
1081492,4
1240959,4
1267400,4
1303329,6
1131259,1
1094080,4
1108429,3
1224173,5
1024192,3
1117606,5
1189887,6
1122140,1
1228081,6
1151283,5
1300819,1
1297569,6
1205246,6
1152357,5
1176782,6
1321992,6
1244534,1
1124519,4
1165626,4
1275040,3
1038091,4
1093509,6
1202799,4
1177706,6
1253965,4
1260343,4
1274005,1
1258755,3
1044066,5
1254392,4
1315763,6
1238458,1
1045071,1
1041819,4
1285487,4
1229905,3
1077020,3
1214066,1
1301152,5
1093171,1
1252106,1
1197686,3
1041482,3
1002161,6
1134804,6
1281506,3
1126146,5
1026967,1
1290579,3
1276275,6
1086904,3
1153018,5
1097365,5
1070209,6
1301604,3
1014421,2
1220761,3
1060161,3
1218270,5
1165408,4
1200838,6
1230877,3
1060330,5
1109674,3
1320350,1
1163714,1
1257228,3
1079506,5
1082422,6
1141430,5
1087606,1
1224616,3
1122940,7
1081633,4
1266747,6
1299384,4
1246534,6
1117184,1
1118156,4
1250934,6
1113835,4
1187932,3
1020625,4
1214405,3
1291550,4
1309830,6
1241032,1
1296844,3
1323637,2
1241113,6
1312362,4
1309006,6
1009700,6
1247702,6
1102007,1
1147021,4
1108374,5
1205315,6
1113674,4
1150407,3
1176615,3
1214890,4
1159657,6
1107846,1
1256352,3
1325457,3
1154518,4
1073530,6
1318547,4
1276329,3
1037280,6
1036919,4
1193920,4
1139790,4
1131478,6
1007507,5
1013197,6
1017265,6
1258929,6
1084592,6
1227532,4
1087515,4
1109418,1
1032804,4
1084650,4
1286566,6
1204504,2
1014598,1
1299664,4
1057763,5
1097884,4
1138658,6
1185221,1
1108521,6
1103700,6
1017586,1
1259154,4
1247217,6
1093146,4
1237659,3
1021547,4
1052341,4
1306422,3
1060873,3
1052074,5
1181890,5
1284918,4
1064782,4
1169049,1
1262167,4
1260301,6
1198193,3
1076419,5
1229287,6
1263744,3
1245574,6
1298714,3
1198122,5
1248582,6
1081887,5
1198462,5
1203266,3
1290926,6
1304522,5
1237065,4
1207264,6
1223691,4
1218618,4
1168127,5
1293453,2
1120527,6
1102575,6
1064050,1
1130066,1
1094649,3
1141096,6
1161074,1
1242211,1
1199548,4
1221744,3
1068585,3
1112310,1
1023841,5
1079533,4
1254196,1
1234663,6
1234498,1
1233744,3
1050675,3
1279782,5
1174472,3
1295503,1
1210076,6
1085862,4
1278630,6
1074186,4
1135481,3
1129019,7
1233506,5
1301313,5
1094296,5
1038890,4
1069771,4
1031365,3
1117607,4
1152508,3
1192029,6
1211971,3
1135257,4
1169177,6
1277809,3
1209360,3
1325210,4
1049999,5
1160145,6
1156556,6
1213299,3
1288774,4
1123058,1
1033572,6
1192788,3
1195282,6
1280814,6
1321669,4
1013080,5
1260269,4
1129965,3
1275883,6
1145691,5
1248831,4
1090318,3
1319974,6
1215593,3
1186140,6
1048647,1
1176600,4
1225534,4
1025373,6
1001596,3
1265127,1
1015409,3
1187486,5
1179706,4
1288718,3
1325146,5
1095571,5
1035916,1
1233650,4
1204749,1
1099828,4
1258985,3
1056661,6
1189675,5
1111004,3
1217022,4
1122433,3
1249898,5
1109407,1
1293824,6
1185972,5
1040634,3
1075683,4
1023392,5
1146640,5
1204535,3
1076441,6
1106617,6
1237518,5
1039191,4
1033929,3
1225819,3
1306185,4
1315913,3
1226587,6
1317396,3
1160221,4
1188834,1
1055497,4
1065089,4
1084175,6
1139732,6
1015649,5
1000514,1
1321108,4
1171022,4
1295949,6
1130314,4
1207499,5
1228407,1
1276916,1
1052939,3
1088233,4
1165477,1
1232866,4
1228199,6
1119904,6
1040757,4
1143862,1
1086162,3
1034680,3
1208933,3
1161420,6
1271440,3
1177663,6
1207440,6
1250801,6
1106560,6
1002236,4
1149019,4
1248712,5
1104480,4
1197407,6
1146390,5
1217399,3
1222959,6
1278276,3
1017747,4
1122809,6
1131359,6
1321830,3
1291794,4
1192994,6
1045948,4
1225267,4
1062725,5
1033540,3
1324285,4
1264515,3
1095060,5
1117529,3
1178795,5
1084271,6
1281825,4
1215836,5
1026127,3
1149968,1
1103087,6
1200642,5
1063400,4
1116835,3
1190929,1
1143481,6
1187565,3
1030491,6
1185789,6
1086792,6
1204508,6
1189204,6
1179738,3
1281478,1
1306893,3
1217918,6
1110309,3
1203119,4
1166277,6
1190243,3
1250332,6
1075423,4
1067582,1
1239469,4
1247363,3
1013117,1
1148044,3
1019694,2
1179921,3
1144273,4
1039977,3
1186125,6
1157224,5
1261663,4
1198178,5
1287917,3
1036495,6
1078066,6
1318734,6
1288499,3
1015803,3
1159516,3
1218966,4
1058254,5
1001638,5
1269381,4
1265643,3
1191441,6
1119432,6
1083700,2
1039823,5
1049576,6
1257489,4
1108412,5
1249715,4
1247992,1
1235983,4
1100737,4
1047960,3
1213614,1
1300313,3
1272479,4
1315490,6
1305251,4
1144232,1
1122977,6
1269958,6
1097680,4
1287770,3
1226734,4
1118590,4
1205996,3
1287843,4
1128780,4
1068217,4
1208316,6
1043356,3
1282659,4
1163314,6
1144943,1
1087417,1
1153585,3
1187832,4
1283519,4
1241799,6
1160064,5
1261209,1
1243665,3
1023477,1
1085815,6
1093481,5
1119070,6
1273264,5
1210204,1
1194907,6
1324126,5
1180467,1
1015493,6
1301222,3
1207386,3
1051090,1
1083405,1
1262353,1
1312712,1
1132539,6
1299666,6
1143313,5
1042026,3
1128307,5
1142742,3
1270339,5
1025294,6
1182073,3
1239779,4
1206746,6
1124921,6
1187732,3
1054930,6
1018511,6
1047886,4
1193040,3
1202911,6
1224322,3
1257899,6
1261268,1
1072354,4
1048670,3
1324739,3
1090803,2
1186701,6
1128363,5
1077701,3
1293212,3
1061243,4
1149147,5
1224958,6
1102691,4
1224528,4
1271016,6
1018432,2
1127911,6
1239008,6
1200359,6
1141217,3
1172974,5
1030743,4
1221374,3
1100747,6
1130557,5
1116370,3
1011195,1
1115516,6
1124576,3
1235885,1
1227474,4
1266564,3
1019937,6
1186827,6
1162361,4
1301173,3
1193560,1
1006597,3
1161278,3
1194781,1
1255714,5
1104072,6
1103114,1
1272843,4
1069048,6
1198856,5
1256347,5
1041398,3
1227066,3
1007547,5
1235058,6
1238078,6
1151056,5
1114287,4
1200062,6
1316375,3
1217851,5
1045748,4
1182300,3
1189018,1
1106901,6
1034329,4
1195314,4
1168926,4
1108300,3
1257076,6
1083992,1
1139974,6
1117737,5
1094014,5
1243963,6
1201786,3
1190406,3
1173981,6
1092622,4
1226715,5
1147196,4
1123166,3
1083394,4
1102481,1
1283929,3
1073076,6
1205907,4
1163924,6
1057429,6
1059807,4
1228836,6
1248996,3
1169182,3
1215510,3
1123938,3
1212316,1
1104786,5
1054999,6
1045149,4
1318952,5
1220426,1
1288018,4
1153036,5
1145952,1
1086568,3
1215876,6
1192478,6
1128372,1
1110280,4
1251916,1
1238072,1
1085537,6
1195630,3
1013875,3
1150646,4
1140590,4
1169914,3
1088153,6
1162015,1
1170363,6
1255475,3
1274291,3
1108012,6
1092499,4
1102281,4
1150955,1
1046216,4
1043545,6
1137285,5
1174446,4
1031494,3
1014691,1
1176572,5
1238290,1
1300374,3
1185670,6
1119836,5
1044840,3
1304398,6
1065081,4
1154998,5
1049040,4
1178473,6
1137307,5
1195786,4
1003738,6
1232248,3
1189349,6
1175708,6
1022290,5
1190289,3
1033279,6
1074351,6
1073528,5
1255907,1
1302058,4
1101902,3
1248432,4
1266000,6
1113918,6
1282148,3
1143760,5
1242322,3
1165534,1
1254338,6
1200449,6
1252260,6
1226153,3
1151255,6
1101437,5
1127373,6
1043233,5
1067182,4
1157671,5
1322821,3
1205441,4
1098036,3
1079538,6
1063753,5
1290341,4
1206023,3
1060371,1
1243973,3
1075279,6
1153654,5
1089629,3
1251462,6
1016354,4
1006264,3
1320832,1
1069019,5
1153139,4
1114479,4
1249728,4
1187648,6
1188947,6
1207936,6
1268719,6
1093624,3
1107281,4
1017893,6
1052561,5
1240404,4
1030355,5
1167935,3
1037732,6
1013346,5
1247617,6
1033559,6
1265438,3
1057222,5
1238338,6
1026129,3
1251205,4
1128718,1
1076105,3
1274835,1
1179485,4
1008169,3
1205999,6
1066217,3
1236676,4
1244387,6
1110683,3
1109803,7
1193252,4
1277807,3
1081066,1
1091440,6
1180539,3
1131477,3
1172444,2
1034227,3
1297729,6
1197125,1
1310428,1
1095683,4
1042880,1
1134034,6
1048242,3
1169391,3
1259968,4
1028853,5
1161639,1
1109545,4
1020818,3
1260147,1
1061511,4
1111339,6
1247954,4
1246309,4
1310829,5
1170424,3
1064732,6
1065281,6
1221770,6
1189911,6
1087481,6
1099759,3
1177394,1
1198997,3
1223800,1
1131231,3
1020284,6
1235005,1
1100522,5
1095215,3
1204683,5
1057019,5
1096433,6
1026451,6
1195169,3
1010160,3
1006194,6
1272860,6
1256387,4
1127040,4
1172708,6
1314238,4
1139290,3
1209021,3
1054941,4
1082655,6
1118288,5
1057898,4
1190559,3
1101009,1
1227340,3
1196701,3
1259273,4
1178433,6
1009324,5
1248765,3
1213818,6
1109011,5
1256985,6
1157385,6
1172378,3
1018567,6
1324830,3
1189979,1
1312180,6
1071150,4
1070810,4
1280059,4
1221831,6
1048044,1
1123187,4
1018965,4
1100027,1
1019950,3
1283959,3
1240577,3
1181676,4
1221361,3
1089814,6
1125138,6
1165644,6
1059104,3
1075225,3
1194589,6
1069083,3
1010570,1
1299374,3
1108229,1
1119400,6
1034764,4
1196358,3
1032446,6
1215286,6
1027083,6
1262822,4
1090233,6
1260779,4
1004723,4
1129521,3
1072288,3
1109960,4
1260433,3
1217056,3
1113503,5
1128206,4
1255444,4
1093310,4
1059896,3
1271093,5
1108610,1
1125858,6
1005324,3
1069404,4
1285014,4
1137767,1
1043555,1
1082083,3
1209590,4
1281792,1
1318143,1
1204502,5
1228453,6
1082076,1
1118311,3
1204829,4
1037743,1
1268812,2
1166286,3
1188950,3
1292717,1
1256111,5
1082619,3
1167198,3
1317949,1
1242491,4
1288799,6
1210202,6
1051450,4
1114258,4
1238922,3
1021194,1
1104857,6
1227141,3
1161564,4
1193395,5
1244906,3
1025689,1
1214071,6
1069631,4
1198066,3
1039110,6
1196774,3
1303229,3
1174893,4
1258776,6
1033645,6
1147347,4
1153007,3
1159294,4
1264523,5
1236069,6
1122199,5
1143683,3
1240387,5
1146144,3
1184507,4
1279793,1
1312099,1
1281053,4
1077418,3
1150432,5
1279707,6
1018601,6
1321965,6
1164768,1
1294073,5
1271725,6
1060262,4
1311945,6
1214962,3
1045300,5
1143092,5
1137503,4
1309631,5
1016764,4
1181509,3
1088736,1
1059089,3
1102437,6
1126470,4
1144010,5
1219763,4
1099551,6
1191995,3
1126383,6
1232952,3
1007165,4
1184582,6
1005599,3
1319914,6
1265880,4
1196902,6
1272295,1
1069198,4
1064600,3
1018111,3
1211793,3
1169088,1
1003982,4
1324787,6
1082767,3
1325307,3
1014906,3
1038383,3
1213571,6
1246093,3
1058169,3
1293857,6
1310701,5
1058089,6
1128357,1
1178085,3
1015245,5
1235827,6
1129119,3
1176601,4
1119174,1
1324558,3
1320128,3
1254725,4
1001800,6
1136676,4
1092102,5
1196446,6
1031725,6
1208012,4
1232392,6
1097177,3
1114289,6
1254550,3
1114387,1
1115739,4
1017581,4
1135301,4
1119878,6
1280549,1
1009501,3
1072829,6
1271079,3
1260221,6
1218720,6
1006422,5
1255058,1
1200012,1
1282526,3
1067220,5
1138549,5
1275231,3
1068764,3
1070325,4
1004258,6
1126668,5
1207069,5
1226576,5
1137662,4
1125043,3
1047242,3
1244666,3
1176090,3
1298781,3
1214061,5
1196543,4
1125938,1
1084654,6
1035437,4
1225138,5
1283104,4
1107378,6
1030574,1
1270304,3
1122583,1
1009077,6
1285174,4
1055552,1
1154395,3
1150714,6
1246698,3
1071629,6
1020641,6
1071930,5
1266578,4
1166006,3
1164490,5
1121820,6
1199093,4
1032984,4
1239096,1
1093854,5
1225072,6
1084107,2
1005016,3
1295761,3
1010990,4
1125322,5
1229424,3
1130492,5
1043917,1
1257818,1
1120470,3
1180809,3
1047668,3
1196585,4
1054719,3
1066041,5
1243259,4
1110178,6
1026292,4
1236853,1
1058087,5
1157198,4
1158867,3
1135175,5
1173815,3
1131104,1
1237032,1
1075591,4
1127460,4
1244586,6
1094901,6
1034279,4
1088496,4
1256791,3
1139129,6
1148280,3
1173806,3
1077858,3
1046265,6
1120148,4
1244538,3
1000162,1
1156222,4
1042847,1
1186909,5
1243123,1
1266257,3
1177091,6
1038659,4
1318105,6
1284727,3
1076911,1
1316292,3
1204500,4
1312326,1
1307801,4
1162465,3
1061671,4
1298153,3
1001647,1
1179152,1
1171963,5
1070105,3
1281635,6
1049574,4
1068057,6
1131586,4
1273203,6
1068105,6
1183272,6
1093731,1
1251826,3
1221813,3
1229249,4
1133765,5
1008083,5
1072495,5
1166923,6
1167835,5
1293004,1
1216728,4
1067265,4
1000906,5
1109547,6
1121484,4
1165491,4
1192164,4
1307184,3
1047803,5
1223097,3
1315204,6
1050891,3
1203460,4
1190459,3
1025605,6
1125625,3
1268380,1
1134333,6
1133827,4
1116093,6
1071700,3
1242649,5
1250352,4
1046639,5
1000649,6
1052248,4
1306311,3
1005710,6
1225254,3
1260473,6
1291518,6
1009181,5
1275709,3
1116021,5
1256959,3
1184081,1
1183088,6
1298023,3
1205453,4
1303463,6
1250465,4
1178954,3
1076808,6
1301459,4
1162238,5
1141869,6
1321701,4
1067038,6
1321495,5
1163470,3
1108330,4
1247247,6
1084253,4
1174001,1
1019496,3
1168439,1
1280207,4
1150244,4
1100262,6
1245433,4
1016466,6
1238576,4
1255414,5
1235585,3
1108672,5
1064951,1
1133526,4
1223370,6
1324107,6
1023238,6
1183718,5
1017389,3
1279032,6
1145640,6
1077367,4
1082594,4
1114525,6
1238797,3
1067934,6
1169835,5
1117419,4
1171239,1
1308843,6
1026134,5
1069760,6
1196469,4
1126374,1
1016745,3
1270144,3
1173023,4
1325186,4
1243787,5
1067204,3
1197145,4
1193966,3
1319314,4
1187084,3
1006855,4
1168382,6
1033029,6
1054818,5
1095655,3
1324564,6
1253984,4
1004562,1
1100654,4
1079041,6
1243683,5
1173544,1
1260405,3
1226572,3
1164295,4
1147978,4
1065351,4
1147481,4
1148090,4
1325364,1
1281056,4
1296417,5
1238992,6
1039705,3
1012836,3
1236717,4
1054775,6
1015094,3
1223964,4
1169448,1
1229468,5
1004481,4
1083751,5
1250726,3
1041622,3
1177243,4
1179795,1
1281580,4
1291609,1
1065431,5
1036076,6
1011720,6
1188485,1
1082842,4
1241195,3
1033694,5
1010703,6
1114159,1
1104716,4
1229628,5
1183362,6
1176495,6
1166666,5
1307353,5
1143950,6
1252200,5
1095904,1
1192526,4
1267040,3
1183384,6
1040935,4
1315316,3
1086606,4
1038028,6
1044570,3
1267246,3
1174676,4
1002545,3
1008417,3
1044444,5
1106132,3
1117677,5
1250985,6
1246500,6
1296848,5
1008226,6
1011104,1
1023937,4
1233341,3
1021990,3
1129434,3
1104510,4
1110566,1
1106747,3
1315621,1
1034542,4
1075298,3
1301901,1
1272342,6
1289406,4
1263677,3
1318423,6
1198922,5
1148252,4
1313869,3
1175606,6
1296502,1
1074976,3
1139382,1
1091274,2
1120630,3
1304836,5
1061018,1
1158454,6
1002526,3
1060292,1
1302641,4
1082071,1
1069672,4
1288675,3
1305935,6
1226077,3
1296159,3
1181601,3
1212699,6
1087266,6
1114955,6
1127241,6
1302993,6
1201849,3
1232732,1
1121196,4
1294832,3
1185102,1
1028988,3
1033570,3
1185066,6
1325668,3
1098777,6
1229954,4
1101641,6
1189502,1
1319786,5
1073011,5
1290495,1
1310952,1
1290070,4
1201407,1
1240600,5
1236213,3
1230974,5
1203196,6
1226357,2
1214964,4
1322615,6
1123154,5
1286680,3
1017322,6
1021689,3
1054489,3
1268116,1
1101563,6
1007606,5
1092196,4
1079299,3
1247863,6
1091624,4
1163632,4
1020373,6
1090215,4
1294376,6
1122945,4
1098534,6
1106163,6
1298851,3
1138408,3
1132352,3
1007868,6
1280200,3
1129933,3
1247736,6
1284944,6
1098530,6
1015356,6
1067813,3
1156816,3
1218638,4
1226686,1
1092487,6
1263479,6
1173593,3
1205455,6
1119319,5
1010691,4
1196031,6
1303122,6
1074399,1
1257723,1
1021097,6
1219691,6
1009468,3
1075403,3
1037127,5
1147581,3
1301389,5
1201803,6
1166458,3
1179171,3
1092619,1
1286787,5
1320914,3
1000696,3
1260475,6
1138637,4
1067341,4
1053008,1
1090171,3
1002371,6
1195468,3
1183233,6
1153783,4
1285129,6
1240040,6
1196756,5
1294506,4
1208572,5
1182648,5
1280402,3
1239955,4
1121702,5
1111429,4
1280227,5
1084959,3
1046210,6
1103257,3
1007648,6
1262386,4
1034576,5
1022033,4
1132365,4
1325500,3
1042915,6
1294221,3
1065076,3
1114972,3
1051771,4
1260579,3
1234325,3
1186406,4
1028379,6
1294892,3
1131288,3
1119244,2
1058839,5
1119936,1
1290839,1
1286729,4
1288346,4
1133755,3
1276253,5
1087270,6
1017406,5
1196204,5
1268278,3
1111915,3
1056578,6
1043801,5
1249373,6
1067306,6
1296305,6
1295899,4
1054773,6
1177422,6
1299920,3
1121976,4
1009335,3
1092219,3
1030362,5
1193035,6
1181716,5
1285735,4
1191812,4
1249312,6
1252986,4
1257499,6
1093156,4
1100238,6
1108224,6
1122176,1
1259595,1
1230246,6
1150440,3
1095225,6
1162081,5
1068894,5
1018288,4
1010258,6
1290886,5
1080057,3
1162702,6
1164108,5
1201648,3
1183685,6
1151123,6
1167524,3
1207355,5
1050787,3
1303493,5
1097853,6
1231652,3
1209123,3
1294743,3
1317714,3
1278214,3
1300222,4
1032375,6
1165677,3
1052765,4
1141070,5
1011247,4
1181705,1
1036522,4
1088270,6
1191083,3
1008691,4
1272194,1
1179765,4
1127989,5
1244706,4
1039577,4
1131606,1
1195322,5
1196043,3
1261740,4
1251408,6
1131544,6
1206435,6
1297996,6
1106804,1
1264222,4
1210762,6
1294980,3
1188582,3
1275089,6
1280685,6
1251058,4
1284859,6
1012796,5
1236083,4
1293122,3
1129419,5
1012520,3
1130139,6
1121411,6
1296415,6
1204621,3
1084744,5
1301414,4
1324610,4
1075373,3
1279609,5
1072532,3
1063223,4
1259505,3
1188703,5
1287627,6
1251019,3
1114608,1
1000314,3
1240228,5
1039365,6
1149252,6
1175740,3
1039781,3
1082611,6
1098467,4
1066713,1
1275423,5
1156581,6
1127364,1
1200174,3
1284093,1
1042146,4
1315708,6
1124110,3
1019274,5
1210689,4
1003832,4
1301523,6
1072452,4
1133468,6
1065006,4
1181902,5
1244475,4
1018468,5
1281335,3
1145317,4
1114542,4
1296252,6
1211802,5
1132440,5
1078013,3
1257632,3
1197423,3
1175979,3
1118597,6
1056804,3
1169882,1
1218560,3
1276928,4
1278809,4
1087462,6
1184107,6
1125312,3
1311764,4
1218852,6
1235031,4
1163254,6
1312668,6
1258101,6
1110077,4
1193205,4
1202022,3
1132004,2
1163464,3
1179496,4
1019564,3
1284936,6
1166453,3
1013442,4
1232186,4
1083822,4
1038489,4
1045983,1
1145900,3
1196873,3
1229926,4
1187332,3
1028843,3
1315846,6
1259830,4
1031074,6
1199849,5
1277532,1
1092716,5
1160691,6
1134586,3
1282391,3
1240414,6
1311864,6
1102190,6
1113606,1
1289300,6
1220603,4
1011737,6
1235093,5
1190757,5
1291219,2
1026668,4
1065297,6
1068390,6
1181919,4
1039791,6
1010078,3
1030082,6
1010503,3
1234867,4
1282774,4
1017216,1
1100090,6
1148006,1
1286882,1
1199897,4
1302629,4
1220771,6
1039494,3
1236729,5
1200693,3
1121134,6
1181224,6
1234540,1
1082938,3
1043775,6
1192953,5
1069080,3
1235992,5
1305478,6
1071555,3
1285558,4
1132206,6
1140987,4
1308464,4
1247332,6
1129457,5
1110628,4
1189063,4
1193843,3
1207521,6
1209262,5
1203124,4
1179241,3
1014259,3
1110764,6
1057183,4
1076087,1
1215494,4
1274602,3
1278195,6
1146129,4
1234165,4
1036684,4
1077851,2
1150198,5
1208715,6
1205438,4
1225403,5
1118032,3
1159507,4
1318746,1
1245959,6
1109468,3
1061745,3
1210771,5
1166358,5
1091538,1
1154623,3
1207781,4
1150785,6
1130978,3
1059374,6
1072761,4
1323251,1
1121879,1
1107709,5
1051307,3
1157691,6
1037639,6
1238180,1
1134672,3
1214960,1
1163216,1
1305492,5
1205517,3
1002684,6
1129758,6
1011482,3
1033668,6
1295707,4
1151000,3
1266375,6
1132041,4
1117344,5
1122292,6
1298288,5
1130153,4
1190272,6
1068546,3
1117427,5
1066106,6
1213456,6
1066984,6
1059591,3
1125955,6
1244202,5
1159611,4
1315939,4
1122159,1
1234473,1
1116580,3
1179831,5
1137884,5
1203247,3
1224005,3
1304829,6
1150249,1
1135679,3
1067023,5
1018870,4
1200492,4
1113548,3
1095288,1
1181032,6
1095439,6
1138142,1
1182684,1
1318971,3
1292829,5
1166248,6
1097838,4
1104813,5
1323466,4
1056084,3
1116499,6
1109636,5
1085253,3
1112616,2
1175753,1
1238890,3
1254934,3
1124597,3
1250640,6
1174700,3
1031332,2
1291387,1
1017736,5
1068489,4
1085341,6
1001303,6
1286911,6
1005164,4
1167800,6
1212547,3
1156463,5
1197764,5
1070104,3
1046277,5
1295176,3
1010552,5
1307248,4
1175871,3
1066412,4
1155411,1
1177719,3
1203207,5
1250102,1
1324034,5
1320388,3
1153430,6
1233631,4
1292336,5
1040282,6
1303185,5
1081609,4
1295331,3
1190705,4
1275675,6
1117042,4
1099643,2
1276872,6
1280077,6
1062729,3
1202310,3
1138936,6
1153156,5
1076225,5
1118966,3
1156883,6
1129118,3
1278238,6
1192116,6
1301235,1
1238296,6
1003462,3
1315404,3
1230079,1
1036022,4
1005434,5
1292700,6
1213602,6
1059735,5
1059401,5
1070231,6
1315487,4
1088859,3
1025791,4
1212870,4
1300158,6
1133110,1
1233968,4
1290602,3
1279911,5
1118151,5
1159073,4
1072726,6
1257135,5
1242727,4
1272930,3
1123272,6
1145931,5
1102939,4
1146522,6
1288317,6
1062853,6
1019462,5
1295453,6
1161428,3
1288915,4
1005653,6
1311575,5
1321126,3
1150698,4
1047859,3
1154643,3
1204701,4
1154059,6
1018131,3
1081834,4
1119502,4
1100210,6
1127314,3
1277519,5
1310413,6
1258784,3
1193376,6
1260748,4
1255921,1
1238116,4
1026792,4
1201470,3
1288591,3
1132916,4
1002596,6
1106462,4
1147568,4
1246475,5
1169883,4
1145128,1
1018964,3
1143679,4
1100496,4
1063622,1
1137499,3
1184490,3
1088336,6
1135811,4
1152690,4
1273893,6
1271349,6
1166373,3
1299833,6
1126297,6
1233806,5
1002725,6
1086930,1
1297504,1
1203235,6
1065028,6
1130377,3
1262435,6
1220088,6
1024230,3
1108787,4
1268785,3
1298144,3
1113594,4
1047558,3
1158030,3
1276854,4
1034827,6
1221810,1
1316554,5
1282005,6
1266858,6
1011226,1
1074384,5
1054517,4
1309147,3
1144729,4
1184469,6
1048130,6
1256257,6
1041492,5
1030989,5
1114823,5
1157616,3
1059933,1
1203319,6
1184541,1
1307638,6
1280926,4
1059231,3
1150020,3
1247930,6
1183423,5
1032112,6
1201525,1
1256412,4
1184412,4
1231115,6
1116462,3
1267120,4
1083239,4
1075878,3
1053222,3
1233961,6
1068856,1
1143031,5
1157146,4
1255200,5
1000915,2
1250327,3
1201136,3
1146312,3
1042332,3
1026296,6
1240092,6
1014313,6
1203769,3
1234006,4
1255156,6
1207773,4
1134647,6
1180670,3
1058847,1
1004632,1
1167683,6
1289084,4
1260954,6
1093886,3
1317743,4
1055313,4
1283133,6
1060424,3
1187052,5
1022347,3
1099512,6
1073646,4
1174387,6
1208573,6
1070813,6
1229374,3
1022367,6
1161021,1
1315760,6
1216567,4
1322576,5
1116029,4
1085733,5
1168846,3
1097912,3
1083178,6
1308455,4
1171225,3
1232661,3
1141137,4
1166713,4
1269720,5
1206785,3
1313482,3
1065110,3
1067739,5
1070554,5
1044839,6
1093141,1
1044585,6
1181983,3
1120570,1
1121713,5
1156317,6
1261907,1
1177524,1
1071610,5
1219137,4
1103111,4
1226217,3
1231742,3
1306714,1
1189485,4
1114952,6
1062299,3
1114249,6
1175376,3
1247881,6
1059789,6
1119290,3
1022276,4
1034708,4
1223594,5
1020870,6
1190715,6
1218181,6
1156115,5
1096801,4
1267996,3
1304595,4
1285452,1
1038110,1
1005206,6
1259425,3
1177044,4
1116317,2
1291201,1
1297270,3
1260669,6
1203159,1
1041800,6
1035684,5
1110033,5
1247417,6
1194633,6
1214906,4
1202136,5
1018097,3
1248008,4
1121696,7
1296644,6
1164812,4
1263864,4
1168499,3
1285267,1
1160295,3
1205093,3
1224613,6
1220433,4
1292342,1
1125475,1
1166943,3
1230248,4
1077988,3
1049895,6
1246182,1
1271211,3
1287877,3
1092988,3
1276991,6
1273319,5
1068775,5
1108755,2
1097003,3
1150541,4
1062930,6
1201855,6
1324694,4
1267438,3
1087475,4
1285871,5
1111240,1
1158116,6
1044712,1
1278563,5
1164372,5
1197378,5
1080868,3
1282269,3
1014120,1
1050159,1
1238250,3
1058920,4
1163098,3
1000028,5
1275667,5
1084315,1
1216665,3
1132806,4
1244601,1
1206821,3
1007493,5
1103044,4
1119476,5
1140354,4
1290167,4
1300388,4
1300185,6
1282670,4
1065107,3
1249020,5
1301952,6
1093648,6
1069053,6
1070126,4
1076942,4
1100589,6
1069960,4
1053641,5
1033673,6
1007479,4
1167850,6
1168139,6
1206379,3
1073956,2
1029036,5
1187647,5
1012774,1
1205270,3
1318457,7
1296822,4
1026331,1
1277282,1
1229058,1
1126000,1
1074524,5
1122006,4
1176165,5
1055238,6
1122858,3
1185611,3
1320847,6
1084743,5
1192535,5
1081780,4
1116975,6
1087852,6
1076881,6
1220884,4
1107267,3
1293495,6
1163599,6
1220424,1
1275032,6
1031574,5
1021584,1
1295533,3
1053334,3
1265904,4
1141572,4
1073328,1
1204437,3
1291312,3
1112848,6
1074997,5
1020805,5
1272938,3
1042593,4
1213398,3
1233268,3
1155990,4
1280252,6
1021147,1
1127229,3
1243444,3
1217042,3
1107480,6
1325241,4
1031297,6
1042000,6
1258513,6
1222716,5
1004391,5
1218235,4
1043704,3
1255459,6
1259084,3
1009509,4
1208026,4
1034509,4
1039330,3
1092061,1
1237347,6
1108866,6
1264453,4
1037335,1
1292264,1
1190827,6
1005430,6
1062317,6
1008996,4
1184021,4
1049135,1
1071539,3
1231255,5
1143489,4
1291977,4
1059990,6
1196051,5
1045326,6
1001911,1
1091482,6
1322917,3
1230844,4
1325170,5
1324251,3
1137991,3
1295605,4
1123806,6
1257696,3
1110552,4
1173527,1
1011885,3
1096883,5
1112799,1
1167875,4
1068746,6
1234471,6
1290961,6
1307583,4
1221174,4
1274390,5
1272799,5
1323993,6
1118304,6
1089955,6
1139278,3
1146153,3
1156493,4
1319931,6
1276412,4
1015189,6
1091828,1
1312295,1
1246709,5
1275112,6
1134248,1
1214008,6
1190273,6
1083300,4
1083186,4
1007717,1
1272369,5
1143552,1
1107430,6
1079977,3
1270726,3
1229010,1
1158632,3
1040907,6
1166645,3
1140577,3
1306753,4
1220435,4
1004653,6
1150997,4
1284756,3
1141706,6
1129013,6
1144348,3
1030714,6
1159995,3
1223232,3
1268415,5
1178629,3
1315009,6
1315895,4
1037787,6
1032547,6
1181551,6
1248761,4
1105857,6
1112117,1
1163037,4
1129171,5
1074677,5
1138538,5
1070181,3
1058634,3
1209915,4
1233709,1
1213407,1
1025418,4
1271553,6
1103192,3
1053166,4
1153707,1
1120376,1
1068897,5
1244490,6
1218921,1
1159334,5
1214429,5
1238022,3
1061794,6
1279361,6
1176380,5
1075307,4
1313333,6
1172102,6
1238941,4
1044550,4
1303276,3
1140684,4
1198421,6
1269238,1
1076492,6
1195001,3
1081848,1
1038838,1
1313564,6
1190545,1
1104427,6
1164993,4
1093929,4
1124429,3
1098158,4
1134164,3
1151784,6
1266200,1
1259784,6
1182644,6
1071462,4
1071115,1
1273608,6
1142121,3
1146402,4
1035018,6
1178247,5
1291685,4
1172442,6
1101559,4
1317313,1
1287199,6
1081433,3
1049628,4
1164231,4
1209434,3
1297634,4
1131601,5
1025547,4
1161289,6
1076160,6
1237366,4
1313182,3
1181519,4
1053286,6
1073988,4
1286464,4
1011525,4
1240747,3
1123224,3
1122270,6
1077287,3
1165669,3
1270354,6
1043711,5
1316042,5
1082610,1
1218770,4
1239568,3
1077445,3
1257749,4
1287411,1
1106184,1
1265124,4
1208571,4
1296007,1
1281622,3
1223314,6
1153625,3
1242055,6
1282703,3
1298315,3
1037682,6
1259165,5
1056884,6
1189027,3
1151793,5
1158462,5
1196374,4
1191500,3
1206934,5
1084324,3
1166848,5
1063382,4
1303295,5
1001768,1
1046793,6
1115003,4
1256284,3
1005505,4
1111034,4
1202841,3
1059088,6
1096560,2
1297010,4
1306775,3
1012433,6
1106867,6
1004861,3
1224502,4
1158290,3
1007946,6
1064651,4
1095053,4
1292895,3
1192745,1
1271529,6
1217836,6
1280003,4
1047625,6
1286338,4
1245324,3
1259931,1
1059121,4
1089062,3
1042121,4
1227280,3
1092871,6
1238723,5
1107691,3
1278499,1
1046398,7
1254005,4
1143809,5
1104689,4
1146302,3
1032627,3
1113553,5
1312118,3
1131114,1
1307975,6
1236491,4
1031073,3
1096915,6
1324989,5
1324452,1
1161712,3
1209487,5
1064603,6
1213400,1
1104291,5
1038719,3
1100709,6
1107833,1
1168691,6
1122077,6
1280226,4
1117904,5
1299637,6
1245244,5
1171160,6
1106412,6
1027134,6
1027043,1
1321704,6
1172500,3
1065318,4
1202087,4
1109350,6
1238910,3
1278259,6
1144641,3
1150449,1
1177752,6
1299052,6
1136592,5
1311690,6
1279827,7
1183443,5
1198875,6
1059610,6
1261621,1
1169252,5
1188772,6
1247122,1
1203667,6
1029521,3
1087066,6
1142371,3
1093552,4
1260684,5
1025376,4
1075749,5
1043748,3
1114149,5
1002089,3
1312526,5
1100802,4
1284078,2
1201970,4
1180499,3
1089712,4
1211916,3
1181977,1
1076567,6
1012548,3
1241256,6
1031952,4
1113005,4
1224895,4
1121963,3
1127017,4
1313306,5
1169045,2
1100252,5
1208927,4
1119896,4
1004620,5
1230580,6
1262558,4
1125813,4
1281912,3
1082970,5
1281944,1
1120313,3
1061530,6
1230148,3
1194968,6
1246255,6
1278543,6
1096725,4
1286713,1
1315187,5
1024899,6
1024480,2
1023718,5
1230694,5
1222947,4
1141833,4
1003691,1
1019041,6
1110395,5
1029470,4
1220986,5
1203509,5
1062736,5
1011862,5
1246838,6
1276815,3
1169051,3
1248944,5
1232801,5
1311137,3
1273251,1
1132058,3
1321315,4
1088486,1
1268412,4
1064352,3
1094016,1
1224551,6
1002284,6
1244922,4
1110263,3
1282595,7
1204348,3
1063687,4
1163969,5
1049976,5
1091072,1
1131036,6
1133715,3
1063874,5
1045479,4
1237635,5
1020861,6
1022014,5
1151665,6
1034568,4
1069496,3
1084609,5
1095940,1
1246305,4
1071316,5
1104201,3
1087011,3
1321428,4
1182993,3
1304322,6
1151836,5
1238639,4
1107588,4
1131847,5
1167079,6
1185432,1
1185679,4
1121189,6
1266120,6
1007990,3
1293358,5
1010363,3
1073279,5
1285217,4
1069632,1
1078582,3
1257069,5
1284704,5
1258112,3
1021005,1
1217417,5
1057887,6
1060665,4
1155541,3
1173845,6
1153846,4
1184267,4
1316260,3
1126766,2
1255423,4
1284664,6
1195967,3
1285155,3
1265403,4
1237715,1
1316445,3
1285243,5
1306649,4
1189526,6
1252028,3
1254998,3
1065175,6
1241349,6
1055493,5
1275934,4
1045839,6
1014143,2
1025054,6
1196195,6
1037302,3
1294121,4
1119706,6
1128624,3
1071839,4
1035601,2
1157124,4
1246453,6
1096005,6
1041117,4
1207254,5
1126897,4
1308727,3
1312405,5
1304655,4
1187760,4
1147808,6
1082273,3
1269891,3
1244964,6
1178246,3
1219936,6
1243356,5
1002549,3
1026952,5
1143423,3
1017899,3
1198256,4
1300081,3
1226689,3
1079477,6
1090030,4
1195147,3
1259174,6
1019838,1
1296019,3
1176358,4
1311457,6
1136928,1
1246603,3
1177363,4
1253606,3
1044987,5
1025261,4
1272146,6
1018163,5
1228248,4
1312536,4
1192737,5
1047804,6
1180939,4
1084029,4
1284059,6
1128500,6
1206532,1
1097122,4
1170722,3
1271512,3
1036885,3
1243784,4
1043902,4
1044612,3
1309408,5
1054255,4
1036512,5
1108401,3
1036567,3
1046621,5
1036784,6
1230122,4
1316078,6
1007770,6
1283963,3
1280015,6
1249495,4
1062455,1
1304190,6
1090515,3
1240190,5
1238364,4
1185320,3
1307328,6
1307153,3
1261167,3
1267389,1
1076617,6
1193007,6
1168892,6
1323698,3
1314632,3
1318128,1
1192200,3
1091827,1
1126210,6
1191225,4
1028692,3
1211926,6
1050264,3
1230136,5
1158664,4
1234199,6
1306761,6
1126621,4
1287054,1
1019066,1
1098793,6
1139419,6
1242020,3
1230324,4
1159353,1
1184948,1
1139478,3
1275035,5
1298987,6
1038240,3
1035553,3
1242144,3
1172977,6
1062576,4
1303802,1
1235792,6
1135354,3
1138793,3
1133210,1
1062771,4
1143188,4
1148451,3
1154934,6
1308297,3
1077269,2
1085755,6
1296277,6
1238953,5
1055328,6
1176910,5
1306560,4
1148802,3
1174898,3
1233851,6
1127184,1
1232393,6
1281533,6
1074008,6
1213459,3
1058184,6
1272569,2
1029506,3
1066209,4
1296497,6
1022811,4
1106315,4
1089838,5
1082342,4
1076784,5
1071958,7
1283646,1
1252486,4
1299465,4
1132851,6
1010007,1
1179422,4
1253547,5
1071605,1
1122452,5
1014999,7
1139726,3
1292531,1
1196482,6
1121553,4
1013992,3
1050414,1
1164724,4
1134215,6
1217302,5
1090979,3
1310130,5
1319896,6
1201332,6
1173658,6
1109513,3
1118485,6
1272709,3
1286480,3
1286938,3
1066777,6
1284452,4
1244804,6
1168287,3
1324296,4
1318552,3
1246095,4
1179401,1
1169251,1
1315974,5
1201709,5
1072359,3
1164097,6
1168848,5
1175006,3
1016822,6
1101209,3
1090154,4
1147618,1
1097019,6
1036550,3
1303199,6
1167389,3
1281176,1
1116373,3
1187063,1
1001500,5
1308546,4
1206081,3
1026542,5
1010803,5
1205771,4
1187850,4
1151512,4
1241488,3
1188714,1
1070495,3
1126033,3
1251592,4
1028215,3
1114894,6
1076338,4
1102300,1
1254846,6
1143631,6
1006869,1
1160748,6
1249642,4
1309003,6
1307374,3
1321426,1
1240646,5
1118488,6
1056370,6
1290928,3
1163228,5
1250277,4
1166930,6
1316143,5
1097296,3
1074894,4
1161269,3
1080856,4
1174069,6
1306710,4
1188875,6
1237980,6
1136284,4
1209575,5
1043521,4
1204494,3
1202367,1
1110954,3
1001692,3
1286574,3
1269787,3
1263854,4
1317587,5
1082362,6
1132498,3
1049185,3
1025081,3
1245943,2
1091855,5
1314272,1
1105411,1
1179771,5
1006969,4
1284226,4
1021553,3
1275813,6
1103800,5
1123128,6
1117145,4
1111040,3
1266160,4
1030226,4
1169277,3
1145443,5
1100978,4
1082000,6
1219780,1
1218255,4
1107802,6
1074484,3
1142093,3
1138518,6
1307736,6
1095743,4
1062001,5
1185130,4
1083779,3
1311031,5
1088836,2
1131438,3
1099635,3
1102669,4
1022563,3
1018969,1
1187858,4
1008925,6
1158817,5
1123689,6
1158418,6
1115235,1
1315018,6
1224125,4
1312809,6
1147245,4
1208294,6
1245006,3
1133927,1
1222407,4
1013562,3
1311484,4
1285031,4
1060585,5
1269692,3
1211010,5
1295378,3
1290496,4
1036787,6
1280530,5
1242145,1
1060617,6
1156318,6
1072700,4
1098542,3
1112515,2
1172533,3
1018110,3
1319961,6
1169865,4
1059798,3
1174022,4
1287422,6
1088300,6
1034192,1
1086346,6
1156767,3
1137792,5
1238287,1
1000488,4
1307220,4
1261312,4
1144719,6
1284758,3
1156471,4
1036986,6
1287277,1
1131334,4
1093765,3
1160480,3
1146415,3
1044272,3
1244465,6
1021009,6
1061776,1
1159032,1
1079217,4
1067605,3
1165890,6
1312073,5
1062204,6
1214685,3
1077812,4
1258169,3
1290320,3
1236314,6
1300623,5
1265351,4
1099447,1
1141636,6
1305228,3
1133221,5
1285942,6
1138455,6
1173828,3
1064407,6
1240840,4
1021982,1
1095747,1
1177605,5
1013279,5
1010147,4
1259226,5
1142174,6
1119837,4
1244056,3
1144016,3
1081724,6
1204561,5
1084663,1
1100190,5
1025923,6
1195308,6
1137754,3
1277237,6
1193185,6
1156005,6
1099957,5
1046937,3
1069043,1
1288642,6
1309658,5
1256820,6
1276310,3
1254769,5
1049143,4
1142503,3
1245325,1
1285925,1
1152612,6
1059360,4
1201234,1
1011623,5
1263563,3
1052610,5
1318922,6
1233778,6
1296355,4
1101811,4
1115701,5
1219174,3
1209677,2
1124874,6
1089250,5
1269207,3
1236030,4
1029269,6
1272079,4
1020014,6
1057816,3
1105352,1
1291093,4
1174587,3
1167320,4
1012663,1
1185276,5
1159537,1
1072894,4
1105619,5
1060396,6
1070548,5
1243588,3
1226496,6
1156168,4
1135499,1
1096148,6
1142727,6
1289656,4
1156671,5
1060441,1
1083907,3
1034032,4
1105920,6
1242920,6
1309066,3
1177046,1
1250278,4
1194503,3
1012771,4
1183154,4
1021937,4
1053132,4
1249910,4
1063442,5
1110016,3
1151839,1
1237548,3
1296516,4
1013544,4
1217259,3
1104988,7
1240151,1
1016001,6
1133683,3
1181223,4
1210902,4
1025176,4
1106613,3
1221590,3
1002895,5
1130764,3
1174845,6
1255129,6
1155527,6
1124727,5
1145092,1
1271985,6
1206547,4
1017350,5
1238561,1
1297306,3
1113981,6
1030852,6
1128587,6
1201080,5
1209108,1
1041262,5
1151662,6
1183116,1
1075527,6
1137875,7
1218686,6
1253714,3
1070118,6
1025643,6
1253011,1
1185117,5
1304253,6
1052121,6
1043445,3
1265889,3
1174860,3
1190084,3
1112530,4
1165014,1
1261253,6
1089630,5
1070839,4
1058819,4
1029267,1
1143406,5
1184002,5
1003856,1
1076354,2
1096071,3
1169754,1
1277920,3
1136552,4
1129692,6
1071418,2
1024616,5
1234401,6
1252543,3
1175746,4
1227130,5
1194490,4
1126271,3
1187676,3
1186348,3
1125017,6
1180244,5
1178109,6
1116888,6
1252640,6
1149548,4
1234200,5
1312870,4
1053093,3
1032316,4
1162325,1
1043082,4
1271257,4
1088440,4
1232724,6
1281520,3
1192006,6
1096793,4
1309347,3
1259515,3
1078318,4
1254912,3
1025896,4
1297953,3
1040699,5
1177253,5
1103981,5
1207717,4
1098358,3
1162333,6
1153615,6
1065548,4
1153756,4
1035736,5
1206342,4
1181852,1
1257140,1
1318536,5
1009989,1
1089883,4
1174529,5
1106737,4
1218172,3
1104261,1
1240984,6
1305211,1
1206534,6
1096553,1
1254834,3
1211339,4
1158238,4
1106294,4
1128999,3
1240153,3
1055704,3
1206706,4
1154468,1
1305377,5
1094019,4
1141322,4
1135768,6
1224311,4
1091745,4
1298265,4
1014641,6
1060210,6
1316446,3
1281699,3
1221161,6
1019353,4
1070312,4
1082458,1
1182459,6
1302995,6
1092368,6
1284062,1
1037939,1
1059281,4
1278959,3
1090450,6
1079390,6
1099825,4
1172430,6
1032598,3
1285360,4
1273975,4
1224015,3
1026497,4
1321302,5
1227500,6
1158137,4
1148056,4
1007376,1
1317506,5
1324331,3
1016626,4
1030164,4
1289234,3
1073854,4
1285201,1
1207136,5
1182589,6
1169637,4
1201488,1
1068238,3
1080479,4
1224351,3
1271961,5
1103525,4
1078185,3
1038674,3
1270618,4
1009093,3
1154858,6
1037562,4
1307148,5
1254824,5
1271152,2
1129669,3
1002857,5
1042742,6
1236942,6
1155004,3
1208499,5
1282131,4
1288299,6
1171073,1
1267595,6
1230178,1
1061025,6
1102492,5
1243393,1
1024741,1
1178572,4
1155061,3
1224220,4
1284074,6
1269148,4
1250526,6
1068703,1
1236088,4
1120902,4
1266675,3
1263766,6
1277466,5
1171975,3
1227199,1
1281417,4
1165564,4
1292573,3
1088060,3
1079107,4
1275381,3
1144223,1
1180079,3
1169974,4
1154234,3
1148835,6
1287674,3
1198467,6
1185894,3
1174838,3
1181101,2
1172568,6
1151827,2
1155488,1
1018811,3
1245020,5
1206321,6
1276471,5
1082082,3
1231745,3
1216019,3
1235820,4
1089384,6
1087361,4
1207083,1
1136105,3
1079705,6
1314672,6
1071399,5
1031787,6
1088933,6
1164953,3
1056176,4
1192192,6
1021447,2
1224409,4
1241900,4
1001931,1
1029660,4
1124801,6
1271270,4
1241402,5
1142822,5
1223953,5
1053186,3
1001519,6
1245406,6
1238569,3
1084626,6
1243803,3
1012471,4
1301801,4
1095157,6
1135242,3
1219816,6
1185595,4
1218763,6
1198554,4
1194342,4
1018763,3
1302252,6
1057368,4
1143825,1
1014889,1
1069704,3
1149174,4
1219061,5
1024561,4
1247511,1
1208521,1
1118741,6
1001428,4
1194054,4
1267685,1
1260653,4
1280681,6
1299158,1
1065534,3
1296650,6
1304746,6
1157311,4
1214277,4
1220966,3
1226336,3
1085850,3
1227898,6
1209605,6
1180494,3
1028688,6
1275017,3
1278779,1
1262681,6
1225525,3
1079857,6
1308580,4
1186318,1
1192159,4
1299765,1
1226874,5
1085201,5
1252445,4
1281887,4
1305128,4
1320760,6
1109317,5
1306919,6
1130532,6
1048934,6
1249984,4
1226040,4
1259498,5
1247262,6
1316338,4
1048145,1
1034262,1
1203142,4
1035703,1
1206732,5
1103808,3
1145477,3
1278508,3
1039824,4
1177648,4
1118087,6
1104901,4
1142048,3
1111041,4
1091683,5
1167622,3
1275636,1
1081163,1
1109479,3
1169422,4
1311860,3
1182001,5
1076509,3
1096317,6
1081214,5
1018532,6
1028382,3
1163204,4
1040502,3
1300647,3
1114210,1
1188552,6
1043181,3
1033446,3
1079827,4
1119309,1
1150604,3
1047302,4
1190105,6
1101661,4
1022381,6
1292021,4
1269927,3
1203568,5
1106347,1
1324870,4
1029549,3
1295418,6
1121312,6
1138105,1
1007014,4
1252300,6
1262730,6
1284372,6
1183328,4
1002798,3
1043237,4
1037838,3
1215001,6
1151186,6
1263634,3
1292358,1
1191140,4
1248471,3
1094263,4
1093738,6
1244764,4
1203982,5
1219016,4
1063818,4
1091749,3
1201067,5
1148354,3
1307819,4
1073213,5
1110813,1
1325585,1
1000306,3
1313848,6
1039609,4
1322342,2
1314046,1
1132875,6
1222858,1
1183976,4
1266896,1
1219771,4
1012974,1
1039926,4
1055195,6
1244092,4
1260039,4
1311940,5
1020717,6
1010074,4
1195764,5
1319388,1
1204214,6
1102914,3
1139315,5
1121256,6
1032057,6
1308112,4
1155888,5
1067053,3
1042469,4
1285375,4
1301843,6
1260199,6
1321182,1
1082497,2
1036764,5
1158888,3
1081036,5
1062084,1
1032288,3
1045707,1
1275893,1
1129635,4
1236882,5
1261349,1
1235986,6
1223432,2
1035565,4
1051617,4
1124675,3
1010678,6
1252115,5
1112730,3
1063181,3
1030269,4
1000758,6
1309379,3
1242520,4
1027382,3
1316412,3
1299811,4
1105645,6
1216180,3
1245591,3
1294518,3
1125742,3
1218559,6
1098834,4
1201101,3
1155630,6
1155639,3
1187912,1
1035976,4
1316726,3
1223641,3
1310463,4
1223904,6
1079115,6
1106178,1
1258072,6
1323005,6
1288938,4
1049146,3
1139594,1
1325353,3
1208226,6
1179828,5
1007300,1
1038051,5
1013861,6
1323837,5
1036503,5
1179817,6
1125535,6
1229799,3
1174828,3
1117665,4
1215533,3
1144870,3
1325038,6
1001415,3
1182992,4
1264505,3
1109134,5
1292822,3
1145794,6
1300067,1
1276490,3
1008971,5
1290438,3
1061978,6
1116195,4
1080253,1
1317646,1
1310849,3
1174434,3
1141472,4
1085526,1
1004353,4
1078177,4
1290862,6
1281334,5
1280301,4
1215652,4
1108536,3
1201499,4
1254385,6
1204986,3
1182311,6
1022616,6
1167620,4
1213415,3
1227508,3
1308494,1
1221565,6
1188327,6
1065328,4
1004074,3
1273516,3
1166757,6
1081178,4
1055080,5
1205042,3
1155437,3
1271751,6
1025030,4
1282668,1
1061203,3
1279805,6
1089108,3
1235355,3
1248231,3
1182275,3
1167915,4
1309766,4
1284502,4
1045119,4
1070210,5
1201812,6
1281841,1
1212261,4
1007751,4
1291556,4
1019010,3
1139975,5
1274565,6
1202211,4
1071865,1
1150381,3
1185245,4
1267073,4
1111206,1
1052668,4
1089755,6
1149745,3
1254764,6
1237157,6
1067351,6
1023078,5
1091355,5
1304765,6
1215232,6
1229554,4
1021035,3
1056538,4
1245710,1
1259150,5
1292094,4
1015777,6
1246936,1
1302108,1
1303104,6
1204858,6
1263815,4
1197345,4
1225058,4
1022889,3
1180547,4
1059620,4
1152972,5
1244482,4
1035196,4
1242047,3
1141715,3
1109597,3
1078731,3
1015206,6
1010530,3
1027847,5
1072482,4
1010247,3
1207857,5
1280049,5
1131638,1
1100378,5
1127247,1
1146280,4
1201329,1
1190474,6
1045094,1
1247746,4
1280721,5
1053908,6
1234350,4
1061518,1
1115437,4
1046156,3
1050173,5
1281326,4
1173250,3
1201059,6
1060242,4
1321489,5
1098792,6
1304563,1
1093043,5
1084417,4
1064198,4
1105908,4
1181155,1
1018658,3
1007159,5
1293444,3
1222410,3
1048340,6
1158026,3
1190306,3
1016480,6
1142635,4
1105291,4
1110144,4
1053075,1
1165109,4
1063780,5
1123276,6
1049626,6
1052868,4
1294587,6
1217093,4
1294501,6
1118106,4
1129292,5
1100275,4
1028013,6
1314720,1
1022581,6
1080845,5
1041418,3
1190592,5
1231000,6
1099803,3
1196271,1
1305875,1
1148445,5
1150661,6
1299372,3
1203898,1
1269791,4
1166647,4
1061381,1
1096190,5
1030771,4
1190192,6
1112099,3
1039738,3
1222173,3
1194015,1
1032065,4
1276503,3
1060385,6
1141067,3
1121688,3
1294986,5
1069941,6
1239529,3
1021226,4
1180158,1
1009639,6
1104275,1
1269067,4
1259120,5
1167352,4
1252950,6
1320404,3
1066321,3
1142334,4
1193302,6
1062059,3
1283119,3
1064203,1
1284132,4
1126943,1
1189467,3
1001401,3
1235132,6
1272680,5
1030967,6
1162659,5
1016786,1
1036680,4
1111374,1
1117307,6
1290661,4
1278920,3
1229111,4
1305581,6
1133614,5
1170257,6
1090117,6
1074497,6
1094430,6
1155204,2
1055746,1
1237288,1
1091529,5
1145738,4
1069427,6
1103209,5
1299952,1
1165472,1
1302894,5
1314314,3
1169764,6
1079117,1
1278788,5
1187161,5
1178658,6
1072930,1
1157445,4
1257747,4
1313554,5
1020186,4
1214637,5
1325162,4
1070608,4
1127522,1
1209799,6
1006975,6
1246510,3
1239246,6
1288147,3
1113435,1
1141971,3
1242173,3
1205448,4
1141879,4
1310213,7
1169759,5
1128880,6
1157716,4
1104821,6
1119383,5
1026843,6
1192855,3
1163802,3
1300862,1
1062460,6
1315455,6
1103858,4
1034369,1
1076722,5
1210319,3
1164922,1
1151544,6
1119771,3
1298182,4
1220061,3
1254791,6
1178510,1
1299130,4
1069616,4
1227809,6
1036248,6
1277414,5
1055485,4
1171880,3
1210640,4
1026935,1
1181018,4
1022363,5
1065347,4
1151671,6
1302533,4
1042308,5
1195255,6
1048402,3
1040637,4
1055061,1
1061459,5
1014957,4
1189982,6
1095372,1
1106174,5
1141693,6
1060927,6
1019566,3
1091429,6
1060605,4
1223513,5
1249905,6
1095096,6
1035097,3
1195750,5
1321066,3
1271900,6
1180991,1
1212801,3
1201174,4
1037095,3
1063862,4
1178814,4
1180392,3
1032275,1
1079549,6
1313891,5
1117320,6
1157736,3
1179807,5
1278095,6
1150095,3
1168177,6
1062372,3
1046948,1
1061580,6
1230511,4
1179416,3
1098107,6
1256872,4
1191227,6
1278984,3
1252375,3
1217328,4
1235592,6
1294751,3
1128600,4
1150847,6
1110943,1
1136704,3
1267187,3
1098648,4
1263423,4
1214430,1
1197136,3
1191646,5
1099538,3
1261098,1
1195958,6
1037985,6
1148555,5
1086624,3
1133424,5
1303401,3
1027780,5
1018529,4
1188962,3
1311501,3
1037490,4
1153009,1
1286180,3
1053019,4
1120083,6
1262411,5
1052309,1
1017205,4
1274652,6
1313827,6
1108065,3
1268558,6
1324054,6
1044664,3
1031273,4
1012440,1
1274192,4
1092511,5
1133711,3
1124356,5
1139585,3
1163492,3
1156282,5
1037400,3
1134195,4
1221678,6
1049125,5
1040631,3
1263238,4
1103008,5
1287115,6
1107010,3
1044385,4
1150982,6
1229893,1
1176062,6
1214254,3
1050833,3
1314757,3
1201538,4
1098011,5
1248466,3
1152685,5
1186145,5
1298388,3
1041542,4
1162146,6
1114481,6
1271738,6
1014476,5
1058567,6
1118916,6
1196657,4
1099226,3
1133116,5
1202302,4
1019305,3
1144162,1
1236727,1
1133640,4
1256853,6
1164480,6
1304425,6
1260198,4
1227073,3
1031295,6
1227991,3
1188068,4
1152225,1
1175148,4
1044496,5
1219382,5
1070593,3
1226101,6
1207447,1
1014938,4
1191119,4
1288042,6
1272183,4
1317843,6
1015254,3
1253196,5
1061023,3
1223437,3
1323588,4
1325816,5
1108334,1
1077198,3
1294727,6
1065928,7
1148009,6
1143689,5
1297021,5
1319935,3
1085635,6
1305533,6
1288946,3
1085864,3
1222499,1
1269860,1
1165082,3
1278704,3
1030895,3
1172514,4
1256693,2
1053464,1
1132597,3
1041170,3
1247137,5
1204702,3
1265138,4
1008678,6
1235679,6
1315338,3
1239457,5
1285564,4
1259551,3
1014195,6
1309784,5
1146986,3
1285675,3
1272119,6
1041994,4
1289545,3
1102819,6
1168627,2
1146047,1
1255680,5
1092646,4
1102861,5
1044162,1
1088478,3
1202545,6
1023738,4
1134915,6
1069406,5
1014959,3
1217337,6
1269451,1
1264010,3
1242594,4
1000657,6
1075621,3
1164815,3
1167619,1
1035232,3
1146781,5
1030525,3
1136407,1
1078853,4
1063250,6
1074249,2
1243829,4
1017992,6
1131899,4
1295673,1
1109187,5
1185379,1
1284134,3
1141208,1
1045762,4
1040781,5
1210049,3
1168732,4
1095353,4
1143333,3
1306280,1
1181005,4
1056117,5
1273301,3
1155376,4
1047346,3
1104231,1
1124725,1
1105161,3
1286595,3
1312131,3
1243110,4
1209945,1
1160473,3
1013942,6
1113008,5
1204256,3
1101535,3
1052830,5
1209772,5
1269747,6
1204416,6
1256344,1
1292110,5
1040568,3
1203587,1
1173756,3
1049994,4
1137119,1
1188285,6
1068472,6
1294175,4
1133698,3
1044583,6
1139979,6
1110946,4
1247711,3
1007956,5
1226485,6
1067144,4
1093646,1
1197867,3
1063107,6
1094914,6
1256707,3
1292444,5
1126808,3
1143773,6
1174181,6
1222283,6
1205892,5
1071732,6
1033810,1
1171165,5
1026265,1
1311878,5
1173065,4
1165175,6
1204895,6
1092120,6
1197732,5
1172760,3
1126318,4
1184468,6
1254132,7
1242759,6
1236945,6
1235134,1
1173917,3
1154781,3
1158220,6
1261775,5
1016867,4
1162392,5
1098489,3
1055184,6
1005636,1
1247882,5
1262332,3
1197665,4
1287325,6
1115603,3
1015955,4
1056006,4
1182810,5
1016403,4
1020665,4
1185732,6
1144375,3
1198808,6
1219789,3
1060662,4
1260987,5
1091650,4
1089430,3
1173955,6
1247612,5
1216214,3
1004585,4
1054290,6
1221034,6
1257896,6
1301133,1
1218407,6
1037444,1
1006936,3
1128449,6
1212807,3
1266098,3
1068918,5
1000491,4
1125548,3
1055111,1
1019109,3
1180211,6
1171018,4
1118981,3
1017662,6
1076312,3
1084712,6
1180887,1
1180440,6
1226790,5
1143895,1
1104507,6
1098532,1
1202548,6
1245133,6
1052905,6
1193841,3
1077961,4
1311364,6
1255183,1
1063816,1
1179983,4
1228838,4
1008723,5
1177186,3
1005941,2
1018955,1
1245945,1
1254479,4
1310572,5
1028377,6
1050742,4
1038255,3
1070316,4
1285212,3
1128481,6
1127770,4
1050031,1
1006017,4
1238060,4
1286430,4
1054263,6
1069534,1
1135494,3
1250911,2
1005045,3
1137939,3
1216325,1
1111084,4
1298816,6
1237059,3
1119303,6
1023520,3
1114458,1
1242375,3
1236416,6
1139040,3
1089956,4
1312199,5
1218541,3
1231530,6
1207864,3
1252547,4
1101749,3
1186363,6
1218414,4
1139008,5
1241631,4
1055916,4
1102348,5
1269760,4
1239538,3
1213561,4
1257993,6
1180515,1
1290276,3
1015388,3
1121659,3
1282400,3
1155766,6
1292904,5
1106175,6
1098602,3
1004164,6
1238197,3
1181613,6
1193120,4
1298143,1
1284847,3
1209947,3
1223965,4
1073909,3
1021308,1
1178971,4
1268127,6
1017333,4
1000884,4
1097692,4
1026713,3
1230933,1
1278492,4
1240567,4
1106442,5
1228086,6
1273940,4
1270107,3
1106880,3
1199648,6
1197757,1
1043552,4
1121003,3
1112332,2
1159469,3
1058867,6
1153120,4
1030671,1
1075196,3
1283797,6
1016179,3
1151700,6
1121157,3
1012642,6
1048505,3
1260270,4
1141776,3
1152939,3
1276122,4
1132729,1
1211350,3
1044247,4
1078707,1
1264451,1
1261120,5
1196391,4
1021613,6
1115313,4
1043901,6
1232684,6
1028582,6
1189786,6
1320932,1
1226893,6
1003116,4
1037169,4
1115630,3
1262966,6
1167048,5
1124858,4
1186837,3
1243220,6
1112665,3
1137312,4
1126597,3
1096455,3
1080321,1
1256442,6
1224062,4
1274490,3
1137622,6
1119659,6
1017423,3
1082212,4
1259697,1
1191954,6
1184873,1
1322588,3
1106283,4
1284705,6
1296066,1
1304174,4
1049032,4
1244630,3
1092224,1
1046231,5
1262383,5
1271640,5
1268537,4
1063903,6
1041133,4
1065230,3
1193631,6
1082599,3
1161211,4
1022342,4
1168698,4
1051479,6
1076019,3
1022030,6
1096070,6
1070101,6
1174023,1
1029954,1
1273089,3
1063194,3
1072824,6
1161658,1
1321690,6
1047070,1
1064688,4
1180145,1
1317724,4
1286486,4
1297547,3
1200191,3
1180935,6
1085309,5
1276481,5
1145910,6
1250360,4
1018337,1
1129779,4
1065930,1
1124245,5
1041781,2
1078339,1
1263077,5
1133848,3
1074396,3
1111201,6
1290054,3
1207783,3
1065380,4
1043769,4
1104149,1
1120960,6
1322520,4
1128507,6
1264374,3
1025409,1
1202271,6
1308249,5
1322540,6
1281097,3
1085030,3
1235419,4
1162127,3
1087216,5
1024111,5
1009670,5
1142084,6
1273890,3
1143843,1
1317361,6
1188289,5
1300007,3
1142611,5
1025842,3
1020988,5
1099762,3
1147571,5
1199339,4
1150926,6
1271333,3
1038512,3
1162909,3
1108668,3
1068935,6
1254675,3
1295814,6
1259412,4
1109243,1
1291994,6
1014900,5
1036073,6
1082059,5
1060910,1
1087983,1
1022969,6
1081802,3
1263965,4
1176070,5
1067052,5
1256998,1
1049318,5
1170477,6
1009596,4
1201870,3
1163347,5
1208655,3
1217679,1
1305954,1
1183036,6
1155281,6
1115647,6
1073488,5
1194600,4
1212109,3
1236096,6
1199251,6
1129611,6
1114946,7
1021230,5
1053301,6
1163673,6
1075585,5
1314935,3
1115578,3
1224336,6
1086260,6
1137631,6
1124498,2
1301503,6
1056468,1
1031696,3
1100338,1
1176150,4
1122985,1
1051892,3
1186071,5
1203067,5
1089112,1
1228042,6
1076718,1
1073603,5
1269584,1
1229141,3
1235910,4
1320660,3
1274656,6
1237696,1
1011094,6
1108798,4
1181069,4
1206121,6
1164759,6
1210403,3
1267648,4
1113729,3
1225122,1
1152462,6
1200890,1
1085754,6
1107032,6
1026708,5
1181640,6
1146398,1
1100954,5
1252005,5
1162786,3
1054859,5
1025747,6
1138662,4
1282507,5
1013555,5
1154961,4
1168285,5
1048389,4
1105776,6
1163455,4
1230252,6
1228582,4
1181291,6
1295943,4
1100993,1
1061799,3
1151668,5
1244733,4
1286199,3
1324239,5
1273715,4
1322980,6
1042198,3
1251115,4
1297583,4
1125921,3
1067678,4
1056589,4
1185977,4
1250160,3
1229339,4
1245477,1
1322916,1
1204394,1
1002044,5
1164084,3
1241466,3
1120034,3
1091306,4
1308355,5
1288931,3
1075816,5
1008465,5
1158063,3
1193434,4
1314045,4
1056735,3
1165927,3
1023250,4
1114554,1
1132525,3
1271933,3
1231489,6
1136868,4
1193422,3
1111275,6
1107073,4
1116025,4
1231138,3
1139082,5
1251613,6
1053211,1
1256923,3
1235483,6
1204244,3
1157677,6
1247433,4
1285632,1
1166314,5
1140613,2
1189811,3
1004342,6
1279818,4
1178848,3
1249273,6
1201300,5
1113582,4
1231615,3
1247087,6
1085673,6
1128309,5
1315297,3
1177460,6
1152995,4
1154021,1
1042523,6
1153223,4
1250270,4
1166774,6
1018318,6
1192848,4
1089530,4
1217491,5
1002092,6
1086191,4
1283331,3
1004967,1
1200322,4
1047056,4
1115744,6
1243961,3
1054478,4
1021615,6
1309542,4
1198652,3
1098619,5
1106456,6
1199356,6
1251869,6
1188357,6
1230541,6
1225039,3
1108252,3
1071001,6
1105249,5
1200736,4
1191800,3
1152663,6
1298866,6
1109306,6
1081126,3
1310596,3
1152965,3
1104478,4
1140777,3
1050928,5
1141695,3
1174332,4
1107675,5
1172434,4
1213726,4
1098797,4
1010814,5
1063754,5
1290620,3
1109548,6
1316119,6
1041951,3
1111184,5
1211635,4
1309980,4
1115070,6
1010578,6
1094618,5
1076779,4
1166121,3
1155566,4
1073987,5
1231034,3
1140253,3
1322015,3
1286663,5
1303664,4
1098074,4
1134729,5
1038988,4
1116285,3
1262597,6
1196412,4
1010352,1
1191307,6
1231466,1
1261500,1
1302376,6
1314039,6
1251038,5
1202191,5
1312647,3
1016459,6
1103611,6
1088932,1
1301798,4
1225487,3
1133747,3
1246022,6
1223196,1
1012918,1
1037764,6
1036100,1
1291371,5
1067849,6
1151002,6
1252443,6
1257736,4
1006512,1
1147684,6
1151593,3
1087713,3
1149081,4
1248599,3
1143549,6
1159491,4
1238358,6
1158431,3
1290641,5
1188541,6
1243782,4
1244106,3
1174883,3
1196155,5
1243074,3
1238256,4
1001914,1
1243085,6
1262014,6
1274614,6
1107845,4
1249366,3
1311563,1
1026089,4
1205276,4
1120999,5
1162145,6
1301536,5
1094940,4
1246180,3
1323115,4
1115088,5
1215207,3
1234789,2
1198901,4
1057641,5
1248157,6
1097686,6
1296700,4
1189301,3
1048640,4
1261528,6
1212262,3
1210134,3
1316873,2
1193472,7
1303895,6
1110477,4
1312306,6
1194582,6
1274512,6
1091817,3
1146698,4
1098515,4
1299065,5
1218113,6
1291147,6
1011665,6
1085145,3
1145678,4
1073191,3
1210291,6
1271849,6
1299547,6
1233638,3
1027586,3
1241021,6
1053354,6
1297146,4
1202620,1
1280148,3
1208910,4
1013482,3
1160979,1
1054229,3
1257588,4
1209412,1
1244840,1
1274305,4
1087470,6
1041048,3
1299923,5
1281013,5
1071433,1
1325517,6
1007593,3
1032921,6
1299044,3
1006366,6
1261126,6
1252423,6
1317749,3
1099684,4
1095387,3
1235196,5
1202821,4
1157762,6
1009918,6
1056951,3
1153991,3
1174140,6
1265752,4
1110312,4
1200509,3
1046102,6
1089873,3
1211314,3
1025098,4
1015067,3
1151253,4
1323935,3
1097973,3
1052238,3
1126802,6
1265490,1
1064165,6
1171578,3
1041163,6
1087168,3
1189385,3
1225075,3
1010191,1
1032361,5
1236450,1
1300013,6
1217990,6
1295292,4
1125974,6
1313112,6
1306939,3
1093644,3
1067987,4
1090884,3
1288608,4
1103818,4
1321743,5
1113452,4
1064150,3
1079836,4
1009118,6
1103169,4
1067209,5
1306874,6
1014442,5
1205065,6
1273152,5
1203473,6
1069175,1
1032621,1
1163422,3
1277150,4
1292778,3
1163403,1
1026306,6
1031469,3
1153506,1
1192273,4
1135113,3
1206621,6
1126530,2
1094155,1
1265338,4
1313566,6
1002353,6
1145141,3
1252992,3
1124391,1
1037415,1
1168355,6
1080323,3
1292820,6
1297107,1
1165110,6
1131951,5
1263067,4
1133168,6
1064071,4
1220898,3
1107508,4
1269672,5
1131778,6
1275958,5
1130833,4
1166805,6
1217728,4
1209769,3
1070365,4
1238682,6
1271402,5
1022308,6
1039818,4
1277296,6
1171086,3
1032402,6
1153888,6
1270586,4
1247543,3
1037324,1
1006011,3
1309190,6
1039147,5
1179319,7
1132061,6
1273324,1
1267892,6
1305134,3
1068556,1
1147914,6
1007092,1
1058368,2
1048542,6
1241261,3
1280826,6
1213895,3
1039008,3
1058815,4
1218061,6
1019447,4
1152821,3
1144824,5
1143211,6
1258801,1
1069530,1
1291712,3
1180247,5
1250340,1
1215023,4
1047077,5
1175033,4
1268708,4
1287870,5
1286804,6
1264041,6
1250313,3
1115968,6
1028422,3
1246973,6
1053870,5
1126816,3
1131182,5
1069234,3
1154156,4
1270597,7
1289462,3
1017750,1
1144573,5
1182679,4
1294690,5
1324517,6
1146202,6
1033884,3
1289975,4
1259440,4
1163781,4
1262997,5
1265611,3
1001480,4
1193962,1
1231190,3
1115138,3
1101999,6
1289861,6
1121980,6
1323707,3
1309651,6
1321476,4
1290109,4
1138249,4
1315969,4
1203314,5
1017694,3
1314070,1
1021362,4
1141107,5
1229192,3
1221857,1
1296478,6
1148653,4
1064296,6
1074376,3
1242867,3
1129698,6
1013849,6
1076754,6
1289478,5
1057031,4
1320859,3
1011194,6
1303306,1
1322527,1
1224996,6
1237159,6
1277997,4
1144307,1
1106066,3
1273756,5
1103381,6
1197408,5
1206675,6
1061112,3
1109368,4
1292482,5
1235779,3
1067631,1
1067062,5
1035575,4
1030213,3
1269925,5
1006773,3
1306439,5
1138545,3
1239923,6
1092167,3
1141503,1
1322244,5
1047508,1
1278666,3
1287122,1
1307962,3
1122163,3
1004952,4
1223868,6
1236026,7
1205032,4
1222756,6
1139535,6
1049641,5
1227213,4
1165267,6
1118865,6
1090491,5
1078309,3
1259597,6
1192024,5
1245460,4
1302069,4
1231260,3
1052875,6
1103798,4
1183075,4
1203171,3
1273880,3
1229059,6
1299553,3
1284111,5
1153881,6
1184598,4
1275808,6
1176335,4
1273023,3
1109847,6
1236969,3
1067970,3
1059234,4
1011169,3
1306328,3
1318802,3
1106546,6
1282362,5
1167980,6
1047831,6
1243126,3
1242250,4
1229508,6
1080940,3
1219319,6
1166557,5
1219271,4
1091713,6
1175634,4
1292522,1
1205287,4
1160023,1
1091832,3
1051859,6
1274213,6
1225300,4
1063923,3
1121644,6
1139752,5
1273945,5
1205847,4
1198432,3
1053882,6
1144705,3
1193690,3
1312411,6
1224020,3
1119031,3
1323752,6
1174320,4
1030365,6
1271319,6
1074408,6
1054362,6
1286510,6
1188581,6
1175748,3
1160894,3
1077263,4
1287043,4
1024044,4
1075550,3
1009597,4
1198166,4
1162260,1
1136246,3
1226270,3
1261398,1
1041316,6
1314407,3
1314266,6
1109581,3
1311321,6
1312328,5
1222655,5
1112453,4
1141255,4
1196113,3
1120995,4
1146178,7
1288715,6
1208677,4
1097510,4
1162372,6
1277359,3
1008319,4
1289067,5
1260658,6
1156592,5
1119696,3
1082544,4
1228675,1
1099220,4
1203287,1
1275349,6
1042023,1
1115754,6
1224842,1
1295101,3
1282638,3
1244612,6
1131692,4
1303170,2
1298833,6
1258813,6
1121081,2
1066272,4
1273080,3
1301668,6
1277473,5
1179911,5
1221196,4
1158980,6
1257147,6
1097035,4
1146704,6
1164530,4
1104664,4
1197291,5
1193414,4
1185665,1
1178417,5
1175710,4
1139813,6
1070730,3
1180885,3
1243308,6
1048089,6
1047898,4
1161822,5
1057621,3
1279285,4
1194881,2
1051029,1
1287198,5
1271412,5
1273873,1
1234742,5
1113384,4
1208166,3
1116845,1
1301508,5
1196664,6
1309629,6
1166138,6
1002102,3
1268106,3
1277959,5
1138501,1
1008924,6
1262535,6
1083202,6
1189451,5
1301506,4
1103276,5
1035666,6
1001235,1
1038317,6
1288847,5
1222962,1
1269051,4
1247291,6
1277226,4
1109166,6
1060500,2
1071571,3
1065398,3
1119441,1
1145617,5
1032971,1
1116677,4
1226611,6
1122171,3
1217487,1
1126038,3
1053173,4
1129308,1
1323723,4
1199074,6
1244456,5
1190458,3
1151207,3
1220442,3
1121076,4
1278577,3
1184925,3
1091301,3
1258044,3
1252194,5
1211938,1
1036778,4
1012429,6
1185309,6
1131613,1
1080891,6
1053392,5
1148581,6
1032873,6
1139086,6
1235344,6
1076514,5
1242373,4
1278633,6
1318313,6
1203227,3
1083810,5
1224480,4
1006093,3
1215709,5
1082011,3
1250497,6
1015194,5
1147014,3
1026108,1
1287263,5
1191223,5
1197819,3
1178064,1
1164699,1
1191239,3
1068279,3
1270543,2
1077668,1
1122488,6
1013417,5
1281379,4
1124752,1
1053311,3
1061070,4
1011641,3
1105137,1
1057041,1
1231394,4
1251279,3
1197672,4
1209147,1
1051608,5
1312496,2
1084508,4
1240119,5
1275439,4
1248226,6
1167988,6
1017598,4
1319675,5
1247037,6
1050314,3
1217576,3
1065374,7
1235248,6
1217659,3
1125214,5
1207560,4
1241676,6
1286074,1
1084296,3
1229211,6
1040852,1
1183486,4
1062910,1
1007903,1
1098076,5
1236160,4
1151136,6
1228525,5
1291760,5
1244850,4
1249565,1
1029169,3
1166103,6
1278481,4
1297817,3
1292831,1
1291070,7
1119243,5
1157856,6
1181682,3
1053812,5
1189452,6
1258428,6
1093040,6
1149648,4
1160862,4
1035871,4
1093998,6
1303959,3
1262542,4
1078594,4
1254809,3
1141605,4
1233786,6
1121349,3
1085750,4
1306910,3
1017768,3
1241652,1
1079296,4
1004535,4
1202480,4
1081534,6
1115601,3
1173911,6
1110611,6
1216020,3
1165311,5
1298413,6
1179043,5
1035191,4
1309491,4
1240422,4
1115592,3
1323678,4
1117447,6
1247775,1
1128563,4
1066107,3
1166343,3
1174833,4
1273614,1
1079535,4
1181848,1
1296492,1
1290423,1
1289233,3
1324883,1
1278353,3
1072847,3
1257446,3
1206677,5
1269280,4
1222234,4
1274868,1
1077189,6
1011381,6
1161367,3
1124681,3
1169184,4
1002009,5
1034840,4
1294635,1
1282090,4
1041022,6
1314333,3
1044220,4
1178727,6
1165342,3
1002410,3
1160953,6
1129597,6
1255578,3
1186850,1
1251607,5
1159817,5
1261972,2
1215851,1
1300562,1
1316061,4
1308337,5
1084206,1
1030792,1
1161600,3
1025673,3
1251995,3
1012720,1
1180766,3
1279313,3
1098179,5
1252761,6
1266301,5
1282880,4
1240025,3
1165066,3
1074567,6
1048289,3
1097166,3
1054326,4
1248348,4
1229759,3
1076427,1
1321566,6
1055373,3
1056158,3
1274438,4
1105084,3
1048308,3
1229216,6
1228068,1
1185621,4
1128532,6
1095383,3
1163625,6
1034267,5
1040364,4
1167055,6
1042695,4
1077500,5
1284114,4
1137482,6
1023028,4
1162337,6
1275394,6
1019837,6
1062122,3
1134818,3
1171279,1
1140681,3
1294056,4
1106830,3
1133822,1
1083830,4
1225446,6
1226305,3
1295441,5
1274878,1
1128713,6
1172336,1
1272618,6
1187386,5
1152609,6
1091521,1
1119114,1
1238670,6
1171414,1
1071971,1
1296398,4
1107223,5
1288943,5
1081184,5
1043638,3
1263716,6
1121800,6
1108871,4
1040089,4
1126166,3
1149753,5
1086690,3
1154827,3
1164286,4
1044754,4
1126712,3
1191961,5
1008019,3
1221676,4
1243915,6
1078933,1
1272332,4
1015082,6
1039114,6
1037915,1
1321867,1
1141313,4
1067909,3
1114927,4
1226018,5
1209507,1
1324095,5
1227473,4
1131160,5
1287015,6
1124395,4
1011122,6
1257607,6
1309258,6
1158451,6
1222771,6
1064441,6
1229944,5
1305380,1
1209032,6
1302988,4
1133402,1
1106998,3
1070106,1
1068268,6
1072940,6
1225028,2
1265167,4
1228660,3
1184466,4
1159075,4
1219647,6
1082604,6
1092229,3
1245993,5
1158856,3
1105949,1
1203776,6
1236043,6
1230654,6
1268029,4
1058982,5
1038794,4
1216982,3
1290470,5
1114540,1
1024769,1
1234345,3
1249135,3
1097797,6
1219986,6
1167026,5
1221072,3
1005768,4
1152201,1
1292131,3
1175644,6
1030216,3
1272406,5
1264772,3
1107048,3
1267922,3
1152108,5
1045584,1
1232120,4
1242603,6
1304474,3
1234110,3
1002694,3
1010291,6
1238630,3
1243709,6
1193055,6
1266027,3
1065242,1
1151357,1
1015848,6
1258810,4
1169885,6
1097636,3
1148418,4
1192716,3
1005366,4
1176998,4
1269436,6
1101327,3
1154657,6
1066333,4
1315027,4
1118159,6
1041818,1
1027795,5
1293910,1
1149248,5
1261294,3
1039182,2
1191072,4
1231069,4
1139601,4
1088891,5
1282536,3
1284774,4
1076178,6
1290919,3
1041120,4
1053026,3
1056517,6
1318270,4
1038685,6
1040302,3
1169662,5
1316018,3
1002581,6
1185879,3
1288618,4
1035910,4
1019169,6
1086353,3
1308351,6
1016293,3
1045280,6
1156608,4
1216328,4
1002467,6
1110805,4
1073382,3
1112036,4
1100250,4
1160619,3
1161799,1
1069623,6
1040536,4
1091422,6
1180596,4
1102747,6
1294283,4
1281466,5
1109655,1
1273838,4
1022971,1
1165327,6
1121274,4
1028418,7
1264006,5
1197452,3
1235609,5
1250480,3
1047677,1
1119922,6
1261274,6
1117707,3
1284192,6
1252537,6
1276746,4
1069107,5
1232730,6
1029996,5
1178441,6
1102189,3
1177120,1
1119143,5
1233528,3
1318089,4
1106956,4
1076308,6
1258561,6
1065156,6
1017400,3
1277559,6
1303539,4
1172071,1
1316155,5
1255875,6
1299338,3
1218794,6
1052758,1
1062965,3
1163081,6
1082848,4
1246487,3
1104004,1
1292838,6
1285583,3
1279883,3
1190393,3
1047356,3
1252616,6
1317859,1
1323751,6
1271592,4
1186151,5
1153272,4
1017078,5
1230478,4
1232331,6
1137580,1
1240802,3
1301795,1
1118791,6
1224435,1
1292805,6
1306762,3
1242547,3
1124742,1
1215765,6
1267414,6
1283372,4
1220428,5
1064098,4
1056155,5
1307569,4
1031657,5
1288055,3
1089092,5
1070658,5
1061937,5
1022751,5
1272779,4
1082263,3
1228698,4
1323297,2
1205998,6
1074965,4
1310945,6
1263866,5
1196192,4
1053502,4
1051232,6
1284820,6
1182273,4
1288728,1
1184847,2
1060848,1
1021357,5
1141391,6
1242879,6
1225384,6
1246796,6
1161458,3
1123987,3
1020706,3
1034436,5
1304197,4
1167549,1
1057167,3
1259332,6
1080432,3
1009466,5
1286290,4
1262588,4
1224525,1
1026044,3
1047472,6
1100798,6
1153380,3
1185722,6
1094974,3
1148337,6
1073621,5
1320024,5
1085527,5
1089717,3
1212250,6
1281701,5
1260350,7
1130919,6
1031471,3
1119536,3
1101321,3
1266343,1
1101915,6
1141116,6
1161854,5
1105293,3
1134446,4
1061411,6
1315915,2
1190515,6
1052736,6
1308664,4
1127182,3
1303438,5
1037461,6
1114684,1
1274637,6
1199930,3
1005037,3
1198331,6
1267659,6
1236005,6
1117979,1
1104528,5
1202667,3
1090670,6
1297368,3
1044986,1
1072588,3
1049108,5
1210390,1
1036162,5
1062748,3
1205757,3
1012179,6
1003186,4
1222298,6
1322979,3
1185813,4
1229253,6
1141614,6
1266698,3
1280539,4
1290528,3
1189886,3
1055437,3
1217140,4
1191893,3
1249390,1
1078704,4
1216139,4
1171297,6
1234107,3
1126344,6
1067102,6
1323710,6
1167143,5
1058484,5
1248826,1
1102932,4
1200591,4
1062476,3
1252825,3
1308794,5
1222122,5
1009588,4
1061634,6
1210417,2
1164069,6
1046401,1
1204006,6
1111070,4
1033620,4
1014969,3
1311351,5
1121904,4
1239011,3
1315144,4
1236996,4
1102074,4
1175688,6
1034115,1
1138122,4
1160708,3
1200045,3
1159679,5
1025403,6
1084699,1
1140771,4
1013528,6
1320077,5
1106035,6
1120131,4
1240692,5
1070342,5
1172562,6
1185830,6
1146433,3
1287324,1
1083352,6
1083928,3
1000338,5
1299848,6
1126691,1
1073334,3
1033818,1
1235457,4
1080707,3
1245023,5
1010227,3
1084241,5
1138490,5
1029010,6
1253751,4
1310966,4
1118784,3
1112285,1
1082914,3
1172086,2
1071124,6
1270452,6
1029495,5
1016412,1
1129397,1
1325201,3
1158537,4
1113466,1
1269587,1
1064360,1
1151930,1
1146246,6
1242599,5
1185947,6
1094566,3
1184569,1
1255580,1
1045828,3
1196289,6
1321898,6
1054219,5
1122423,1
1294761,4
1136345,5
1169526,5
1103135,4
1056640,6
1212713,6
1128062,3
1286133,6
1026230,3
1142882,4
1150176,3
1205685,5
1063091,6
1230556,3
1046225,4
1143947,1
1239670,6
1105825,4
1289948,6
1073543,1
1006270,6
1294194,3
1108548,1
1218430,6
1080922,3
1052253,6
1085899,5
1016814,4
1161158,4
1198508,4
1190352,4
1160255,6
1275539,4
1006570,4
1021932,4
1010853,5
1292487,4
1045821,6
1015918,1
1116593,3
1278372,6
1180872,4
1087540,6
1020569,6
1182341,1
1043966,6
1054271,1
1239458,6
1085013,3
1112760,6
1270531,5
1220294,6
1185466,3
1115480,3
1065504,6
1176500,1
1021515,4
1319555,5
1206633,3
1244745,5
1322699,5
1292792,6
1314361,4
1232146,3
1162736,1
1178522,4
1043613,6
1240636,6
1278816,4
1127169,4
1320430,5
1042411,3
1250891,4
1017029,1
1255096,3
1269259,4
1006820,1
1284747,5
1067561,6
1254376,5
1265132,3
1229537,4
1204398,3
1253806,1
1252614,3
1275016,4
1130591,1
1249600,3
1291367,5
1214453,6
1117824,1
1046988,1
1063739,3
1302011,4
1179907,3
1069929,4
1101031,1
1127044,3
1087762,4
1303459,1
1164913,1
1041894,3
1112374,1
1156102,5
1104050,6
1282511,4
1248018,4
1166460,3
1046755,3
1127375,6
1059456,3
1317564,1
1227524,6
1236562,3
1179300,4
1316323,6
1002946,4
1288593,6
1101357,1
1269135,3
1057597,4
1044607,4
1115149,4
1064193,5
1305555,5
1303588,3
1262224,6
1294343,6
1106523,5
1108404,3
1288999,6
1174906,4
1144566,6
1071431,6
1019865,5
1029372,6
1281485,5
1298500,4
1282406,5
1204930,3
1209052,4
1048662,3
1194823,4
1129989,6
1142538,1
1113474,3
1269666,3
1091463,6
1193621,6
1151621,3
1095587,1
1297197,3
1162965,6
1057370,4
1128759,5
1258879,4
1046677,3
1155610,4
1136714,6
1013686,3
1111574,6
1179369,4
1032633,4
1221924,4
1201778,6
1184945,3
1030058,4
1267547,3
1282556,6
1040626,3
1168472,5
1255589,4
1064005,3
1209777,5
1018438,1
1146627,6
1038943,3
1160872,4
1070824,5
1206629,5
1103787,6
1094240,6
1162120,6
1119203,5
1194632,6
1268190,1
1061438,3
1174333,5
1152591,1
1216463,4
1129655,4
1261010,1
1214531,1
1110414,3
1004204,1
1230722,3
1210508,5
1286695,6
1222663,5
1095517,3
1313584,5
1284836,4
1147329,4
1101021,3
1144801,4
1144694,6
1128238,3
1290535,3
1228657,4
1208734,4
1236463,6
1222981,6
1311946,3
1252577,4
1182742,6
1091800,1
1105519,3
1177076,1
1072475,2
1036157,3
1202633,4
1173259,3
1062920,6
1269725,3
1283844,4
1096404,1
1060766,3
1134123,1
1081422,4
1213969,5
1282898,6
1310821,1
1051648,4
1294444,3
1023998,1
1183643,6
1286450,3
1184570,4
1046127,4
1255480,3
1116957,6
1146524,4
1282922,4
1313690,3
1314760,3
1012583,3
1037288,4
1209273,3
1113241,3
1014031,1
1227113,1
1125338,3
1182210,6
1087178,3
1115393,5
1224691,5
1003492,5
1031251,5
1056178,3
1165049,3
1025206,4
1241003,5
1302524,5
1027909,1
1000721,4
1033900,5
1285248,5
1092759,5
1267984,4
1112458,3
1271806,6
1114573,6
1322865,4
1293207,6
1297274,4
1294497,4
1295939,1
1146738,4
1118361,5
1227625,4
1131829,3
1244984,6
1259778,3
1199237,6
1004763,5
1086455,4
1034944,6
1307627,1
1249370,3
1076042,3
1028386,3
1089937,1
1119406,1
1235594,4
1025821,4
1114837,5
1229445,1
1280679,5
1271086,4
1082933,3
1026149,3
1096354,6
1004537,6
1075443,3
1095620,6
1097449,3
1096995,3
1056823,3
1253061,4
1300356,4
1020351,6
1070424,6
1010013,6
1009673,4
1072949,6
1036951,3
1254760,1
1239537,3
1162117,3
1204059,6
1194439,4
1291212,6
1081065,6
1112884,5
1232740,1
1015430,6
1164136,1
1151900,6
1057828,3
1117584,3
1273108,2
1081220,3
1083934,3
1304971,4
1217997,4
1037093,6
1197982,4
1085207,3
1046507,4
1086281,1
1147870,3
1125386,3
1175213,4
1086153,4
1084706,1
1192392,1
1147861,5
1292692,1
1091722,4
1016096,6
1256351,3
1020828,6
1016288,6
1127136,4
1272501,5
1159850,1
1070943,5
1033562,3
1000130,1
1111352,6
1235098,6
1113608,4
1271092,4
1224512,1
1110157,6
1296746,1
1070679,4
1318837,4
1046629,3
1182618,5
1282599,6
1262616,3
1135873,3
1108831,4
1244633,4
1158332,4
1078390,1
1100870,4
1116293,3
1317974,6
1074083,3
1129930,4
1145227,6
1203241,4
1134293,1
1280313,4
1202038,1
1089024,5
1309748,7
1114998,4
1274318,1
1092860,6
1029509,5
1252290,6
1268584,4
1318940,6
1146488,6
1254640,6
1196669,3
1176868,4
1302866,4
1166887,3
1133811,3
1157919,4
1126609,6
1236596,6
1281175,6
1007395,3
1054427,6
1224954,6
1172054,1
1219529,6
1085349,3
1164996,3
1199056,6
1289946,4
1120292,4
1144674,6
1212527,6
1066698,3
1222877,3
1228924,5
1090906,6
1109843,1
1048633,6
1253619,3
1162137,2
1278416,3
1051552,5
1201237,6
1311970,5
1247913,4
1172857,3
1304046,3
1276667,4
1144343,3
1001571,6
1089549,1
1091780,3
1035224,3
1032359,6
1251024,3
1083609,1
1315311,3
1210173,4
1000225,1
1001126,4
1235889,3
1078458,5
1298598,4
1305923,6
1123111,5
1035261,6
1259814,6
1238053,1
1129676,6
1182424,6
1323089,6
1170881,6
1162958,5
1276699,4
1063287,4
1204047,3
1164437,4
1258439,3
1175585,3
1030086,5
1089306,5
1038235,6
1242266,3
1139233,5
1110582,6
1205859,4
1243131,1
1053525,3
1302485,6
1049663,6
1011067,7
1208694,4
1214633,6
1162790,3
1152933,4
1234724,6
1251312,4
1313128,4
1041868,3
1203218,3
1103183,3
1296788,6
1162366,3
1247977,3
1203647,6
1088686,1
1170181,3
1267468,6
1031656,6
1267177,4
1295779,3
1121267,4
1142316,5
1101840,3
1312731,3
1200030,4
1275120,5
1163420,5
1097781,4
1117054,3
1099163,6
1297452,4
1057058,5
1099816,4
1200497,4
1020924,3
1249607,4
1323773,3
1173429,3
1146942,3
1032267,4
1069953,3
1017846,4
1274002,4
1062873,6
1091132,1
1242258,4
1239356,6
1130081,3
1286420,1
1040792,3
1168992,4
1280820,6
1265169,6
1275242,5
1248107,5
1178136,1
1198564,4
1296879,1
1183251,4
1270401,3
1021111,6
1116991,2
1024471,4
1101919,6
1278442,6
1143612,5
1030625,5
1221827,6
1044168,6
1103664,4
1102793,6
1068183,6
1069545,4
1124930,5
1058161,3
1027604,5
1092361,6
1324212,3
1273619,3
1317970,1
1098802,4
1293791,3
1166020,1
1031520,1
1187581,4
1272440,6
1169544,3
1125740,6
1091127,3
1206349,1
1182518,1
1069245,4
1084700,6
1321343,4
1224247,6
1004523,3
1112921,4
1139452,4
1016046,4
1078995,3
1169143,1
1113284,5
1036637,5
1038470,6
1162656,4
1247715,3
1251537,3
1064669,3
1090381,4
1309035,6
1286289,6
1005822,5
1296362,4
1111850,3
1048786,6
1298415,5
1197387,6
1111484,5
1071730,4
1040573,6
1315146,3
1074887,6
1297978,4
1289690,5
1181440,6
1031689,3
1026415,6
1160246,1
1095441,5
1049644,3
1197902,4
1250239,4
1114054,4
1100008,3
1248123,3
1310468,4
1080169,6
1118382,5
1080283,4
1093669,5
1129812,7
1195984,5
1069204,3
1292192,4
1200621,3
1082118,1
1215337,1
1287413,6
1010928,6
1050564,4
1185033,6
1030795,6
1080174,6
1232823,5
1033791,4
1129290,5
1229161,3
1300951,4
1110609,3
1168735,4
1139396,3
1093489,5
1262427,5
1237402,3
1170587,6
1184899,5
1252876,5
1087929,6
1251237,5
1315766,3
1300813,4
1263771,3
1266346,4
1225126,4
1097264,3
1035141,6
1159874,6
1066457,5
1131732,4
1093713,3
1103355,1
1080201,1
1309004,4
1077816,6
1255711,5
1302689,4
1257170,3
1128453,4
1085914,3
1273174,6
1099488,4
1221137,4
1135771,6
1115155,3
1061854,3
1108177,4
1073434,5
1106515,3
1008254,5
1285239,6
1047963,4
1063393,3
1270217,5
1298700,5
1276088,3
1130250,6
1289542,1
1050861,1
1064338,5
1323741,4
1093314,6
1170052,4
1120137,5
1084008,1
1065447,4
1057738,1
1021944,6
1167766,6
1096377,3
1022548,5
1176261,3
1251513,1
1189388,3
1252523,6
1325823,3
1312692,6
1253479,6
1121648,5
1094325,4
1104249,4
1015517,6
1267349,5
1064978,3
1265513,1
1081527,6
1106537,3
1187475,6
1130534,6
1262382,5
1267848,3
1211810,5
1047919,5
1122148,5
1044957,4
1305078,4
1253128,1
1193408,5
1019824,4
1118843,1
1098772,5
1053823,2
1081156,6
1166803,3
1253019,4
1261699,5
1134968,4
1067965,3
1233001,3
1037137,1
1143167,4
1243334,3
1143164,1
1236804,3
1044088,6
1204404,6
1100867,6
1119332,4
1102800,5
1082743,3
1038102,3
1019082,6
1136237,3
1074386,4
1135201,3
1117738,3
1165084,6
1254316,5
1309474,3
1008089,4
1183263,1
1027233,3
1240417,6
1230819,4
1179115,5
1040886,6
1020537,1
1142568,6
1038486,6
1021704,3
1246155,3
1258612,5
1035784,5
1243817,1
1184556,5
1216803,6
1245390,5
1293008,6
1260331,2
1165243,6
1148934,4
1151970,4
1293448,6
1025615,6
1210663,1
1081490,5
1151625,3
1270471,6
1079573,6
1280355,3
1303924,6
1183319,6
1175135,3
1031591,6
1032864,1
1234921,6
1216636,4
1069457,4
1153218,4
1155023,5
1261966,3
1055098,5
1242691,1
1171249,6
1096611,5
1311347,4
1057434,3
1053360,3
1311958,5
1206264,4
1195049,3
1170408,6
1246005,6
1075542,3
1198098,4
1136110,4
1207793,3
1086586,6
1218060,3
1315346,6
1123315,2
1015978,6
1008590,1
1289730,6
1222341,5
1263215,5
1149110,6
1233039,3
1206600,4
1185618,4
1090977,4
1098511,4
1169907,4
1025984,5
1142977,7
1050713,1
1004439,3
1190672,5
1157407,5
1247765,4
1027625,3
1018017,1
1137038,5
1321468,4
1086967,3
1198889,6
1193034,4
1076979,6
1191627,1
1149974,4
1130513,6
1034720,3
1248347,3
1226138,6
1052762,4
1154202,1
1241685,3
1175484,1
1072952,5
1165633,6
1186892,3
1293601,4
1084797,4
1157575,6
1280546,3
1000422,3
1021606,1
1222170,3
1115730,1
1247821,6
1049882,3
1045506,6
1045809,6
1217722,6
1115561,5
1323046,6
1065761,4
1205802,6
1221145,5
1222315,4
1301452,4
1135589,6
1118090,1
1052586,3
1317360,6
1158551,5
1188791,4
1084245,1
1157033,4
1024912,4
1176544,6
1078507,5
1304622,1
1172612,3
1030438,4
1187106,5
1070176,4
1013030,3
1018796,3
1212977,1
1224879,5
1301593,1
1024513,3
1306063,3
1147536,3
1141406,3
1291382,6
1196019,3
1129784,1
1318245,3
1100044,3
1169729,3
1262785,4
1201874,4
1271621,4
1031745,5
1046349,5
1127167,5
1281458,3
1097955,5
1101624,6
1266059,4
1105992,6
1245940,4
1235999,4
1237745,3
1182255,3
1239365,1
1102665,4
1029925,4
1097436,1
1135737,4
1060755,1
1075590,4
1244722,4
1050500,4
1120316,4
1092184,3
1208159,6
1197662,6
1122721,4
1295539,5
1223504,6
1288347,6
1290307,4
1049193,6
1120602,4
1233397,5
1026201,5
1019962,6
1084951,1
1247382,4
1026638,6
1096086,3
1102584,4
1012975,6
1201125,1
1270243,4
1301105,4
1271414,3
1324265,5
1000596,1
1155634,4
1176839,4
1053536,1
1083289,5
1020872,6
1272111,5
1055558,4
1061948,5
1188272,6
1187670,5
1260512,4
1226801,1
1228979,3
1262553,4
1023491,5
1150556,4
1000554,4
1229119,6
1074367,1
1096552,3
1088927,6
1298037,1
1237681,6
1137966,4
1075669,1
1083843,6
1213111,6
1070770,6
1008867,6
1029384,3
1322219,5
1033462,1
1158598,4
1302521,4
1009598,4
1064934,4
1124242,4
1013147,5
1073600,6
1182790,3
1174636,5
1032305,3
1073664,1
1262265,4
1051080,3
1320089,3
1121272,4
1029170,3
1028484,6
1209384,4
1018918,1
1187734,6
1288968,3
1277934,4
1199991,6
1090401,5
1293663,3
1060714,5
1258523,3
1261244,4
1227253,4
1182490,4
1252442,3
1128756,6
1299618,1
1102405,1
1269165,3
1199517,3
1321103,4
1035126,4
1132778,4
1033194,4
1311236,6
1208507,5
1024851,6
1300518,3
1007846,4
1013148,3
1136912,3
1082416,1
1200317,3
1171300,1
1042424,4
1322691,4
1046295,3
1259554,3
1298943,6
1325733,4
1214198,5
1184250,6
1081145,1
1193967,3
1199813,5
1235537,3
1181437,1
1077297,6
1313228,2
1299216,4
1042910,4
1281086,1
1152602,4
1029155,4
1164735,5
1067332,3
1023708,5
1174239,4
1156091,3
1202159,4
1280525,6
1087421,6
1160552,3
1116658,1
1048863,3
1151712,4
1094565,4
1077504,3
1126462,5
1169203,4
1159708,6
1148318,3
1140142,1
1097102,4
1235475,3
1099937,3
1277389,4
1181978,3
1224818,5
1294395,6
1158698,4
1198168,4
1164085,3
1133140,1
1209017,3
1053762,5
1220826,6
1074721,4
1308156,5
1174331,5
1066788,3
1100573,3
1152843,3
1169553,4
1174947,6
1317922,1
1236041,4
1002770,4
1067320,6
1312855,5
1191618,3
1029861,3
1256109,5
1057712,6
1044910,3
1122834,6
1081265,3
1227746,6
1079987,6
1187535,3
1096578,5
1170430,4
1159493,5
1211865,5
1105419,6
1174112,6
1109793,6
1006766,1
1085594,6
1298893,2
1162163,4
1208477,2
1129674,3
1204264,3
1096201,3
1025300,3
1202207,3
1280271,4
1256203,6
1111159,6
1021638,5
1312687,6
1059539,5
1197872,1
1229205,1
1049246,4
1194036,2
1171268,1
1270049,4
1307037,6
1274730,4
1094700,4
1325467,4
1192360,4
1171486,3
1111572,6
1200585,5
1207852,4
1315919,6
1198335,3
1162429,4
1172413,4
1143778,3
1065648,6
1232025,3
1039158,3
1257822,6
1162271,6
1009191,4
1321628,1
1260182,6
1253726,4
1260150,6
1288070,6
1252959,4
1079636,1
1101033,1
1131055,5
1236865,3
1228786,4
1090790,1
1110043,6
1281945,3
1226227,4
1149794,3
1068166,3
1092052,6
1164347,4
1261758,3
1178871,6
1277073,1
1244932,6
1051893,6
1041464,6
1158093,3
1098618,4
1157808,4
1191133,1
1064144,6
1107203,4
1006729,3
1226648,5
1157663,1
1180892,3
1002719,4
1310682,4
1251770,6
1112205,6
1155350,5
1239018,3
1143813,4
1192620,3
1024510,1
1219549,4
1235734,1
1138691,3
1218898,6
1312862,4
1201127,5
1266744,6
1169319,1
1188836,3
1089358,4
1039015,3
1049213,5
1038902,4
1141191,4
1091230,6
1065455,4
1280299,3
1087080,3
1156343,5
1201439,6
1258071,6
1208837,3
1036572,4
1062210,4
1012978,4
1105199,4
1054278,4
1089456,3
1033285,1
1158437,4
1197245,3
1303808,5
1120998,6
1024562,4
1028460,6
1139672,3
1171531,5
1047337,3
1009862,4
1270777,3
1143032,6
1268093,3
1286900,6
1186575,1
1263070,6
1088581,6
1248339,6
1076744,4
1054216,3
1132585,6
1074944,3
1306745,3
1006252,6
1284794,3
1179902,4
1063094,5
1191433,5
1162513,6
1304807,6
1185170,5
1061133,4
1119148,6
1270587,4
1099959,4
1013886,4
1105268,6
1209759,3
1245642,3
1120294,5
1190868,3
1080670,1
1195122,3
1221543,6
1009381,6
1243891,6
1060188,6
1136541,1
1087425,6
1325350,3
1133355,3
1094259,6
1057471,5
1017961,4
1224553,4
1089319,6
1060024,6
1274436,6
1293653,4
1321083,4
1120049,6
1260626,4
1154984,6
1203148,6
1034624,3
1271099,1
1052771,4
1138745,4
1238911,3
1219579,6
1007722,4
1046935,4
1010949,1
1092315,4
1101109,6
1313783,4
1042050,1
1090592,6
1213580,6
1215059,4
1287436,5
1277087,4
1215535,5
1039043,3
1232877,3
1009063,4
1074530,3
1219585,4
1139327,6
1312763,6
1206911,1
1275644,6
1047123,4
1238139,2
1156225,6
1016377,5
1101504,3
1213118,6
1032838,3
1321832,4
1218518,6
1035177,5
1145758,6
1062215,4
1026369,4
1240478,1
1316552,5
1107006,6
1316112,4
1307945,6
1285112,4
1015143,1
1093501,3
1027280,1
1139181,4
1017901,5
1120496,1
1155569,6
1091246,1
1268846,4
1147448,6
1168973,3
1072492,3
1134543,3
1080916,3
1083955,3
1142289,1
1039739,3
1023501,3
1173046,6
1198313,4
1127448,4
1062301,6
1167068,5
1311592,1
1159394,3
1228560,6
1318556,7
1253071,5
1027212,6
1290003,6
1169775,6
1156810,1
1129143,3
1309288,3
1179894,3
1205233,1
1103620,4
1171080,6
1292410,6
1241319,6
1018029,6
1194672,6
1198216,4
1074496,6
1086048,4
1284063,4
1008869,4
1135835,4
1088725,6
1004469,4
1317168,6
1133094,6
1242037,6
1053983,3
1071554,6
1320287,3
1169995,6
1109689,4
1149980,4
1000780,4
1242178,4
1077466,3
1166868,3
1103080,1
1124590,3
1218322,2
1134030,1
1274851,3
1186141,5
1275920,5
1225228,6
1141200,3
1240283,5
1081688,3
1202653,6
1120777,5
1136265,6
1304799,6
1029661,1
1284884,6
1028579,6
1000015,3
1108079,3
1111956,4
1139066,3
1163913,3
1168346,3
1004979,4
1257344,1
1122234,3
1314888,4
1253776,4
1194562,6
1065891,4
1312902,6
1018654,4
1265662,6
1095574,6
1092175,1
1250209,6
1314558,4
1144407,6
1143973,3
1071729,3
1313927,4
1257642,5
1248061,6
1140942,7
1045220,4
1088375,4
1266151,4
1213758,4
1243374,4
1314472,3
1198311,5
1071696,4
1324017,3
1237516,3
1197367,5
1220000,3
1116812,3
1199663,1
1300893,3
1210402,4
1024785,5
1050076,1
1232315,4
1033729,6
1003470,3
1013308,6
1116418,6
1102396,6
1316807,1
1210997,5
1278172,1
1014163,6
1029958,1
1053252,5
1164527,3
1119526,6
1068560,3
1090339,6
1124229,4
1160896,6
1198073,3
1135208,5
1087832,6
1028229,4
1244734,6
1100310,5
1216541,4
1277162,3
1258003,6
1127535,6
1106380,3
1095030,4
1172512,1
1225307,5
1017399,6
1093816,6
1027173,4
1225094,6
1200833,6
1224200,3
1195313,5
1272097,3
1047235,4
1270352,1
1272702,6
1079553,5
1232926,1
1236937,6
1280948,4
1258338,6
1287174,6
1299944,5
1016458,1
1307135,6
1042951,1
1054363,6
1176625,4
1316194,4
1198277,5
1312558,2
1136867,5
1056359,1
1007654,3
1298694,4
1252309,5
1037416,3
1205258,5
1051667,6
1074827,1
1308946,6
1145304,4
1053666,3
1290967,3
1020585,6
1163444,4
1173256,3
1281915,3
1037051,6
1042256,5
1257226,4
1010286,3
1182630,6
1126921,4
1071070,1
1199642,6
1103405,4
1297133,4
1059862,6
1102109,5
1126810,4
1115757,4
1098171,3
1162245,3
1060214,3
1067145,4
1083979,3
1051574,6
1032083,6
1244288,4
1181771,3
1090194,5
1246424,6
1153598,3
1321475,3
1243730,5
1293990,6
1066384,6
1242370,5
1155456,6
1168816,3
1151518,6
1282984,5
1007895,3
1279867,6
1047152,1
1280976,4
1233227,4
1192362,1
1260176,4
1139068,6
1064980,3
1283702,6
1182593,1
1236421,5
1151549,1
1323640,6
1175478,5
1311368,5
1033269,6
1270860,4
1322774,6
1256562,6
1018116,5
1046882,4
1086530,4
1042625,1
1260164,6
1083704,3
1174790,6
1318060,1
1293413,3
1165757,4
1259253,3
1176644,4
1323004,4
1299488,4
1000815,5
1201954,6
1126768,6
1007246,6
1098267,3
1136285,4
1103456,5
1186031,6
1010641,3
1080938,4
1184777,1
1173487,3
1075331,1
1169960,4
1318085,3
1079189,5
1212173,6
1258497,6
1119553,4
1136253,5
1070498,1
1038699,6
1029414,3
1115096,3
1122775,6
1293282,4
1192043,5
1237381,1
1270208,3
1280523,1
1296710,3
1144533,3
1311904,6
1144903,3
1126787,1
1061673,1
1320753,6
1199670,6
1053540,6
1104892,1
1259041,3
1061967,6
1174268,1
1195347,6
1237644,5
1014142,3
1024625,4
1314183,6
1141198,6
1058849,4
1005288,4
1169144,1
1209828,3
1212137,4
1176874,4
1133236,4
1325393,4
1234275,6
1065767,6
1057849,6
1103993,4
1227657,1
1282545,4
1178306,6
1140738,6
1108789,6
1308395,5
1063833,3
1011017,3
1029451,3
1009169,4
1084544,6
1006667,5
1273677,4
1062264,3
1266249,6
1231060,5
1320514,4
1266402,6
1253553,4
1245896,5
1207686,6
1072820,3
1293492,6
1157015,4
1161613,5
1011955,5
1161680,3
1223648,6
1172595,4
1090532,5
1164773,3
1058967,5
1190083,3
1233451,5
1118947,3
1107915,5
1179708,1
1277984,6
1055529,4
1016872,1
1008893,3
1202538,6
1135883,6
1117382,3
1261156,4
1213859,1
1262029,1
1300459,3
1098140,3
1048088,3
1068865,6
1162480,4
1172508,6
1078619,6
1082260,5
1121245,5
1041826,4
1227411,1
1171260,6
1144356,3
1018879,6
1141097,3
1186295,5
1250884,5
1266176,3
1051570,6
1146771,3
1047776,1
1203297,5
1271913,4
1253483,4
1280495,6
1051213,5
1085265,3
1060595,3
1142960,6
1137891,3
1095802,6
1284620,6
1203166,3
1266166,3
1135310,4
1139019,3
1171894,6
1286302,4
1092012,3
1312372,5
1128426,3
1249339,6
1053493,5
1058119,4
1231045,1
1182164,5
1037420,4
1308845,3
1214348,6
1256962,4
1291992,1
1222871,6
1151244,4
1070012,6
1268901,4
1153983,4
1179719,6
1064285,6
1195431,6
1318369,5
1077898,3
1189113,3
1080189,4
1252750,6
1319696,7
1090705,4
1298533,5
1071358,5
1001222,6
1010644,6
1083772,6
1217550,1
1235088,1
1095050,6
1189744,6
1119772,6
1179538,5
1181577,4
1176870,3
1016427,5
1095086,5
1038108,6
1183253,6
1286196,6
1260811,5
1130146,6
1291163,4
1254978,4
1305093,6
1246800,6
1231012,4
1118606,6
1165741,6
1016361,6
1271758,4
1315960,2
1039711,6
1204709,5
1163710,5
1248104,3
1165537,1
1323128,4
1152006,6
1054111,3
1217839,6
1109660,6
1321114,4
1137353,3
1045697,4
1170675,3
1017968,4
1120071,4
1197507,3
1266493,6
1023703,6
1289020,6
1279455,6
1090447,4
1050424,6
1063055,3
1312024,6
1134266,3
1160434,4
1098668,1
1261632,6
1076994,6
1203844,4
1044821,5
1254966,6
1133204,3
1011895,3
1148942,6
1012077,4
1119937,6
1046595,6
1072536,5
1187110,4
1224029,4
1223633,6
1089363,6
1295829,6
1249749,5
1117626,6
1074128,4
1188802,6
1070111,5
1024073,4
1037193,1
1060745,6
1148919,6
1088586,5
1229981,4
1245607,6
1050705,4
1244355,3
1112601,6
1301098,3
1026956,6
1120217,1
1199107,5
1306134,4
1106676,3
1260266,5
1258502,5
1204927,4
1139664,3
1206243,3
1097071,3
1309106,1
1051561,3
1119570,6
1121122,4
1234593,4
1284983,6
1148067,6
1095999,4
1064263,6
1026203,6
1117418,4
1136024,4
1288219,4
1132652,5
1288870,3
1111498,4
1317686,6
1156319,5
1242493,5
1316195,6
1126047,4
1110159,4
1027399,3
1172453,6
1002938,3
1058702,5
1288535,6
1183799,6
1078086,5
1005110,6
1054856,5
1099837,3
1288771,6
1256916,3
1251090,1
1152473,1
1103633,4
1296827,4
1297058,5
1110531,4
1074901,6
1200967,1
1127278,5
1045385,6
1245857,5
1053300,1
1090123,3
1164503,3
1096059,6
1236368,6
1047993,3
1313555,3
1248520,4
1102798,4
1055262,4
1193068,6
1036130,3
1287634,4
1083943,1
1084643,3
1093478,6
1161480,4
1256914,5
1071825,1
1228577,5
1196926,4
1270674,4
1167020,6
1109448,6
1046141,6
1039698,4
1200327,5
1295728,6
1100511,6
1146884,4
1003336,4
1301971,6
1080473,2
1140072,6
1104165,3
1024306,3
1067326,3
1025918,6
1255514,5
1153487,3
1067073,4
1026746,3
1013291,4
1164819,6
1236290,6
1134634,6
1225840,1
1171579,6
1250804,1
1261894,4
1299802,4
1266437,6
1205099,1
1055082,3
1092046,5
1113595,4
1125737,3
1188948,4
1152204,3
1199239,5
1291268,4
1105884,6
1082953,6
1305886,4
1004817,1
1322380,5
1108720,4
1117653,5
1254108,1
1226910,4
1109458,6
1054401,6
1047178,6
1230417,3
1062636,3
1272793,4
1301115,3
1096258,4
1064185,3
1156951,5
1222504,4
1282194,4
1231863,4
1306927,4
1111554,5
1253596,3
1014550,3
1146143,5
1122934,3
1155724,3
1071340,4
1053258,6
1284466,6
1025849,6
1008566,1
1109000,3
1222608,3
1132736,5
1004207,4
1126231,3
1257756,4
1084689,1
1231659,6
1194997,1
1301395,1
1236877,4
1081325,3
1266843,1
1132373,6
1302943,3
1114300,5
1028946,5
1264288,5
1288435,4
1287973,4
1129545,4
1010454,3
1121619,6
1161652,3
1045248,1
1294172,4
1177783,3
1190062,3
1220486,4
1082654,3
1002782,5
1270470,4
1037921,4
1147062,6
1200735,4
1090900,3
1249331,4
1135545,1
1159354,5
1034804,5
1264152,3
1113029,4
1292816,3
1026704,4
1254252,5
1145390,6
1028068,5
1102862,3
1057869,1
1284386,6
1239873,6
1038343,1
1000662,4
1239426,4
1099021,3
1234281,1
1257432,6
1267292,4
1136697,3
1216751,1
1109961,3
1194890,4
1276569,1
1138149,4
1173890,4
1087326,3
1064440,6
1046008,4
1005448,4
1118743,2
1262786,1
1154082,6
1152490,5
1209280,3
1176833,3
1165954,1
1294241,4
1181449,5
1081305,6
1309118,5
1166414,6
1184561,3
1162319,1
1217638,5
1250168,4
1213232,4
1229834,6
1288890,2
1168518,2
1181969,6
1168809,4
1100634,5
1082285,6
1250413,4
1254353,4
1057234,4
1134018,6
1169862,6
1123943,1
1132042,3
1016294,5
1252845,6
1258640,5
1146954,5
1211883,3
1052732,6
1275399,6
1155315,3
1282768,5
1257770,6
1287842,6
1250082,5
1012775,4
1093315,6
1201927,6
1299233,5
1110651,4
1021391,4
1112361,5
1294218,3
1208275,5
1318370,3
1219801,5
1284844,1
1096305,3
1233942,3
1091302,6
1268497,4
1262085,3
1173538,3
1209927,3
1185499,4
1144709,4
1059782,6
1282813,3
1080990,5
1013547,6
1173761,5
1226561,3
1069917,3
1145467,5
1121142,6
1188746,6
1213857,3
1108805,6
1142562,3
1065472,6
1109525,4
1176739,5
1054936,3
1019013,4
1216440,1
1298748,6
1277061,5
1194023,4
1126596,6
1174903,6
1020492,6
1259334,1
1179325,6
1088439,3
1195848,6
1245537,3
1258149,4
1203371,4
1285537,5
1100486,3
1273238,1
1045168,1
1227212,3
1269785,5
1120109,5
1043599,4
1130348,3
1281629,3
1111124,3
1041721,4
1160482,3
1053868,4
1234224,6
1234618,6
1274874,5
1278005,4
1223157,5
1249934,4
1242821,1
1318876,4
1209356,6
1102036,4
1165591,4
1245953,6
1149490,6
1176539,6
1002866,4
1101687,1
1016815,1
1301082,3
1249855,5
1034407,6
1049315,3
1303501,4
1043048,4
1268994,4
1003980,3
1024239,6
1290258,6
1214148,4
1233212,6
1137590,6
1165113,4
1214706,6
1162335,5
1152625,6
1138904,3
1222831,3
1006082,6
1100653,6
1263083,4
1301221,3
1016837,4
1139851,3
1313270,4
1221801,3
1027762,5
1179888,5
1321970,5
1003556,4
1222175,4
1198956,1
1030674,1
1248700,3
1158512,4
1303240,3
1227166,4
1205189,3
1285917,3
1124345,4
1261985,5
1153083,3
1017612,4
1155656,3
1177990,1
1011842,2
1293931,4
1205552,5
1197647,4
1068628,1
1139304,3
1134808,3
1142955,5
1063398,4
1028341,5
1010946,3
1059306,4
1320705,3
1045060,4
1306985,6
1285695,6
1096902,6
1075167,4
1101569,4
1088417,6
1248283,3
1063378,1
1274135,3
1296219,1
1125463,6
1066945,4
1096357,3
1315833,6
1254790,1
1289851,3
1212764,3
1104372,5
1277420,1
1236739,6
1188333,1
1266156,6
1220861,6
1043683,3
1190546,3
1176913,4
1091321,5
1260407,1
1016100,3
1111804,1
1197998,5
1316775,3
1180920,5
1030361,4
1284354,4
1207205,1
1070024,6
1113780,4
1113877,4
1069284,5
1130121,4
1101639,6
1066808,6
1031873,3
1119126,3
1217104,6
1224784,4
1166998,1
1008968,5
1076375,4
1221773,4
1271763,4
1276890,5
1248057,3
1178794,2
1006635,6
1082349,4
1154895,6
1229960,4
1031535,6
1089195,3
1155257,4
1319174,4
1129366,6
1030501,6
1277243,3
1104179,1
1251483,4
1189689,3
1297964,5
1153035,4
1305423,5
1186598,5
1266094,3
1158417,3
1042148,6
1161092,3
1156389,3
1222505,5
1136716,4
1161727,4
1324967,3
1077640,6
1069007,4
1295873,6
1053339,6
1144627,1
1186511,5
1230125,6
1116590,6
1276943,4
1287468,4
1210277,4
1151276,1
1126491,5
1025553,4
1104564,6
1222360,1
1220931,5
1079491,6
1150506,6
1144644,6
1275180,3
1160636,6
1073232,6
1172290,5
1216029,4
1120925,5
1277672,6
1142284,6
1305219,5
1190649,1
1163218,6
1167327,6
1194154,3
1083913,5
1255133,4
1070737,4
1084421,3
1312476,6
1009187,6
1145696,4
1186462,5
1133455,6
1009003,5
1115436,1
1139510,4
1147999,6
1122812,3
1121405,4
1012627,4
1082359,6
1158265,1
1290758,4
1280514,3
1207112,6
1074922,4
1236671,6
1099192,4
1274631,5
1112235,3
1297811,4
1198656,3
1045377,4
1101845,1
1129652,1
1313636,4
1125556,6
1132594,6
1076591,1
1055084,3
1085355,4
1307610,1
1040474,4
1036285,4
1232450,3
1048761,3
1162064,4
1074763,3
1119554,4
1265345,1
1123145,4
1215485,3
1144087,3
1234174,6
1123490,3
1244970,6
1200477,3
1281178,3
1306954,3
1060539,3
1040787,5
1163569,1
1199152,6
1197491,5
1240064,3
1253230,4
1158207,3
1063965,6
1102952,3
1150362,5
1067597,4
1132560,5
1247748,3
1115019,5
1008594,6
1216873,4
1078903,6
1128766,4
1131641,1
1279354,4
1056738,6
1280649,5
1325237,3
1191719,3
1109156,1
1063196,5
1213318,3
1273866,4
1289043,6
1096803,3
1144078,3
1048254,3
1218755,4
1066236,4
1143322,1
1007380,6
1025581,5
1147042,6
1040076,6
1207738,4
1089366,5
1211434,3
1180058,6
1313941,6
1137293,4
1209306,3
1060450,4
1189821,1
1091257,1
1113738,6
1236884,1
1062666,3
1261642,3
1218277,1
1182193,4
1011983,4
1033246,5
1195597,3
1025440,3
1193390,3
1239290,4
1009398,3
1293672,6
1164230,4
1307131,3
1092566,4
1213213,4
1241529,6
1261728,1
1049809,5
1058585,6
1046565,4
1088025,3
1150416,4
1205890,5
1183554,6
1134411,3
1033760,4
1087885,4
1201008,5
1173435,6
1140395,3
1323677,6
1004787,3
1025268,3
1064920,3
1214013,4
1314377,4
1289575,3
1268608,4
1015337,6
1311548,1
1261540,3
1318907,6
1231938,4
1153994,4
1183016,5
1250170,4
1123256,5
1036946,4
1146038,1
1316842,6
1100968,6
1253173,3
1124410,4
1217034,1
1100671,1
1002607,5
1167546,6
1083021,5
1057581,3
1320791,4
1067291,3
1078601,3
1240773,5
1094622,1
1054204,6
1129472,1
1198876,6
1208351,5
1190681,1
1122125,6
1087038,3
1304076,3
1322628,1
1094046,1
1181335,6
1041980,5
1231823,1
1223055,4
1173400,4
1049044,6
1088502,3
1191964,3
1083094,3
1059581,6
1156742,3
1213092,4
1064067,1
1174850,6
1010264,4
1251340,5
1011340,6
1292194,6
1003109,4
1044625,3
1236187,5
1162816,1
1313679,5
1253609,6
1303975,4
1176326,6
1059821,6
1037389,3
1180406,7
1114279,3
1055539,4
1150900,6
1214810,5
1252602,6
1033942,6
1013940,1
1027581,5
1288538,4
1154102,4
1146034,2
1149678,4
1242202,3
1014194,4
1085966,5
1198117,3
1322061,6
1267002,5
1221406,6
1253038,6
1056072,4
1226317,6
1244925,4
1181784,4
1132391,4
1182571,1
1231594,6
1307539,5
1066729,3
1173669,4
1220506,4
1005838,4
1267112,6
1167364,4
1175705,4
1174264,5
1265295,4
1087695,3
1303027,4
1307378,4
1007912,1
1036662,3
1043678,3
1314235,6
1264068,1
1311771,1
1250428,6
1245229,6
1064798,3
1043542,3
1168290,3
1235746,4
1228441,3
1225752,6
1124927,6
1264065,6
1136833,5
1246009,4
1058253,6
1083317,3
1176872,6
1295404,3
1239559,1
1217429,1
1098776,6
1181428,4
1041983,6
1304731,1
1018225,4
1120304,6
1075988,5
1046181,1
1055291,3
1265451,5
1268807,6
1068515,3
1132160,6
1110191,3
1219626,6
1109195,3
1112211,6
1287346,6
1195195,6
1194144,4
1130228,4
1243888,6
1236426,5
1032688,6
1288937,1
1311330,6
1152543,4
1227865,4
1250924,4
1154333,1
1087522,6
1199511,3
1134220,6
1031498,3
1308748,5
1227926,4
1132448,6
1230457,4
1130880,1
1230524,3
1270542,3
1209918,6
1192296,4
1139834,2
1308631,4
1148563,5
1284023,6
1017271,6
1296904,4
1134606,6
1047762,4
1038676,6
1227186,5
1236689,3
1233905,3
1262463,3
1011604,1
1108345,4
1279583,4
1232140,4
1119529,5
1045428,1
1212479,6
1037760,3
1156617,6
1301143,1
1206666,5
1160033,1
1140440,3
1024601,6
1011338,6
1105980,1
1295695,5
1172603,1
1261805,5
1006771,6
1198082,4
1138040,4
1097978,3
1302668,4
1184510,3
1222586,6
1075413,3
1252846,5
1037502,6
1165860,6
1317562,1
1275630,6
1187505,5
1230718,4
1222793,5
1307477,4
1030994,5
1123797,6
1243504,5
1062093,5
1182765,4
1289699,6
1241014,1
1007151,6
1194491,3
1293605,3
1219330,6
1184137,4
1012844,6
1062515,3
1009554,4
1319191,5
1131908,6
1291264,4
1309104,4
1312433,3
1316961,3
1291579,3
1046199,4
1059778,6
1017266,4
1225533,4
1166871,6
1257162,6
1237997,4
1270833,5
1135680,6
1213172,3
1126141,6
1263000,5
1170969,3
1066250,6
1193263,4
1053504,6
1069146,4
1163748,1
1266034,3
1066871,3
1235916,1
1195359,3
1007522,4
1276546,6
1077490,5
1031097,6
1201627,3
1058427,4
1297210,3
1178987,5
1007803,1
1265076,3
1256219,6
1109255,4
1116586,6
1129460,4
1025642,6
1138705,3
1102830,4
1233606,6
1157702,1
1007989,4
1140008,5
1176018,3
1162500,3
1323589,1
1209944,6
1020946,3
1298983,6
1324921,3
1124757,5
1181918,4
1125365,3
1065692,1
1142519,1
1296196,4
1273283,5
1114703,4
1163615,6
1156241,5
1168206,4
1206372,3
1019459,1
1293749,3
1189007,6
1042763,4
1311250,3
1055049,4
1282024,4
1119254,3
1142648,4
1161582,6
1036988,1
1288998,6
1260897,6
1141074,1
1308730,4
1137697,1
1213097,6
1225962,3
1073192,6
1305820,5
1198535,1
1214203,4
1234677,5
1158541,5
1090346,1
1242443,6
1105546,6
1010871,3
1282237,6
1268419,6
1014940,6
1156010,5
1138045,6
1067106,5
1241217,6
1103305,4
1210534,4
1293239,1
1194081,5
1108277,6
1144168,4
1138399,4
1324676,3
1189462,6
1299104,6
1025912,5
1290058,5
1132624,6
1324215,4
1164775,3
1250898,3
1049617,4
1161401,3
1109079,6
1186491,3
1306191,4
1255354,3
1072789,5
1153578,3
1035932,3
1300671,5
1149307,6
1018021,6
1200908,5
1005513,6
1146252,6
1020915,3
1080842,3
1293912,5
1298708,3
1276947,4
1107260,3
1078494,5
1115763,3
1303850,4
1112907,4
1205024,6
1206171,6
1279450,6
1310078,6
1145360,4
1307264,4
1300236,5
1004576,3
1149290,4
1244383,6
1301669,1
1131517,4
1134361,6
1222457,4
1195626,4
1201593,1
1129968,4
1137269,5
1089429,3
1102324,6
1058480,6
1232672,1
1149186,6
1148060,4
1026862,6
1306657,5
1044658,4
1285461,3
1001981,3
1189555,5
1226051,3
1151852,3
1188488,5
1311984,3
1224994,5
1129310,5
1092522,6
1170076,3
1178788,3
1324937,5
1256681,5
1181091,4
1281383,5
1126035,1
1321173,5
1137788,4
1018460,5
1196600,4
1061870,6
1252004,4
1161384,3
1150423,3
1270547,4
1043565,4
1036448,3
1080267,5
1177699,6
1260082,5
1127902,6
1179233,3
1191260,4
1064618,6
1005506,1
1149255,4
1310262,3
1126727,5
1141302,4
1133253,5
1140723,3
1005346,5
1232401,5
1262348,4
1307734,6
1273917,4
1321853,1
1274952,4
1075838,6
1068461,3
1193358,4
1044016,1
1004772,1
1201936,3
1193014,6
1000333,4
1098722,3
1043536,5
1101066,6
1069651,1
1049220,1
1043159,4
1206499,4
1164029,3
1199075,6
1172003,6
1175944,5
1249323,6
1256160,6
1200208,3
1173894,3
1297376,6
1289207,4
1061335,6
1127686,3
1095771,2
1221002,3
1304647,5
1262888,4
1101340,1
1248675,4
1034102,4
1223739,4
1079215,6
1135848,6
1107860,5
1192398,1
1052032,4
1009944,4
1239331,3
1205170,5
1048639,6
1261420,4
1133835,2
1099022,4
1119048,3
1244250,6
1124462,5
1306895,1
1243521,4
1029408,6
1029816,3
1213866,4
1312911,5
1046330,6
1097950,5
1071677,6
1080833,3
1286771,4
1126958,4
1044636,4
1249293,6
1234084,4
1003308,3
1274848,4
1238541,6
1183904,5
1019440,3
1197950,4
1096340,1
1016943,4
1322483,4
1286281,3
1288305,3
1200356,1
1182895,6
1045798,6
1038697,5
1263316,3
1065240,6
1322350,6
1040120,6
1090614,6
1086167,5
1020884,6
1107684,3
1190185,3
1283175,1
1093335,4
1221562,6
1025609,3
1138963,4
1113926,5
1154403,1
1116825,5
1307762,6
1089237,6
1201208,6
1195637,6
1112345,4
1251578,5
1249409,5
1268560,1
1232708,3
1319656,1
1180569,3
1312146,4
1060854,5
1038273,1
1314741,3
1113583,6
1044606,4
1127371,4
1272775,4
1261482,3
1050716,4
1274987,6
1268581,3
1289166,4
1213328,1
1011512,6
1185374,4
1203515,6
1154349,6
1014878,5
1271773,4
1270643,3
1283373,5
1209955,6
1202607,6
1165160,6
1084541,1
1033177,4
1250647,1
1265748,4
1131931,6
1321593,6
1178864,2
1158701,4
1154547,6
1226610,6
1046490,1
1278501,4
1026405,4
1010110,3
1100718,4
1265130,4
1200290,6
1073030,4
1188131,5
1079593,3
1290457,3
1320935,4
1011227,1
1193116,4
1323052,6
1321773,6
1184854,1
1119615,6
1059755,3
1001766,4
1040133,5
1046759,3
1162033,6
1270739,3
1165372,4
1168619,3
1199817,6
1318792,6
1093109,3
1172954,6
1298116,6
1009280,4
1114347,1
1101714,1
1294155,4
1135441,1
1270212,1
1278737,1
1082015,4
1274580,3
1145744,4
1249682,6
1324938,5
1096910,4
1154713,6
1215240,4
1017682,3
1018766,3
1173932,6
1038040,6
1106844,1
1147809,4
1311066,6
1138766,3
1299118,3
1151268,3
1159987,6
1006391,5
1306584,3
1252149,4
1187006,4
1148906,3
1116905,5
1269098,4
1165182,1
1051704,6
1310779,4
1040871,3
1059193,4
1147687,6
1288566,4
1103471,1
1116079,6
1312473,3
1269895,6
1106171,6
1226362,3
1230846,6
1246370,4
1026375,5
1316054,6
1253936,3
1101245,3
1129029,5
1252159,6
1169070,3
1310683,6
1304815,1
1078193,5
1118017,6
1116249,5
1151107,5
1288781,4
1131129,3
1247136,4
1293216,3
1148846,4
1313999,6
1072989,4
1261527,6
1082505,3
1218752,3
1294765,3
1298222,1
1219363,5
1288273,6
1300193,3
1250656,1
1052107,4
1086576,3
1283241,4
1256542,3
1236271,3
1065360,4
1168225,3
1045515,6
1244669,1
1141143,6
1259815,3
1304312,6
1060025,6
1246662,3
1184436,3
1020554,4
1067200,6
1124621,6
1135998,4
1034464,3
1124222,3
1017622,4
1145569,6
1062023,6
1297147,3
1306559,5
1198095,1
1275521,4
1298933,4
1097899,5
1074552,3
1027827,4
1020613,6
1043052,5
1022664,3
1067027,1
1187314,6
1227678,6
1199365,5
1073309,3
1294114,4
1282367,4
1058002,1
1219992,3
1308867,4
1267967,4
1224408,4
1154784,5
1143657,4
1020864,4
1084366,3
1177884,4
1047169,4
1221140,4
1224973,2
1069181,3
1037018,1
1060166,3
1218502,5
1214692,4
1132614,4
1214713,6
1007007,4
1215261,4
1114016,4
1161491,5
1186126,6
1191242,4
1040912,3
1177703,4
1119160,4
1110208,4
1221669,3
1016953,5
1201184,3
1092289,1
1202637,6
1134209,5
1043291,3
1207454,4
1199584,4
1127056,6
1265512,3
1029179,4
1253565,5
1054573,6
1126644,3
1034402,5
1238121,3
1294373,3
1272383,1
1305411,1
1116105,6
1169160,1
1152905,4
1074886,2
1196495,6
1164160,1
1082242,1
1227798,6
1290647,6
1045035,1
1317230,3
1268519,3
1299995,6
1225239,4
1076361,3
1013650,6
1229904,5
1236599,3
1218527,4
1069933,3
1291012,3
1163818,5
1290010,6
1021478,4
1044342,1
1230692,7
1134496,5
1086212,3
1214112,3
1136301,6
1311121,4
1212629,5
1015799,3
1052332,3
1033006,6
1320234,6
1014094,5
1162964,5
1044802,5
1054009,3
1212370,5
1286894,1
1164129,3
1196700,4
1111775,4
1124299,1
1302992,3
1247406,5
1158748,1
1053432,5
1189163,1
1181860,5
1302640,5
1221661,6
1311217,1
1077003,5
1032610,4
1015555,6
1154554,5
1033168,1
1057922,4
1270932,6
1299976,3
1091869,4
1239612,3
1271102,4
1274991,5
1190711,3
1004819,6
1190645,1
1285849,4
1280580,5
1161940,3
1164148,6
1200901,1
1313918,4
1025052,4
1005410,3
1168446,6
1181277,6
1041913,1
1278536,4
1052471,6
1110644,6
1134600,6
1270081,6
1174484,3
1168069,3
1212238,6
1142969,4
1199351,3
1180465,3
1266309,4
1092704,1
1107218,5
1132519,6
1008456,5
1173886,4
1322688,4
1222914,4
1182078,3
1183902,6
1174137,6
1121355,1
1134217,3
1077132,5
1028801,6
1242079,6
1111099,6
1047397,4
1030676,3
1099648,3
1266983,4
1257097,3
1092364,4
1204738,4
1067474,1
1146411,2
1053827,6
1221689,1
1013770,1
1218967,3
1104185,6
1143782,4
1184225,5
1143076,4
1042322,4
1325036,3
1228140,4
1017644,6
1252726,2
1007656,1
1037733,4
1284873,1
1245205,4
1279153,4
1235265,4
1003138,6
1268441,5
1056941,6
1046125,1
1209897,3
1100335,1
1313230,5
1063344,3
1008358,3
1308459,4
1233361,3
1051589,3
1244286,5
1111741,5
1192270,3
1094840,6
1050563,3
1229334,1
1148529,3
1163458,3
1248797,4
1201356,3
1138822,5
1243132,3
1160007,4
1167723,4
1167150,6
1266618,5
1022160,3
1070078,5
1127865,4
1291618,3
1247302,3
1140223,4
1035330,3
1025551,4
1160052,5
1058776,4
1191228,3
1270273,5
1157197,6
1130677,3
1022115,4
1201994,6
1001737,6
1052669,4
1101266,4
1241728,5
1286164,4
1066836,4
1174117,3
1302255,4
1274926,3
1299986,1
1292155,4
1118831,6
1227023,5
1103249,5
1280052,3
1182139,6
1263001,3
1149459,3
1069157,4
1174152,3
1133082,4
1153183,3
1077843,1
1133906,5
1100035,3
1044812,5
1086308,5
1140910,4
1190969,4
1093965,3
1065542,1
1045109,3
1283915,4
1321316,4
1193701,6
1041247,5
1124749,1
1106295,6
1217178,5
1058091,1
1131666,3
1284253,3
1139306,6
1023236,3
1056566,6
1026786,5
1263663,4
1234501,5
1132822,1
1317606,3
1006662,1
1185153,1
1082670,6
1288173,6
1307388,3
1123363,6
1192951,3
1172473,3
1200883,4
1043216,4
1263192,5
1198740,3
1237685,3
1291824,5
1187188,3
1308518,4
1108731,3
1278872,4
1309028,5
1079376,1
1039841,6
1089148,4
1117332,6
1021537,1
1264578,4
1080611,6
1266734,6
1231772,1
1003564,6
1217210,3
1191453,6
1254450,5
1043708,6
1093424,4
1138233,6
1216183,6
1016275,5
1157032,3
1275053,5
1013561,6
1294069,3
1255248,5
1308678,3
1321246,1
1183566,3
1253028,6
1103517,6
1272561,3
1299267,2
1117700,3
1161143,1
1168960,4
1102184,3
1122505,5
1213317,3
1285034,1
1258976,1
1257955,3
1193491,1
1123920,4
1267960,1
1270174,3
1051330,4
1121164,1
1111757,6
1247673,6
1173753,1
1066365,6
1234398,3
1049864,5
1233403,3
1133302,6
1322201,3
1168328,1
1251388,1
1259606,4
1098781,6
1195641,4
1316159,3
1300788,6
1108225,2
1003171,3
1318899,6
1201546,6
1146073,6
1009310,4
1308117,3
1298824,4
1314633,3
1226808,1
1099876,4
1249706,3
1141763,6
1130476,6
1158192,6
1046590,4
1067716,1
1270853,6
1047628,6
1256917,4
1194256,3
1194170,5
1276020,4
1033823,3
1260075,1
1112512,5
1288186,6
1220928,1
1216832,6
1185869,4
1035408,6
1208114,6
1069128,4
1269765,5
1105946,5
1032236,6
1060428,5
1201882,4
1226979,4
1021424,4
1217989,1
1031446,3
1256871,1
1090640,7
1307860,1
1118529,3
1317160,3
1043423,6
1073586,3
1002773,6
1210006,3
1152016,6
1022339,3
1119093,3
1287632,4
1275535,6
1062000,3
1200886,5
1147804,1
1043344,3
1211161,3
1323366,4
1186951,4
1102083,4
1256602,3
1262146,5
1076700,3
1140599,3
1140505,4
1044962,3
1006255,6
1132711,4
1004996,4
1214304,4
1252652,4
1306112,4
1239999,3
1134788,3
1185077,4
1236851,6
1217006,6
1109638,6
1253208,5
1095624,1
1217581,3
1319977,1
1137911,5
1134134,3
1154492,5
1280395,4
1129520,6
1093566,6
1220979,6
1071726,6
1037452,1
1090225,3
1229427,1
1048827,3
1041884,6
1193020,6
1155553,1
1210879,1
1072862,1
1135841,1
1117784,4
1265771,1
1232010,6
1273881,5
1211673,5
1112206,4
1200997,6
1159362,4
1290730,5
1154301,4
1152518,3
1214880,3
1067887,4
1280584,3
1283269,1
1076855,5
1011710,4
1049862,3
1096953,4
1207824,6
1160749,6
1111788,5
1286305,5
1134935,5
1158606,5
1190884,3
1087623,4
1009910,4
1175472,5
1018338,4
1230005,3
1172331,1
1280406,1
1121117,4
1239134,3
1319634,4
1024804,4
1143821,3
1278071,6
1063750,6
1097725,3
1259157,3
1206992,5
1039635,5
1195018,4
1140713,5
1205636,3
1023121,4
1180337,5
1290134,6
1323430,4
1308608,3
1018363,6
1096873,3
1222891,4
1308836,3
1196218,3
1135027,4
1181966,4
1287665,5
1120628,4
1095007,1
1242555,5
1175946,3
1141065,6
1026237,1
1203193,5
1290390,6
1252582,3
1041108,3
1207446,4
1180353,4
1233809,3
1007677,6
1185612,4
1168529,5
1288467,4
1088814,4
1000517,3
1036670,5
1138295,3
1021192,6
1220270,3
1280732,4
1268825,6
1300835,3
1307521,2
1094440,1
1209613,3
1190583,5
1094571,6
1313575,5
1230783,4
1314246,4
1305456,5
1252896,6
1102904,6
1117448,3
1183541,5
1224407,5
1235449,6
1076311,6
1064968,4
1228869,4
1160207,1
1101088,4
1026113,3
1002339,6
1212662,3
1211247,4
1082533,6
1144329,1
1194849,4
1081648,4
1319899,5
1168120,6
1160156,6
1131821,6
1080036,1
1054716,5
1186263,6
1260388,4
1133693,6
1243128,3
1110743,5
1142735,6
1052695,6
1037245,6
1149445,4
1286933,1
1154624,1
1133550,6
1013174,1
1125658,6
1148357,3
1203730,3
1278734,3
1279074,3
1184638,6
1029578,6
1101690,6
1202246,5
1170772,5
1210808,6
1312969,4
1277896,6
1255044,6
1258122,3
1295450,1
1074132,4
1054595,1
1155830,4
1142176,5
1157502,3
1282187,1
1026742,5
1178024,6
1207913,5
1287282,7
1083027,4
1267100,3
1086950,3
1298197,4
1039929,3
1068656,4
1031043,6
1115231,5
1213026,5
1293195,6
1291967,4
1242687,3
1270361,7
1163131,6
1236124,6
1116002,6
1191819,4
1195298,4
1309797,3
1197091,3
1069533,3
1125273,6
1049359,4
1281438,6
1177625,1
1131832,3
1290784,3
1050504,4
1123716,6
1145334,1
1190051,6
1153672,1
1189305,2
1308469,4
1167505,3
1263879,6
1058053,1
1275332,4
1238324,3
1029107,4
1116475,5
1100683,5
1256082,5
1044069,6
1163494,6
1296558,3
1232962,1
1323518,6
1115265,4
1285494,3
1313728,5
1020941,1
1226994,3
1251748,5
1079971,4
1293093,4
1040511,5
1169908,5
1088248,3
1213435,4
1246745,6
1031842,3
1051454,3
1271176,6
1235667,2
1138962,4
1096994,4
1295339,6
1200863,6
1143769,3
1068795,5
1220671,6
1282221,4
1156687,5
1019429,3
1187634,6
1106225,4
1093046,4
1021690,6
1167482,4
1068640,5
1306585,6
1062033,6
1210870,3
1184810,5
1279951,5
1266380,1
1320458,6
1066611,6
1293988,5
1158906,4
1199656,4
1224082,4
1299411,3
1194855,6
1124520,3
1019014,1
1288509,4
1012139,6
1302716,5
1075467,5
1149159,3
1252832,3
1167039,3
1121595,6
1128400,4
1092880,6
1059425,6
1291128,4
1251293,4
1240109,3
1159046,5
1182952,3
1137568,1
1185019,1
1240879,4
1200312,4
1311459,3
1085933,4
1016869,5
1197077,6
1242285,4
1014420,6
1180587,4
1182046,6
1204031,3
1075925,6
1113293,3
1026480,6
1178353,3
1174473,6
1035978,3
1293591,6
1096145,6
1073864,3
1208014,2
1067430,5
1061297,4
1275575,6
1111122,5
1128640,4
1205260,3
1223706,4
1036272,4
1163667,5
1320574,6
1071499,6
1090687,3
1325633,1
1301052,4
1078540,4
1297576,1
1268724,4
1040378,5
1043130,3
1244895,4
1277818,6
1039687,4
1165610,3
1033632,5
1159467,5
1229967,1
1046818,5
1155608,3
1028690,5
1157992,3
1101298,1
1052185,6
1117214,6
1058617,3
1266828,3
1050486,6
1077391,1
1190232,4
1047978,4
1032975,1
1044494,4
1287893,5
1286878,6
1196606,4
1066188,1
1302953,5
1232245,3
1042881,3
1134917,6
1257137,6
1085106,3
1148160,3
1047644,6
1261948,5
1067118,6
1206453,1
1077098,5
1197287,6
1084452,6
1025777,1
1087069,6
1179363,4
1268423,4
1247233,5
1310681,3
1320890,5
1272078,6
1304581,1
1237165,5
1086584,3
1208650,4
1023802,6
1315336,6
1257238,6
1321919,5
1156293,6
1198280,4
1162345,6
1132272,6
1185114,1
1076868,6
1268208,6
1240711,1
1185578,3
1165893,4
1180703,6
1035436,5
1024596,2
1222978,6
1129558,5
1308200,5
1273576,4
1281382,3
1080866,6
1121593,3
1137244,3
1084772,3
1069746,5
1134789,4
1032782,3
1009829,6
1052028,4
1215000,4
1121330,5
1210919,4
1270625,5
1247984,6
1175143,5
1066063,4
1172120,6
1232418,7
1148972,4
1230452,6
1030301,5
1222081,6
1236973,4
1095226,4
1284674,3
1315631,4
1133060,3
1249129,4
1212407,4
1258494,3
1281952,4
1169802,3
1124424,3
1052280,5
1119993,6
1137671,6
1177964,6
1237268,1
1077948,4
1320680,6
1169498,3
1239385,3
1241674,4
1320555,4
1309669,3
1021013,4
1294080,1
1125029,6
1168027,4
1317914,4
1323294,5
1121014,5
1073844,3
1316586,4
1110879,6
1119641,4
1108162,4
1303651,4
1111230,1
1129425,5
1312138,5
1225916,4
1026150,6
1219945,4
1148050,5
1015717,4
1202402,4
1051352,3
1093856,4
1250531,6
1325466,5
1258856,3
1211647,6
1113410,1
1197619,3
1054659,1
1040202,6
1201270,4
1228463,6
1284975,5
1261387,4
1075799,5
1236629,1
1117538,3
1153293,4
1302707,6
1128167,4
1063229,6
1265665,1
1194851,3
1219987,3
1200896,3
1103293,6
1157147,6
1160828,3
1262784,3
1150128,3
1182690,4
1033357,5
1029375,4
1000494,4
1075018,5
1231523,4
1113052,4
1025757,1
1156635,5
1303047,3
1243288,3
1077949,6
1117240,4
1207894,6
1157906,6
1205160,5
1168256,6
1076799,3
1245298,1
1126208,4
1092550,3
1063096,6
1184266,5
1281808,6
1313804,6
1050447,1
1021159,3
1094673,3
1089569,6
1122847,1
1013963,1
1019073,3
1081839,4
1215844,6
1065873,5
1252540,5
1050081,3
1093693,4
1190334,1
1258610,5
1042190,5
1262008,4
1054195,5
1203491,6
1224678,4
1281104,3
1009304,4
1127830,2
1198255,5
1059143,4
1198024,5
1059738,3
1266895,6
1125802,6
1209229,3
1096259,3
1297346,6
1218694,6
1098447,5
1130866,6
1221599,6
1191943,3
1176473,6
1183276,1
1001871,3
1038876,3
1035116,4
1316808,5
1191857,5
1149455,1
1155065,4
1320814,4
1095043,5
1100305,1
1262527,1
1150536,6
1312852,3
1268433,3
1176428,3
1282910,3
1170739,4
1231162,3
1258991,4
1197720,5
1152991,5
1237773,4
1218161,3
1272357,6
1110495,1
1302722,3
1141819,5
1027497,3
1189295,4
1219498,3
1257203,4
1083068,4
1175765,6
1232939,4
1045470,4
1180557,4
1111264,3
1065834,5
1312978,5
1166966,6
1003595,4
1321654,6
1264644,3
1084301,6
1165818,5
1107762,6
1045330,4
1311287,1
1145837,6
1169765,5
1078393,5
1269542,4
1092334,4
1192897,4
1230677,5
1181979,5
1130313,4
1149054,5
1121865,4
1170429,6
1273426,3
1271199,4
1307236,3
1298873,1
1009582,3
1043262,5
1084773,4
1129187,6
1308978,6
1256117,5
1131956,1
1176976,1
1085195,3
1032206,4
1280903,6
1311355,4
1009775,5
1127260,1
1308810,5
1219178,1
1085617,5
1212234,3
1099808,3
1007686,4
1225517,6
1103408,4
1228417,5
1019453,5
1214330,3
1055895,3
1224141,6
1167978,3
1254015,6
1178437,4
1310316,6
1020716,5
1194186,4
1197424,1
1321151,3
1267368,3
1315277,6
1135276,5
1171729,1
1115099,6
1072655,6
1161138,4
1096222,5
1125361,1
1054652,7
1050771,1
1044466,6
1189200,6
1038036,3
1220878,1
1100998,3
1208092,1
1152582,4
1065428,6
1262189,2
1141249,6
1159435,5
1003478,5
1134051,1
1234719,3
1209587,3
1154250,3
1052685,4
1190641,5
1138854,4
1160802,3
1125980,5
1148500,3
1298398,5
1250253,6
1126301,6
1077080,1
1071156,4
1062334,4
1027354,3
1248624,3
1248408,6
1149957,6
1104026,5
1203796,4
1315122,5
1181957,2
1239191,5
1156750,1
1281455,6
1202872,3
1007315,6
1015499,4
1233536,1
1212949,4
1041974,5
1170668,5
1154930,3
1274753,1
1047798,5
1291724,4
1259936,6
1262004,1
1274444,6
1274605,3
1187576,6
1055823,6
1289276,6
1156121,5
1185978,1
1177354,5
1018032,6
1261555,4
1125785,3
1050837,4
1091147,4
1296272,6
1035107,6
1270480,4
1069645,5
1321623,3
1010832,3
1144406,4
1227630,3
1305667,3
1141797,3
1095662,6
1315060,4
1041741,5
1006545,5
1013217,5
1141907,5
1251291,5
1297645,6
1174733,4
1151943,3
1130889,3
1282840,1
1303309,6
1107423,4
1202591,6
1044890,3
1314815,1
1293548,4
1139622,3
1145284,6
1193251,5
1155444,4
1105512,4
1310909,3
1022247,3
1253653,1
1324033,3
1234052,6
1112157,6
1153696,3
1089061,4
1202974,6
1217870,3
1257047,1
1207578,1
1292265,6
1050221,6
1199881,4
1197839,5
1041558,3
1160810,6
1070218,1
1174563,3
1208387,6
1019239,6
1114124,4
1232583,4
1037068,3
1014681,6
1085764,6
1265030,6
1310056,6
1083407,5
1319417,3
1167707,4
1057941,1
1230688,5
1319884,3
1016306,6
1106166,6
1316596,4
1199471,5
1017504,4
1175937,6
1164006,6
1038294,6
1130921,4
1277727,6
1186050,5
1206285,3
1032370,6
1323208,6
1232556,1
1309677,5
1276596,6
1177515,6
1043466,5
1226137,3
1206663,3
1271772,1
1267194,6
1005157,4
1101363,5
1298808,3
1173355,1
1147609,3
1084912,5
1112409,4
1281401,6
1114884,5
1106581,6
1250750,3
1017439,6
1129736,6
1021255,6
1278094,4
1189332,4
1238919,1
1092833,5
1117963,3
1290467,6
1120379,6
1184944,5
1254488,3
1150537,6
1122875,3
1072679,3
1162728,6
1262548,3
1004501,6
1024988,6
1168780,4
1148784,1
1043516,5
1082865,3
1093492,3
1157028,5
1202318,6
1213572,5
1218039,4
1033871,3
1183832,6
1221353,4
1237267,4
1203817,3
1042300,6
1177369,4
1293298,6
1268377,6
1016588,4
1148646,5
1223536,6
1245216,3
1256645,4
1240826,6
1157263,4
1123433,3
1297813,3
1023141,3
1154210,4
1090226,3
1006660,6
1066087,4
1013458,3
1245125,6
1084820,7
1047749,6
1281694,4
1129849,6
1199654,3
1112524,1
1123570,6
1048912,3
1013746,3
1151231,3
1086009,1
1097643,6
1267416,4
1312277,5
1209870,4
1214249,6
1266035,5
1103253,4
1243835,5
1138465,3
1080871,4
1125610,6
1105635,6
1273316,5
1150916,5
1173952,6
1102917,3
1246966,1
1029340,4
1260246,3
1126048,4
1307467,1
1200673,3
1149474,1
1293247,1
1099907,3
1046637,6
1262529,3
1282895,3
1142852,5
1168087,3
1086639,4
1310313,2
1151047,3
1287363,6
1086227,3
1141029,5
1157743,3
1048569,3
1266488,6
1269710,4
1285670,3
1155496,5
1180463,4
1137572,5
1291772,5
1208398,3
1196741,5
1239851,6
1117615,5
1181010,5
1174806,5
1171645,3
1143525,4
1045915,6
1000854,1
1166652,6
1025786,6
1121268,6
1163336,6
1288819,6
1130512,4
1068827,5
1312508,4
1011700,3
1163128,4
1318677,5
1074350,1
1288821,1
1084747,6
1227544,4
1220529,6
1004249,4
1071298,4
1059736,5
1057600,5
1246667,1
1267446,4
1161840,3
1023383,5
1293024,1
1021761,6
1273148,1
1170694,4
1089672,1
1203656,6
1111262,4
1055896,5
1145894,3
1313791,6
1029932,1
1026279,3
1183031,4
1258393,4
1105157,6
1011500,6
1030287,3
1192879,4
1276501,6
1098132,4
1035729,4
1172700,5
1194879,3
1322807,3
1152559,3
1255825,3
1019045,3
1220870,2
1146705,4
1162942,5
1248862,1
1014782,4
1041864,6
1001509,3
1233216,3
1115941,4
1163727,3
1027602,4
1070303,1
1137142,4
1037685,3
1113118,3
1123901,5
1118742,6
1157516,3
1109260,4
1101481,1
1010858,5
1090304,6
1201175,6
1290877,4
1098920,6
1277191,5
1239798,1
1296049,1
1126875,3
1168314,4
1059038,4
1185483,5
1018616,5
1221595,6
1162608,5
1026593,4
1175662,6
1285266,5
1174180,3
1163528,6
1107458,6
1204226,1
1195953,6
1275233,6
1002213,2
1232212,6
1094903,4
1287521,5
1074020,3
1012081,5
1281549,5
1176454,4
1230479,4
1053530,2
1086798,3
1286892,3
1219639,4
1061918,6
1000448,5
1106427,5
1315587,4
1006123,4
1261350,6
1104805,6
1139499,6
1054051,6
1221843,4
1253222,6
1039438,1
1185193,6
1306917,1
1004847,3
1055671,3
1272257,1
1102761,3
1322356,6
1208297,3
1186211,4
1123357,3
1282981,1
1309515,3
1265360,3
1028660,3
1266834,6
1201410,6
1040608,3
1324779,3
1059338,3
1224046,5
1293744,6
1317428,3
1261583,5
1316137,6
1254741,4
1175508,6
1086315,3
1232462,1
1129167,6
1194061,3
1196449,6
1175596,4
1290190,5
1278835,6
1010017,1
1148454,5
1100195,6
1010480,6
1264657,4
1048346,4
1285772,4
1118709,3
1109623,1
1138301,3
1300408,4
1227227,3
1124028,6
1266975,4
1184902,1
1055342,6
1189107,1
1038757,2
1023581,4
1223836,6
1021978,1
1293393,5
1169289,4
1252096,4
1256768,3
1171642,5
1221405,5
1059386,3
1277122,3
1061420,5
1133163,6
1238850,3
1005220,3
1266631,3
1196740,5
1192946,5
1082549,3
1260553,6
1168551,6
1079988,6
1257317,6
1320729,5
1219488,6
1238948,4
1069386,4
1026366,6
1085476,4
1264841,6
1031801,3
1139229,5
1014366,5
1247597,1
1069429,5
1080133,4
1128520,6
1284401,4
1291295,3
1236954,3
1036727,3
1050547,3
1164091,3
1104998,6
1051790,1
1032334,2
1275688,6
1296902,6
1318252,4
1185857,5
1153944,6
1101334,5
1178245,6
1146024,3
1069559,3
1197600,4
1258788,6
1108721,3
1293329,5
1205561,5
1313088,3
1077489,1
1086242,3
1134630,6
1071469,1
1151745,3
1068771,3
1045974,1
1285677,4
1134236,1
1240413,4
1147346,5
1186281,1
1001121,3
1084414,4
1112097,4
1005904,4
1294087,6
1254324,3
1166397,6
1094198,6
1310964,3
1069148,1
1265878,6
1226967,6
1124594,5
1241730,6
1051177,6
1287125,1
1229028,5
1011375,3
1184614,3
1070469,3
1277179,4
1214019,3
1268090,5
1019580,4
1287597,5
1316217,3
1229832,5
1220741,5
1314771,5
1281275,1
1091737,5
1040026,4
1303774,4
1264256,3
1206764,6
1285324,3
1289927,6
1168989,1
1011141,4
1050045,3
1121152,4
1265073,3
1191159,1
1094134,1
1290745,4
1183070,5
1084992,1
1012851,6
1144603,1
1135861,3
1165865,4
1183626,1
1099278,3
1165763,6
1144466,6
1122313,6
1287184,5
1100199,5
1173633,5
1178652,4
1278866,4
1267067,1
1147176,1
1231998,3
1259305,3
1048391,6
1188315,1
1223208,4
1006140,3
1024166,6
1320853,5
1000741,4
1016849,1
1131676,3
1025859,3
1212611,5
1216754,6
1297226,5
1231160,4
1188031,4
1077879,5
1195508,3
1223627,5
1248317,4
1061239,5
1310658,5
1034695,3
1000628,5
1187449,4
1323166,6
1143685,3
1169597,1
1089475,4
1159745,6
1027253,3
1049816,6
1319908,6
1279232,6
1058177,3
1104130,5
1248983,4
1293998,1
1158244,1
1132721,6
1112687,5
1298626,5
1012217,3
1080917,3
1270343,5
1248238,6
1259757,1
1089924,6
1236681,3
1191892,3
1277719,4
1070922,4
1236659,6
1160238,6
1154191,6
1031359,4
1046075,5
1203583,4
1318903,3
1245285,3
1035842,6
1231333,6
1313984,6
1281766,3
1250455,1
1317814,4
1066382,3
1274017,6
1191664,3
1155388,3
1161398,5
1103000,3
1314024,3
1169064,6
1213913,5
1111545,1
1167819,4
1126608,3
1239496,5
1175091,6
1038644,1
1290631,3
1103863,4
1015319,3
1037090,6
1244156,6
1069381,5
1234811,3
1182044,3
1223443,3
1110751,5
1306958,4
1060933,4
1272047,3
1067163,6
1139218,6
1222880,1
1103147,1
1003910,6
1111460,6
1030401,3
1112325,6
1231507,4
1250725,6
1057206,6
1022309,5
1057423,4
1306407,6
1317475,6
1048901,1
1074088,6
1064117,3
1002221,5
1069250,4
1133754,5
1083014,5
1310639,1
1162234,3
1162436,6
1056212,3
1014189,6
1200775,5
1101575,4
1008008,4
1102644,1
1233229,6
1034823,5
1147124,4
1324040,4
1272136,3
1300129,6
1324915,6
1239047,3
1145619,5
1024801,6
1303336,5
1239820,3
1135036,3
1294694,3
1100528,4
1226134,6
1272418,6
1303982,6
1300773,3
1122367,6
1056962,6
1243609,6
1063032,3
1304006,3
1025225,4
1215603,1
1196796,6
1052091,6
1075174,6
1321680,3
1293447,1
1271577,6
1292870,6
1165258,2
1138776,3
1042342,6
1180163,3
1261535,3
1255893,6
1248833,1
1150352,6
1049235,3
1112773,4
1258364,3
1020412,5
1212490,3
1294034,6
1151240,3
1176371,3
1244172,3
1316324,4
1021877,4
1082924,5
1172734,3
1120950,3
1077348,4
1227244,6
1319185,4
1215111,6
1022944,5
1066740,5
1312120,1
1178656,6
1017578,5
1171219,6
1265868,4
1321804,3
1041327,6
1057589,4
1054167,4
1031291,6
1226009,3
1164694,3
1282680,5
1023593,6
1201715,4
1208005,6
1287019,6
1171110,1
1261797,3
1053549,4
1305814,6
1089977,5
1051375,5
1187654,3
1047740,3
1228663,6
1140243,1
1161640,6
1273528,3
1133639,6
1095535,3
1174508,6
1259339,4
1214220,5
1089418,6
1279459,4
1000141,5
1142555,1
1261365,1
1027153,3
1080434,3
1125380,6
1010837,5
1189487,1
1131015,3
1103464,4
1300637,6
1267088,4
1020599,6
1240107,3
1094831,1
1152129,5
1182687,1
1317279,5
1014932,5
1169942,6
1074945,3
1292024,6
1180243,6
1250157,6
1086019,4
1023845,5
1308539,1
1212317,6
1229510,6
1086433,5
1000832,4
1062839,5
1273623,1
1209556,3
1087019,1
1036851,1
1258477,4
1298283,3
1007386,5
1253429,3
1192662,6
1223131,1
1184728,6
1109967,1
1120552,1
1214813,2
1210215,4
1158653,3
1109751,3
1253697,6
1067790,3
1293265,5
1257740,3
1159172,5
1138363,3
1125357,6
1127098,3
1016666,4
1188329,5
1043387,1
1024793,3
1208787,3
1026060,4
1189284,4
1172518,5
1001056,4
1201853,5
1276973,3
1072451,3
1285053,4
1159271,6
1057568,3
1280478,5
1121783,3
1010554,4
1228819,1
1307407,4
1044045,1
1160978,5
1127295,6
1099413,4
1201539,6
1265340,6
1133440,5
1156728,1
1016501,4
1076471,1
1063390,4
1235776,6
1201089,1
1083272,1
1160867,6
1204579,6
1223136,4
1245868,6
1190199,6
1290291,1
1215349,6
1103346,3
1052702,3
1065021,6
1134740,6
1124149,5
1255234,4
1204950,1
1276352,3
1189500,2
1033945,5
1123898,6
1005749,6
1283630,4
1260390,5
1256550,4
1310126,6
1081585,4
1033443,4
1121995,6
1185841,3
1208100,5
1140491,4
1062005,6
1092560,3
1246291,4
1001511,4
1286575,4
1269250,4
1095122,4
1085266,6
1268367,3
1247399,6
1179213,6
1012535,1
1325534,6
1178438,6
1215664,6
1143911,3
1135565,6
1056420,6
1196786,5
1171584,6
1164569,6
1133805,5
1083098,1
1064414,3
1300430,4
1274096,1
1236886,3
1228810,6
1189940,6
1039038,6
1145171,3
1133657,6
1005301,3
1074443,3
1311203,6
1159665,6
1131183,5
1287471,5
1239618,5
1101708,4
1294181,6
1222911,6
1119259,3
1223225,3
1280680,4
1034735,6
1295622,4
1087300,5
1250894,3
1026890,1
1100476,6
1287250,4
1215223,4
1081875,4
1118498,6
1170413,4
1260688,1
1191384,5
1295604,3
1128828,1
1135712,1
1030766,6
1187952,6
1150867,4
1200215,3
1150242,6
1306156,6
1318056,6
1195867,4
1072722,4
1315482,6
1261587,6
1308319,4
1277070,5
1172126,6
1138961,3
1176028,4
1177183,5
1132251,4
1085790,4
1020997,3
1283431,6
1259113,3
1317593,1
1325766,6
1050691,4
1049287,3
1024134,1
1260786,5
1145778,1
1263177,5
1069877,6
1164825,6
1060733,6
1251254,1
1145181,4
1273631,6
1205765,1
1055712,6
1078437,6
1236641,3
1000278,3
1197543,3
1247768,6
1033538,3
1006141,6
1177860,4
1224088,4
1271681,5
1239965,5
1099608,3
1001501,4
1282721,5
1059632,5
1006530,4
1115492,4
1130752,4
1298428,1
1192469,3
1102477,3
1019533,6
1304284,3
1068655,5
1046874,3
1282234,3
1186742,1
1248619,3
1259447,6
1079096,4
1283719,4
1208536,3
1210225,4
1255119,3
1325726,3
1139734,5
1212812,1
1017908,6
1259190,6
1195631,3
1024101,1
1013842,6
1160568,6
1216414,4
1321614,5
1293557,5
1203042,4
1168957,5
1300299,3
1185692,4
1010140,3
1086972,5
1324125,1
1310733,5
1151390,3
1008200,1
1066636,3
1232860,4
1081869,3
1156989,6
1202349,6
1322402,6
1301053,3
1120356,6
1025106,3
1219008,3
1254886,4
1035557,4
1094253,6
1314535,1
1313295,2
1077905,3
1109982,6
1088396,6
1160887,3
1057008,3
1284551,4
1255472,6
1088646,1
1120337,6
1181653,1
1069510,6
1128039,5
1125570,4
1286700,6
1220900,4
1011015,3
1274567,5
1162567,3
1184419,6
1168280,6
1003113,6
1138695,4
1254183,3
1121420,5
1175243,4
1006599,4
1182723,3
1040398,6
1032892,4
1255073,5
1019473,3
1104888,1
1219569,3
1292370,3
1118125,3
1099223,1
1305144,4
1205817,6
1095848,6
1205839,6
1185166,6
1076769,3
1051139,4
1138304,3
1226495,6
1083774,6
1295668,6
1317645,4
1034724,6
1186072,5
1052110,5
1282172,4
1085616,3
1251600,5
1113974,6
1280573,5
1103164,6
1108030,6
1034425,4
1038979,5
1052423,5
1189680,4
1206748,5
1321598,4
1047850,5
1272519,4
1224540,4
1046461,5
1021452,6
1080477,1
1138521,5
1177480,5
1047305,6
1161047,1
1248804,5
1261492,1
1035625,4
1281084,3
1128394,4
1224741,5
1092203,3
1002645,5
1304371,6
1192358,6
1213355,4
1236609,6
1048299,4
1322733,6
1086617,3
1235810,3
1310805,6
1107996,3
1210454,6
1243211,3
1222398,3
1233055,4
1170357,4
1053108,5
1127597,6
1203212,1
1035573,6
1166141,4
1073944,1
1202178,5
1283819,3
1088993,3
1112437,6
1036976,4
1241671,6
1284202,3
1307424,5
1251790,3
1173668,4
1089511,3
1135682,6
1283964,4
1050870,1
1264630,6
1190903,4
1320817,5
1011693,6
1049332,5
1004660,4
1091930,6
1263142,4
1092882,5
1137688,6
1214289,3
1322539,6
1155666,6
1296106,4
1291492,5
1193714,4
1115931,4
1180628,3
1217078,1
1062429,5
1090458,6
1077909,1
1201898,3
1018938,3
1237124,3
1212766,1
1301983,5
1098578,4
1045517,6
1318168,6
1182613,6
1247362,6
1167828,5
1061339,5
1294163,3
1310195,4
1019059,1
1124291,6
1218609,6
1009994,3
1255420,4
1066098,1
1307314,4
1263816,3
1096859,1
1154018,5
1005737,6
1256494,3
1297778,4
1159613,5
1281740,4
1172143,6
1263081,3
1188692,6
1061833,3
1011774,4
1225342,6
1228018,6
1294426,5
1138475,3
1109962,6
1028014,3
1236310,4
1140798,6
1150487,4
1050645,1
1303934,3
1059486,6
1290738,4
1147140,4
1311587,6
1284624,1
1288663,1
1164220,5
1124832,6
1056614,4
1133029,4
1187935,4
1169360,6
1039880,3
1054580,6
1136381,3
1066956,3
1002639,1
1306806,6
1129162,6
1035369,5
1070443,5
1187249,3
1301377,6
1012049,6
1269680,6
1234653,3
1228874,6
1311163,1
1028502,6
1322924,1
1083311,4
1068024,4
1171791,6
1263130,4
1200042,5
1041771,3
1313385,4
1296994,3
1308059,4
1076897,6
1059137,4
1081010,4
1154693,3
1106485,4
1272735,6
1302669,1
1133938,3
1105149,6
1074983,6
1050223,5
1093175,3
1213409,7
1024646,5
1164056,6
1141226,3
1225928,5
1207432,4
1106391,1
1112863,1
1063777,4
1315827,3
1100079,5
1165670,4
1124636,1
1203950,6
1270844,3
1100024,4
1113169,5
1134212,4
1035944,3
1259647,6
1229525,6
1191761,3
1009036,3
1293712,3
1098057,4
1245528,6
1191746,3
1141553,3
1095699,5
1115488,3
1267378,3
1046997,3
1154659,3
1113638,1
1232972,3
1249877,3
1064395,5
1026151,3
1307297,6
1281102,3
1140261,4
1207752,5
1194307,5
1078791,5
1163214,3
1010056,3
1226756,4
1319611,3
1092373,4
1266851,3
1193964,5
1289936,6
1002737,5
1103558,3
1132079,3
1100986,6
1226167,3
1171632,6
1164090,6
1007698,3
1314690,5
1275896,5
1282843,3
1055393,5
1093110,4
1183001,5
1305938,3
1152493,5
1221465,5
1010379,3
1275940,3
1026695,7
1009493,3
1058610,5
1090459,1
1092226,6
1209910,4
1196684,1
1270488,3
1138901,4
1214314,4
1124079,6
1303402,3
1108544,1
1310955,6
1045310,1
1275184,4
1094521,6
1223870,4
1194775,3
1306695,5
1301998,6
1273591,3
1009735,3
1033990,2
1135205,5
1108410,6
1187384,5
1049870,5
1290601,4
1234761,5
1254227,6
1102276,4
1226198,4
1021999,5
1206161,3
1008579,3
1069035,3
1042913,1
1016184,6
1005706,1
1070464,4
1042143,3
1187396,1
1229083,6
1214215,6
1077019,1
1157392,3
1218584,3
1256125,3
1324715,6
1116617,4
1296920,4
1042495,4
1115604,6
1289204,1
1027645,7
1213849,5
1193550,3
1196986,2
1142707,5
1038372,4
1241492,3
1042258,3
1249139,7
1086932,4
1324988,4
1211604,4
1135890,6
1005665,6
1257420,4
1144790,3
1120537,5
1051070,1
1303173,1
1223650,3
1320245,4
1299029,6
1238968,6
1263326,4
1323114,6
1065727,3
1153852,1
1049161,1
1244440,1
1296795,5
1079541,5
1079878,3
1104361,3
1163087,5
1311077,4
1096424,3
1057797,6
1059251,3
1247627,3
1094356,3
1321319,3
1301709,3
1324875,6
1226748,1
1015921,5
1100990,3
1200987,6
1255281,6
1126713,6
1117377,6
1001466,5
1148507,5
1061344,6
1256849,4
1257049,5
1143503,6
1150949,3
1038791,5
1164257,5
1063202,4
1293593,5
1276907,6
1071313,5
1100724,1
1291568,5
1219523,3
1229781,4
1239233,6
1175629,3
1263298,5
1165731,3
1139857,6
1031892,6
1001827,3
1071468,4
1160852,6
1008560,1
1068698,5
1126239,6
1189575,5
1159751,1
1213842,3
1310908,6
1254652,3
1304773,3
1258379,3
1317855,3
1129656,1
1065466,1
1130027,3
1066047,1
1004789,3
1271526,4
1116953,6
1019942,6
1063141,6
1073716,4
1155325,3
1012577,3
1294260,6
1262945,5
1068963,4
1074703,1
1158458,4
1199861,3
1232206,5
1069488,6
1034783,6
1017980,1
1223762,3
1115878,5
1179077,3
1032154,6
1008567,4
1008174,3
1100223,6
1098022,6
1305428,6
1013647,1
1262415,5
1073702,6
1305866,3
1018512,4
1149629,4
1287491,1
1156821,5
1035199,3
1312386,7
1150102,1
1106383,6
1294856,6
1022533,4
1232043,4
1106220,3
1221132,6
1218084,6
1181596,6
1325591,3
1056124,6
1236177,5
1305152,3
1142071,6
1104576,6
1097193,1
1257806,6
1233078,4
1303584,6
1068264,4
1079114,6
1091678,1
1302066,4
1307656,3
1284430,1
1136480,6
1000534,1
1215798,4
1092026,4
1240524,6
1120735,6
1255841,6
1219189,4
1199822,6
1225799,6
1230926,4
1275207,3
1281696,6
1018793,3
1195839,4
1007069,4
1298874,5
1063060,4
1083037,4
1162861,4
1202250,1
1019516,4
1105324,6
1071404,5
1233831,3
1193433,4
1200956,6
1261172,1
1116994,5
1286627,3
1158307,4
1229404,6
1059745,5
1170521,6
1071813,3
1265798,6
1044798,1
1244593,5
1084890,5
1260056,3
1053814,3
1242231,3
1280792,3
1219290,6
1138302,3
1148708,4
1297691,5
1163169,2
1145622,4
1015911,6
1223460,5
1044717,6
1075949,6
1146388,6
1264768,5
1250913,4
1236420,3
1056763,3
1166446,4
1280423,6
1078192,5
1013141,1
1028280,3
1241523,5
1122379,5
1002519,4
1207509,5
1058794,5
1253020,6
1102038,3
1112249,4
1299305,1
1006057,6
1178932,4
1172075,6
1281408,6
1299419,5
1062146,3
1281927,5
1054610,6
1240091,3
1141744,6
1132105,6
1301474,1
1083938,3
1217260,3
1257608,1
1023219,6
1100254,3
1141772,4
1038285,1
1121339,6
1221973,6
1078946,4
1183737,6
1289440,4
1056055,3
1066738,4
1152116,1
1027880,1
1073736,3
1252184,5
1310643,4
1182861,3
1123665,3
1323451,4
1006938,4
1278784,1
1157152,3
1097138,4
1058919,4
1189554,4
1053436,1
1131275,5
1312634,6
1017566,1
1112517,4
1292680,5
1189246,1
1218825,6
1295959,3
1143049,3
1062769,1
1119513,5
1031253,5
1128491,6
1288504,5
1249578,3
1015086,6
1228894,4
1197658,3
1016742,3
1201327,6
1183386,5
1019445,4
1111489,4
1279868,6
1299011,3
1221502,5
1293148,6
1105427,3
1049564,5
1203034,4
1119827,3
1287984,3
1289590,4
1052347,6
1222624,4
1322052,3
1229123,1
1165064,4
1021508,1
1148306,1
1162971,6
1132775,6
1031316,6
1049650,4
1295192,4
1225081,3
1321822,6
1067788,3
1122817,6
1303007,1
1080322,3
1214565,6
1010602,3
1049583,6
1074508,5
1061902,3
1096511,3
1090547,4
1172681,4
1283139,4
1021198,6
1185949,5
1107808,4
1090448,3
1291222,3
1058143,1
1162342,3
1071683,5
1307484,6
1180743,3
1047819,5
1285641,3
1020018,5
1292662,4
1132559,5
1289064,5
1101042,1
1061088,6
1022389,6
1025663,4
1106864,1
1107967,5
1318076,4
1291529,6
1039066,4
1228711,3
1146213,6
1288952,6
1019741,1
1275554,4
1176750,4
1078579,4
1126629,4
1107278,3
1027748,5
1017285,5
1140443,3
1044534,6
1091786,6
1189495,3
1096867,6
1019745,5
1232086,6
1060570,5
1204794,3
1095440,5
1252521,6
1262549,3
1135232,4
1147888,5
1049365,6
1280352,3
1171713,3
1181511,6
1106723,4
1165238,6
1042561,1
1148477,3
1264076,6
1189561,6
1273655,3
1285860,4
1081258,4
1127354,6
1013254,3
1065728,5
1019195,3
1262703,4
1013675,3
1022941,6
1219942,3
1040491,4
1157588,6
1045534,6
1172340,1
1309285,3
1134907,5
1007980,4
1170089,6
1007307,4
1287382,3
1199150,6
1229117,5
1211774,3
1325010,3
1312555,1
1276821,3
1140034,1
1055469,6
1024467,4
1212500,4
1292677,1
1302991,6
1157531,1
1081190,5
1079198,4
1306778,3
1239638,6
1173865,4
1124998,3
1266793,6
1078116,3
1180294,6
1322361,4
1203580,5
1218425,4
1126396,6
1230518,4
1096616,5
1245960,4
1137016,3
1073307,6
1195303,5
1258506,5
1036196,4
1269241,4
1108677,5
1043059,5
1267276,5
1061016,4
1292455,5
1071165,4
1212890,6
1246408,6
1034709,5
1273230,4
1069756,6
1088719,1
1126483,6
1173798,5
1245225,1
1098330,3
1101709,4
1058984,1
1110307,4
1298574,3
1080306,3
1134323,1
1129108,4
1056510,1
1209041,1
1190031,6
1063088,4
1173970,4
1052475,3
1311490,5
1027058,4
1030450,6
1319210,3
1198153,3
1229293,6
1310310,4
1243030,3
1110876,3
1291051,1
1095572,1
1234705,6
1221311,6
1210081,6
1137730,1
1012673,3
1158699,3
1195829,4
1198578,6
1033232,3
1107124,6
1231201,6
1121357,3
1024887,6
1091783,3
1109253,3
1105585,4
1037052,5
1270838,6
1122115,3
1246190,5
1029270,6
1006839,1
1169005,1
1111904,6
1082309,4
1071293,4
1026888,6
1104941,1
1242612,6
1012475,4
1164958,3
1187811,3
1258803,5
1163653,6
1051210,4
1004082,3
1270700,5
1256719,5
1275577,1
1107865,4
1002584,5
1145782,3
1108213,6
1249580,5
1314352,6
1271142,6
1261852,6
1085818,4
1151044,5
1242407,6
1180399,3
1265671,3
1257192,4
1172065,1
1110771,3
1266314,6
1011449,4
1291316,3
1280924,1
1212658,5
1283840,5
1318788,5
1050643,1
1034214,3
1257831,3
1270681,6
1005577,6
1257167,6
1126634,4
1159609,4
1318587,3
1176521,5
1083518,6
1185032,4
1090336,6
1280061,3
1080877,6
1226619,6
1268992,3
1294019,5
1304428,3
1293087,3
1240800,1
1279334,3
1035271,5
1030472,4
1012677,6
1105223,4
1063424,1
1082755,6
1179358,3
1025671,4
1248224,3
1057531,4
1051614,1
1006701,3
1150478,6
1274223,6
1029035,3
1025591,5
1206756,6
1111090,6
1162700,6
1250841,4
1287680,6
1128956,5
1145901,5
1174441,4
1260581,6
1278335,3
1241903,3
1058200,3
1051484,4
1138841,6
1054078,1
1232261,5
1272116,6
1006139,3
1005579,3
1111744,5
1007237,5
1238711,3
1196219,6
1175731,3
1137956,5
1245027,5
1102680,4
1314784,3
1207527,6
1241441,3
1200017,3
1286520,3
1026756,3
1168204,4
1163878,3
1138654,3
1066273,6
1161014,3
1191086,1
1191418,1
1113816,1
1065525,6
1308906,2
1032732,6
1153522,4
1011213,1
1050653,6
1076290,3
1188761,3
1100068,4
1185297,3
1263905,5
1289596,6
1167755,6
1032789,4
1168046,3
1142539,5
1156004,6
1188083,4
1105016,3
1008116,3
1224575,5
1145642,3
1242515,4
1010763,4
1259831,3
1215809,4
1288840,1
1146864,6
1001299,6
1128829,6
1015759,5
1121714,4
1153688,3
1053628,1
1107056,5
1157681,6
1014339,6
1127271,2
1089667,6
1196318,6
1254337,5
1324831,4
1229964,5
1069070,6
1138153,3
1038686,1
1106481,3
1115961,4
1316777,1
1288457,2
1260575,5
1040458,4
1205108,1
1141801,3
1242701,1
1130236,3
1002118,6
1104125,5
1189012,6
1255540,4
1068320,4
1135931,1
1258603,5
1074044,4
1062467,1
1177188,3
1305843,6
1200278,6
1253701,3
1278205,6
1238585,3
1280717,5
1318186,6
1096275,4
1051337,5
1233706,5
1251339,1
1036334,3
1112783,6
1030120,1
1049779,1
1169357,3
1012754,4
1311647,5
1114172,6
1005576,6
1046369,6
1151710,6
1094248,6
1289847,6
1097196,1
1245098,6
1150531,3
1280023,6
1017832,6
1081642,4
1156215,4
1096730,6
1011640,5
1229197,1
1017467,5
1085885,1
1251631,3
1079700,3
1265931,1
1160679,3
1105521,6
1220503,6
1105134,4
1049515,6
1133461,3
1052863,5
1146209,4
1182022,3
1124847,5
1118539,6
1218868,3
1058392,5
1006450,6
1088381,6
1073966,4
1324806,3
1056492,6
1211450,6
1066302,5
1105668,6
1277801,4
1024578,6
1056309,6
1189582,1
1126729,1
1190294,6
1172300,4
1149519,3
1112007,1
1252013,3
1272444,3
1200494,4
1016566,3
1002685,4
1014880,3
1010306,5
1001721,4
1106532,1
1171209,4
1021599,3
1073677,6
1243746,5
1159479,3
1098414,2
1058509,5
1025120,6
1030160,6
1044368,1
1236632,6
1294081,4
1069967,6
1227276,4
1225291,1
1210376,6
1130075,4
1030189,3
1099034,1
1203991,4
1007539,5
1013779,1
1089081,5
1108746,4
1066109,5
1081328,4
1072531,6
1192347,5
1086701,3
1078979,3
1110239,3
1307341,4
1239713,6
1010767,4
1314189,4
1271281,6
1148317,3
1246854,3
1040410,6
1152960,3
1119969,4
1183304,3
1306562,6
1323025,1
1198970,6
1119444,5
1001921,6
1180954,5
1171217,1
1293020,3
1148331,1
1203248,1
1039150,1
1080176,5
1188439,1
1159233,1
1107719,4
1185497,5
1231995,1
1283603,1
1123191,5
1045389,4
1237560,4
1155428,4
1064426,3
1307381,4
1205814,4
1015136,4
1164397,4
1142061,6
1061098,5
1055782,3
1209485,5
1228531,4
1120146,3
1183611,6
1086172,4
1075864,3
1170005,5
1205922,3
1324332,6
1051383,4
1092545,3
1178640,4
1032767,1
1067592,3
1163839,4
1205928,4
1092103,5
1231129,1
1224633,5
1127018,4
1219004,5
1003299,4
1299557,4
1019454,3
1099886,5
1236691,4
1010011,4
1316957,3
1084034,1
1160233,4
1078033,3
1239619,3
1035076,5
1191039,3
1249769,4
1196461,1
1252553,6
1104836,3
1307949,6
1105504,3
1009746,3
1314575,1
1247559,1
1237979,6
1319764,6
1258947,5
1159223,4
1202350,6
1016846,4
1148041,3
1236904,4
1000612,6
1018515,4
1007142,4
1254701,5
1065080,6
1214311,4
1161601,6
1212749,3
1158233,6
1037835,4
1256162,6
1238825,3
1068654,5
1242191,1
1030635,3
1012966,3
1262662,3
1313320,3
1215732,3
1236170,4
1180334,4
1250438,3
1100675,6
1085089,6
1066869,3
1142089,4
1066554,6
1039853,1
1074198,4
1242610,6
1153510,3
1041548,6
1238696,5
1285969,3
1102015,4
1004544,1
1035276,2
1313180,6
1237633,5
1114980,5
1042580,3
1032295,5
1000112,3
1150932,3
1036327,3
1323785,3
1003248,6
1071140,4
1087026,6
1071800,4
1008946,1
1020209,4
1017468,5
1207064,4
1294711,1
1201937,3
1186670,1
1119393,4
1122066,6
1063869,3
1024139,7
1138038,4
1161905,4
1162621,4
1028133,3
1195679,5
1112029,1
1127479,3
1315790,5
1238448,2
1239102,4
1250654,6
1015419,6
1282146,3
1208363,6
1308557,1
1277520,1
1282635,3
1022260,6
1221874,6
1234041,5
1112624,5
1200111,3
1035358,6
1017977,5
1096099,6
1055921,3
1078298,5
1294868,3
1285798,5
1030516,3
1187653,5
1117065,1
1166685,3
1052004,5
1174698,6
1064303,3
1148070,6
1166591,4
1030395,1
1233985,4
1250600,6
1259568,1
1267862,6
1040617,6
1053685,5
1183480,3
1169059,6
1084046,1
1245877,3
1064775,4
1323276,6
1104209,4
1193271,4
1041794,1
1173096,6
1136134,6
1119388,6
1261900,4
1045639,5
1187390,3
1014992,6
1313502,4
1167561,6
1211133,1
1117304,5
1103675,5
1090202,5
1056347,4
1193838,6
1285323,3
1167678,6
1016893,4
1099936,6
1009846,3
1048721,5
1242591,1
1041162,6
1264607,6
1112602,5
1233082,4
1220369,4
1324430,1
1201072,3
1277395,4
1034140,1
1279541,5
1010649,5
1135733,4
1239940,4
1079023,6
1315189,4
1207349,5
1204760,1
1030264,6
1269213,4
1262969,3
1267203,1
1082095,4
1200722,6
1044996,4
1285124,5
1140946,1
1129616,4
1076329,6
1233505,1
1089782,3
1268490,4
1177903,6
1039801,5
1077261,5
1263779,1
1286385,1
1192321,3
1175348,6
1101741,1
1225772,5
1199472,6
1137928,2
1167530,6
1190686,4
1218157,6
1065855,1
1139763,4
1173644,4
1267936,6
1018779,6
1279923,6
1304636,6
1068512,1
1060778,1
1324087,1
1263307,6
1314310,1
1027010,6
1181077,5
1268710,1
1008063,3
1321572,6
1058813,6
1110314,6
1294651,1
1022410,4
1236471,3
1134251,6
1123042,4
1176338,4
1009559,1
1066381,3
1208375,4
1229989,3
1142621,6
1074551,3
1114685,2
1285776,6
1302265,3
1047629,6
1207140,5
1068382,6
1003301,3
1141913,3
1211796,3
1305185,4
1051674,4
1282161,6
1219931,5
1159709,3
1096104,4
1068498,1
1253927,4
1108978,2
1180226,3
1136744,4
1235008,4
1050550,3
1285258,4
1034465,5
1142051,4
1184851,3
1198546,7
1086166,5
1095403,3
1260484,6
1186699,5
1142887,4
1069479,3
1164797,3
1279615,5
1321892,4
1048334,5
1062969,6
1003021,5
1209026,6
1279916,4
1026557,3
1205601,5
1214727,1
1206720,3
1182475,4
1079552,5
1088615,6
1072913,3
1274635,3
1278097,3
1263280,1
1178399,3
1005978,3
1278189,3
1127502,3
1324134,4
1164870,3
1059697,3
1202530,5
1133844,6
1240507,1
1185867,6
1246135,6
1109641,3
1262470,1
1261964,6
1183283,5
1138566,6
1164573,4
1302030,4
1227005,1
1020873,3
1188189,6
1236675,4
1015103,5
1220380,6
1016719,4
1324658,6
1204568,6
1311463,1
1185148,6
1148801,4
1182740,4
1084052,3
1316659,3
1267335,6
1014941,5
1054137,4
1177197,1
1089820,5
1262485,1
1291474,3
1081529,4
1082787,4
1309920,4
1087516,1
1216228,6
1032417,3
1154745,1
1047193,6
1177546,3
1319359,5
1186120,4
1094830,6
1062040,4
1148772,6
1119624,6
1293961,3
1036687,3
1275912,4
1192258,3
1083424,5
1061602,6
1132407,5
1192395,6
1257572,1
1295054,4
1052369,3
1221815,4
1302551,6
1280657,1
1168187,3
1052113,3
1063992,3
1122695,1
1232467,4
1188607,4
1012749,3
1180913,4
1237188,3
1296885,5
1008879,6
1184337,6
1086817,6
1193450,6
1258028,6
1066312,6
1065552,6
1156450,5
1308266,4
1318908,1
1253605,6
1121465,4
1198125,1
1200020,6
1257910,3
1324348,5
1058496,3
1287519,6
1176829,4
1075217,6
1277016,3
1292889,1
1118974,4
1273991,5
1121906,3
1237794,1
1255612,6
1204323,5
1010781,3
1044432,6
1214045,6
1274729,3
1271386,4
1181861,1
1045402,6
1180214,5
1098300,3
1042275,4
1089390,5
1069414,3
1168644,5
1238115,6
1268980,4
1011434,3
1226107,1
1163469,6
1052579,1
1090250,4
1156360,2
1320429,4
1094365,5
1040029,5
1288956,3
1298559,1
1190437,4
1223610,3
1102464,4
1139416,3
1250135,1
1141205,6
1305629,3
1198868,6
1230283,6
1155883,1
1041223,3
1284850,6
1052903,4
1131207,4
1053384,1
1321490,1
1030933,4
1230487,3
1014064,3
1227784,1
1022918,5
1304707,3
1011715,4
1323504,6
1284190,5
1014953,6
1149654,5
1311063,1
1053064,1
1135851,3
1028447,6
1201904,4
1097917,4
1051220,3
1061557,4
1095792,6
1172594,6
1154474,1
1089087,1
1320521,6
1276014,6
1044918,6
1133999,4
1042534,4
1033681,4
1042352,4
1008827,1
1146292,5
1288236,4
1220065,6
1298109,5
1300584,3
1027965,1
1321662,4
1254394,4
1267546,5
1293782,6
1018726,4
1032219,5
1241713,1
1228439,1
1042568,3
1321014,3
1193734,2
1265204,3
1050962,5
1097639,1
1060135,6
1068124,3
1178470,5
1108661,1
1111445,6
1169186,6
1035719,1
1138680,6
1048087,3
1260523,3
1269236,5
1283906,4
1007181,6
1161152,4
1234001,5
1080406,6
1269109,1
1076811,4
1283062,4
1158820,5
1304538,4
1247333,4
1226691,6
1305127,4
1074947,4
1243706,4
1003845,5
1010866,4
1057491,4
1230485,1
1088188,6
1211385,3
1300930,3
1033859,5
1091385,5
1151472,6
1038761,4
1156303,6
1301641,1
1312161,6
1122095,6
1223471,3
1016960,5
1055956,3
1136170,1
1193707,5
1303124,6
1080492,1
1005487,3
1101002,6
1298731,6
1020789,3
1276995,5
1089748,6
1196361,5
1308960,5
1320531,4
1016706,1
1306632,6
1256121,4
1209937,6
1082232,4
1132146,3
1272012,1
1156281,5
1182823,4
1107109,4
1118648,6
1118332,3
1126011,3
1296018,1
1006272,1
1107925,6
1124358,3
1065915,4
1132772,6
1022379,6
1240101,6
1208703,1
1239742,6
1240120,6
1316450,5
1267079,1
1022909,1
1302914,1
1190323,5
1314554,1
1055543,6
1321040,3
1282771,1
1106344,4
1030883,5
1223512,1
1160994,4
1133904,3
1169820,3
1284400,6
1197376,3
1049993,6
1217171,3
1195929,3
1102545,3
1170230,1
1171170,5
1198044,4
1281656,3
1018807,2
1277020,3
1182929,4
1237881,2
1121862,3
1037187,4
1183399,5
1109439,7
1190460,5
1209995,3
1026215,3
1284757,4
1308767,5
1167288,6
1284629,5
1136640,3
1000475,6
1090218,5
1274409,5
1165117,6
1320892,1
1006856,3
1130161,6
1187038,6
1152993,5
1253420,6
1150001,1
1315821,5
1273752,3
1035043,3
1153078,3
1314970,5
1103940,1
1213715,3
1203355,6
1191629,5
1126280,3
1190703,5
1244790,5
1249160,5
1130490,3
1115354,5
1048673,3
1062351,3
1094498,4
1044885,7
1175538,5
1217848,1
1032681,4
1208038,5
1158178,6
1108335,4
1133171,6
1038149,3
1130080,3
1295835,6
1164935,6
1133079,5
1039077,1
1280509,5
1177582,4
1073331,4
1025321,6
1295109,3
1125500,6
1118613,3
1190439,1
1174871,3
1002452,3
1261716,6
1153549,4
1081508,5
1258141,3
1147887,6
1231438,6
1311084,3
1083630,6
1226256,6
1280789,5
1153172,5
1067156,5
1230404,3
1207549,6
1111356,4
1002678,6
1184265,3
1189951,5
1131151,5
1131556,6
1150839,1
1103177,3
1288465,5
1317307,3
1144537,6
1123663,4
1057254,3
1201766,6
1277899,5
1120513,6
1246716,1
1292739,3
1141372,3
1060753,4
1289777,4
1098479,1
1042992,3
1127485,4
1150496,3
1011563,3
1105246,6
1285901,3
1076124,3
1115373,4
1134273,6
1054762,5
1255157,5
1138527,4
1209074,6
1198160,1
1126096,3
1275838,3
1107055,5
1015590,3
1268606,3
1172148,6
1275766,5
1256514,3
1195395,6
1179085,1
1020817,3
1073173,6
1075851,3
1094996,6
1266229,6
1153442,3
1236692,3
1147766,4
1007676,3
1015589,3
1220731,3
1022989,6
1137733,3
1321046,6
1174478,4
1073237,4
1204360,1
1013951,6
1319717,3
1210954,5
1153136,3
1060286,4
1278177,6
1208245,5
1125158,5
1107992,5
1011826,1
1004616,1
1275067,3
1227355,6
1118223,5
1170000,6
1005645,5
1007557,6
1061267,1
1112430,1
1177239,4
1100237,4
1105871,6
1268224,1
1042575,3
1286766,6
1271026,3
1174952,3
1257764,3
1141213,3
1280088,1
1095890,1
1099765,3
1170779,6
1208879,3
1322524,3
1134305,6
1181673,4
1182838,1
1058428,6
1129798,6
1150304,1
1019544,4
1126459,4
1053389,4
1152664,4
1293851,5
1245944,5
1001791,4
1205131,3
1141154,3
1111771,4
1141456,5
1102056,4
1019238,5
1192641,6
1277462,5
1304365,4
1265689,4
1032371,5
1183231,3
1083480,3
1325544,4
1273323,3
1282665,3
1203191,6
1212603,1
1182544,5
1057044,3
1274676,5
1281686,3
1037993,3
1126131,3
1161857,4
1115435,4
1165078,3
1008565,4
1078102,5
1259162,6
1208592,6
1301463,3
1230195,6
1096652,3
1168132,6
1133864,6
1183666,6
1225666,6
1288003,6
1269956,5
1317115,4
1181070,4
1088160,3
1098160,1
1009075,3
1000284,3
1219201,4
1237326,5
1241512,5
1122017,3
1268189,1
1032247,3
1284426,4
1070712,4
1122997,3
1060599,6
1037625,3
1169253,1
1293090,3
1049237,6
1304929,4
1144238,4
1001112,4
1246001,6
1024557,3
1023037,3
1154017,3
1220993,3
1044320,4
1278188,4
1175108,1
1275007,4
1268578,4
1161662,4
1129697,5
1249265,3
1045475,3
1029318,3
1228688,3
1299786,3
1004940,6
1018714,3
1130947,4
1200561,5
1284144,5
1080870,5
1283857,3
1228515,4
1276380,4
1144017,6
1251220,6
1163761,1
1128832,4
1140733,3
1136668,5
1005371,5
1115610,6
1144019,6
1080317,6
1159291,1
1260904,5
1211788,4
1239898,1
1060781,4
1251334,5
1038934,6
1270410,6
1138191,3
1146258,6
1091774,6
1060015,4
1288170,6
1118175,6
1303688,3
1212038,1
1121110,4
1278613,3
1206351,3
1050883,1
1318454,1
1264794,5
1196337,5
1135346,3
1148294,6
1316996,6
1324805,3
1107747,1
1106700,3
1106574,3
1210969,1
1215340,3
1100594,7
1284292,6
1039384,6
1023886,6
1027121,3
1130929,6
1043217,6
1119318,3
1286448,6
1074089,6
1270084,4
1157134,6
1060205,5
1261189,1
1264360,3
1218009,4
1292129,4
1206485,3
1190253,6
1018084,5
1090251,3
1038150,6
1235815,3
1033921,4
1308295,6
1227852,1
1007887,3
1026463,4
1049669,3
1139121,5
1101928,3
1043120,6
1220526,5
1133213,5
1013362,6
1278741,6
1083226,4
1174282,1
1039396,4
1012335,1
1273038,6
1040131,3
1122611,4
1280318,1
1040991,1
1241180,6
1063639,3
1241845,4
1105232,6
1200980,5
1184308,2
1038223,4
1297393,6
1041313,1
1052564,6
1091571,4
1048844,1
1105734,1
1265755,3
1069064,2
1007020,3
1078340,6
1186926,6
1246735,5
1019340,4
1027458,4
1219456,1
1025762,3
1119411,4
1051039,3
1217862,3
1236253,6
1115418,6
1047622,5
1147522,4
1284572,3
1149816,6
1216099,4
1316496,6
1120479,6
1005973,6
1186844,4
1051657,4
1154956,5
1203122,4
1290387,6
1109837,4
1193715,4
1191679,5
1141575,5
1272662,5
1084158,1
1101499,3
1108567,3
1293793,3
1153249,3
1203318,4
1325401,7
1087749,3
1053302,1
1161449,3
1239256,6
1060984,6
1158600,5
1273497,1
1191963,5
1106321,4
1213187,6
1081879,3
1017401,3
1158341,6
1004123,4
1123561,3
1266832,6
1056505,6
1229130,3
1205613,5
1185835,4
1304346,6
1109108,4
1217909,6
1291494,6
1095515,1
1250846,5
1189679,6
1240494,7
1076198,2
1319542,3
1156610,4
1166922,4
1274197,3
1048400,3
1260093,3
1182792,3
1156059,1
1097591,6
1265109,6
1205619,4
1045188,5
1065436,5
1257265,4
1311833,5
1174374,5
1178842,3
1048767,6
1071887,6
1207525,1
1300099,6
1313913,3
1100621,3
1246482,4
1066237,6
1033608,3
1053442,3
1139449,6
1261148,4
1295313,1
1317139,3
1018936,4
1067532,4
1312950,3
1250045,4
1110240,5
1135076,6
1094345,5
1322009,6
1097793,6
1247870,1
1165433,3
1287966,6
1032332,6
1320664,6
1244673,3
1135765,4
1087056,3
1176146,4
1041342,6
1062918,3
1138856,3
1083333,1
1302779,3
1307116,6
1104809,4
1147509,4
1110766,6
1005570,3
1246317,3
1215348,5
1247947,4
1205792,3
1204700,1
1297883,6
1067717,3
1275452,3
1098386,5
1051600,3
1064994,3
1099135,6
1311527,5
1322178,5
1208820,3
1077087,4
1309555,4
1247987,5
1269065,1
1089554,1
1271715,6
1264971,3
1174785,5
1036540,1
1160775,5
1092123,6
1247038,4
1226191,4
1325792,3
1085504,5
1298171,5
1008438,5
1071190,5
1114180,3
1185773,6
1020474,6
1034440,5
1304350,3
1317710,5
1057185,6
1082098,4
1211799,5
1191522,1
1308334,3
1059310,6
1144063,3
1204369,6
1228543,6
1009549,3
1207164,4
1142133,5
1183588,5
1178200,5
1133910,5
1052265,5
1004922,3
1021126,6
1210887,5
1118828,3
1118220,6
1084250,3
1066931,6
1247121,1
1053196,6
1022385,4
1188381,6
1155747,6
1161482,3
1304631,4
1253104,3
1122020,5
1275776,4
1216632,5
1220414,6
1042299,3
1173925,4
1310179,6
1066767,6
1107404,6
1044006,1
1205308,4
1022696,3
1047126,5
1091961,3
1227927,1
1158791,6
1058909,6
1086563,4
1131421,6
1309586,6
1262068,6
1202700,4
1214154,3
1063388,4
1028711,6
1263861,6
1159682,6
1319602,5
1122901,1
1050113,5
1045089,3
1058197,6
1080356,5
1047455,5
1135476,6
1284988,5
1155723,6
1227146,4
1092798,3
1216259,3
1172653,6
1266936,3
1218138,5
1045703,5
1142684,6
1227751,1
1232371,3
1001205,3
1040887,3
1000075,4
1164222,6
1297286,4
1136973,3
1196571,4
1311701,5
1242478,4
1263250,6
1125337,1
1077054,6
1100410,7
1082284,5
1029813,3
1048032,4
1063009,4
1191876,4
1019731,3
1114140,6
1062865,4
1290609,6
1175673,6
1025316,3
1109527,6
1145615,1
1158269,6
1004999,1
1239492,1
1086882,3
1025420,3
1141046,3
1272722,3
1096051,4
1018253,1
1114304,3
1128303,6
1082672,5
1304435,3
1078498,6
1180219,1
1266152,4
1217601,5
1195176,4
1321737,3
1170166,5
1240388,1
1208119,1
1319270,3
1270160,3
1146373,6
1007664,4
1176220,5
1162570,4
1198319,1
1128233,3
1322713,3
1089621,1
1231497,3
1298165,4
1098042,3
1088667,3
1035566,3
1323003,1
1132065,6
1027239,4
1301008,6
1302631,4
1081983,6
1156018,4
1124076,5
1297974,3
1044377,5
1271160,4
1097208,5
1321116,4
1180281,6
1106046,5
1113082,4
1132760,6
1086490,4
1038573,5
1120936,3
1171465,6
1031088,3
1017083,6
1245598,6
1038581,5
1089934,6
1090137,4
1315449,3
1065024,1
1151829,4
1308858,4
1020552,6
1312071,3
1115820,3
1100266,3
1230331,4
1265470,1
1081093,4
1144849,3
1004614,3
1231739,1
1097238,3
1302911,3
1229864,5
1216189,6
1295738,4
1018308,6
1169047,1
1032876,6
1249570,3
1217470,5
1192597,3
1323827,3
1117860,1
1319142,4
1246795,1
1297543,6
1077483,4
1205621,1
1201050,1
1058640,3
1275179,2
1216475,5
1274310,6
1037842,4
1157782,4
1192310,4
1314923,4
1213518,6
1189179,1
1323792,6
1208417,4
1126352,4
1324557,4
1198482,1
1085883,6
1258188,3
1174202,5
1242773,4
1272903,1
1293982,1
1272650,6
1229200,5
1023351,6
1083664,5
1298502,3
1293885,3
1280403,5
1317976,4
1147213,4
1322956,6
1090058,5
1033638,3
1147953,3
1095851,3
1302284,4
1017283,4
1176905,1
1050408,6
1296722,4
1279616,6
1265554,6
1321050,3
1260368,4
1040156,4
1122930,3
1135483,3
1309256,6
1070345,3
1255199,4
1244698,6
1283565,5
1161248,3
1070053,6
1116876,6
1038325,6
1121639,3
1240100,3
1078694,5
1142547,3
1014640,3
1123082,6
1270792,6
1235648,4
1324451,6
1278354,1
1085111,3
1117562,5
1209336,4
1110714,5
1322536,5
1309856,4
1169011,3
1215208,6
1038875,4
1084705,3
1260019,4
1258595,4
1131577,6
1147450,3
1159994,1
1189010,5
1233750,6
1119288,5
1173864,3
1237091,3
1183294,3
1140436,4
1324972,3
1126155,3
1119592,6
1228850,5
1069483,3
1241725,6
1155132,2
1019920,3
1174052,6
1299309,3
1105299,4
1312412,4
1209462,1
1105109,5
1170123,5
1157399,6
1024942,3
1044971,3
1086306,6
1137377,5
1186653,6
1200852,6
1299539,6
1264828,1
1295700,3
1269462,5
1282323,6
1215966,3
1066421,5
1266674,4
1188638,3
1193771,5
1154366,4
1009212,3
1146228,4
1215568,6
1194393,3
1182075,4
1159477,1
1311865,6
1300209,6
1180105,3
1312998,4
1147979,3
1044227,3
1092896,5
1233862,1
1189484,6
1078011,1
1037694,3
1077571,5
1086160,6
1027122,4
1119387,6
1093893,5
1222428,5
1260631,6
1022702,3
1214199,6
1211051,4
1060992,4
1251084,6
1309940,1
1263632,6
1276450,3
1274781,5
1045228,5
1127257,3
1163584,1
1198441,4
1000684,5
1164174,3
1275031,6
1009414,1
1184831,5
1213210,6
1047031,6
1202167,7
1237147,4
1276695,4
1008255,5
1169284,3
1230015,1
1278586,4
1079430,6
1109196,6
1217112,6
1204949,6
1058461,3
1007304,1
1260778,4
1046748,3
1138411,1
1231117,5
1046742,4
1285640,3
1203902,3
1059961,3
1098168,1
1251438,4
1027049,5
1061863,4
1188106,4
1161682,6
1150809,5
1214446,3
1324415,6
1240606,1
1289272,4
1061961,3
1268058,3
1091777,4
1123613,1
1273214,3
1071951,4
1108355,3
1096622,4
1291731,3
1063509,3
1197721,6
1273104,1
1321003,6
1116245,1
1260831,3
1004850,4
1136373,3
1155341,3
1230037,5
1036765,6
1296025,4
1314766,7
1087357,4
1141471,1
1075958,1
1042524,1
1297111,3
1306703,3
1162172,2
1126687,6
1273143,4
1293511,4
1097033,6
1115838,5
1086833,4
1212786,6
1214613,3
1304691,4
1112389,4
1193060,5
1273857,4
1152158,3
1296222,3
1114901,3
1278634,4
1303166,6
1303917,3
1314156,4
1085650,3
1124709,1
1226172,5
1275026,6
1218334,6
1179275,6
1317269,4
1305975,3
1188951,3
1157229,6
1137039,5
1265872,1
1094690,4
1279584,3
1084111,6
1163411,6
1248258,6
1136522,3
1125161,4
1153648,3
1079106,4
1002124,4
1137582,3
1043861,3
1087240,5
1170550,6
1025085,3
1123160,4
1226968,4
1289302,6
1091168,4
1216124,3
1056964,6
1286279,1
1285584,4
1228286,4
1321607,3
1070687,3
1148393,5
1099982,4
1178425,4
1033348,1
1181720,2
1137861,4
1317444,4
1237018,1
1132577,6
1268930,1
1186905,6
1031165,1
1056833,1
1241559,1
1162640,1
1023670,3
1249737,1
1083673,1
1197143,1
1206124,5
1318170,4
1282782,3
1001776,6
1094918,5
1125901,1
1203005,3
1023426,4
1101619,1
1078948,4
1068274,1
1255806,3
1160489,4
1135735,4
1304846,5
1158694,3
1315273,4
1063307,6
1320071,6
1294261,4
1316979,4
1252532,3
1082634,5
1041025,3
1320076,4
1311092,6
1264520,6
1288436,4
1041962,5
1259148,5
1204456,4
1186938,5
1125072,3
1043025,5
1101013,1
1222252,5
1030623,3
1243681,3
1175315,4
1180455,6
1015447,1
1162246,4
1254413,4
1201377,4
1185836,4
1035044,4
1082531,4
1139028,1
1062845,1
1235019,4
1071260,4
1223734,6
1135491,5
1116132,3
1094342,3
1240771,4
1018886,3
1088031,5
1119501,5
1209389,6
1193080,6
1166483,3
1321359,3
1176235,6
1203706,6
1233737,4
1093224,5
1144736,6
1290463,4
1319875,5
1090650,5
1270251,6
1158150,4
1093179,6
1110447,3
1053758,4
1222755,3
1097818,1
1102439,3
1039826,3
1193370,1
1232723,3
1272582,5
1021842,3
1198908,3
1125878,5
1262042,7
1229678,3
1136819,2
1309100,3
1034822,3
1270690,5
1228971,6
1014635,5
1257132,3
1064676,4
1089395,1
1083453,6
1132142,1
1140051,1
1190220,6
1108260,4
1306071,6
1263395,3
1115420,1
1256141,4
1216186,6
1071857,5
1298192,1
1083180,3
1065386,6
1277651,3
1217566,3
1151016,3
1014290,4
1033972,1
1108733,6
1261025,6
1096218,4
1276712,1
1231424,3
1029682,3
1078978,6
1012318,6
1264048,3
1120695,1
1035860,4
1053114,4
1154315,6
1055888,3
1130816,3
1264030,2
1113838,6
1075562,5
1256140,6
1054738,3
1302719,1
1037969,3
1118770,4
1305544,3
1089470,6
1002022,5
1221159,5
1052222,6
1228293,4
1176052,3
1127179,6
1303566,4
1139867,6
1147103,3
1142266,4
1033745,1
1272129,3
1269809,6
1161019,5
1280011,4
1016158,5
1139591,1
1297735,3
1048317,6
1211410,6
1026911,1
1098499,1
1324936,6
1010228,6
1086737,4
1036836,4
1153050,3
1080079,1
1236206,4
1141841,4
1135666,4
1273533,1
1316900,1
1118056,6
1307246,1
1115123,4
1105005,3
1144661,6
1101755,6
1057430,5
1284899,3
1290650,3
1146225,6
1303530,5
1308588,4
1091273,4
1008584,6
1077120,1
1189576,3
1045315,6
1201711,3
1301089,4
1278506,4
1280646,1
1161679,3
1187627,6
1222909,1
1210283,5
1277076,5
1144247,6
1308753,1
1116921,3
1291234,6
1018430,3
1284381,6
1019002,3
1008366,6
1142426,4
1212420,3
1092591,4
1009124,6
1181004,4
1294843,6
1106674,4
1075539,5
1281091,5
1263792,3
1083148,1
1118499,1
1320433,4
1096993,3
1148115,4
1227826,6
1224938,6
1042107,4
1060308,6
1214264,4
1150887,4
1208961,1
1089831,3
1071432,6
1053644,6
1055105,6
1079110,5
1303145,3
1022839,4
1049307,4
1209665,3
1030913,6
1244158,6
1096235,4
1276514,3
1199622,3
1251460,1
1174360,4
1149792,4
1165024,4
1224011,6
1197666,4
1085795,6
1317629,4
1081481,6
1207148,6
1110148,6
1278336,4
1134413,4
1138217,6
1039367,6
1170407,4
1195220,1
1070151,3
1123183,5
1187020,4
1252998,6
1143653,5
1088441,4
1146405,5
1133766,1
1220975,4
1164676,3
1038656,6
1158539,3
1266031,6
1109975,3
1099774,6
1303494,6
1206165,4
1126590,6
1011162,6
1209415,4
1199634,6
1051003,4
1230751,6
1094114,6
1298219,3
1074151,3
1146494,6
1032810,5
1211764,6
1104871,5
1248561,6
1077334,4
1000943,5
1084299,5
1314198,6
1053529,3
1281548,6
1307812,6
1185591,3
1257903,4
1186256,6
1036882,5
1062259,1
1135704,5
1059027,4
1033371,1
1159931,5
1043492,6
1026696,4
1260736,6
1276113,2
1232077,1
1299249,6
1139833,4
1309595,1
1114710,3
1157623,6
1232960,4
1119232,6
1194027,6
1311954,6
1058724,5
1086816,3
1031772,3
1222088,3
1307575,4
1185049,6
1307044,5
1037577,4
1289129,5
1163836,3
1009703,6
1096420,6
1000469,6
1157785,3
1177753,6
1016962,5
1024152,6
1175131,6
1052317,4
1197384,3
1140754,5
1064579,1
1125132,6
1114037,6
1260791,4
1157658,5
1245545,4
1158117,6
1010686,5
1081335,4
1080386,5
1122748,3
1267668,1
1150447,3
1046064,6
1314927,4
1037832,5
1296254,6
1193556,1
1305153,4
1125793,4
1067875,4
1213593,4
1290444,4
1087086,1
1311867,6
1300362,4
1095414,5
1093115,3
1003279,3
1082128,6
1165863,6
1134461,4
1296821,6
1065698,6
1088830,6
1240529,5
1016574,6
1004507,4
1119596,4
1109106,4
1055672,3
1197933,4
1197776,4
1126302,6
1137810,6
1194412,3
1170179,6
1050284,5
1011392,6
1175485,5
1052814,4
1044856,5
1113693,3
1246902,6
1273624,3
1120263,5
1154969,5
1178936,6
1185519,3
1281431,3
1179460,1
1129945,1
1311951,1
1091861,6
1277748,1
1147897,6
1278168,1
1232920,1
1248656,1
1316732,3
1283177,4
1191127,3
1150232,7
1304715,4
1094577,1
1311691,6
1205974,4
1061952,3
1109126,3
1230717,5
1313883,6
1292134,4
1264021,6
1073742,2
1110993,6
1109161,6
1314876,1
1050978,1
1145245,4
1272365,3
1104227,5
1098902,6
1237490,5
1170809,4
1219582,4
1116669,3
1207896,4
1247014,6
1310025,6
1136478,4
1003328,4
1031643,3
1136272,5
1051776,1
1053107,6
1263299,5
1215614,5
1120564,3
1025518,6
1203899,3
1035844,4
1173265,4
1163777,6
1247245,5
1119295,2
1090036,6
1227423,4
1180155,5
1156379,5
1097855,6
1249714,1
1092936,4
1224565,6
1014137,1
1262089,5
1232097,6
1174682,3
1113863,3
1058340,5
1033899,4
1041945,6
1069607,5
1083601,1
1298234,4
1242089,4
1284271,1
1199601,1
1285575,4
1264893,6
1102982,1
1303477,5
1075701,4
1305033,5
1143564,3
1132530,4
1238974,5
1113161,6
1325168,6
1273885,6
1246660,2
1014883,6
1253889,4
1004808,1
1145980,5
1324360,4
1097287,1
1237208,5
1186457,6
1032476,4
1085398,5
1286303,3
1257257,5
1133672,1
1088950,3
1074787,3
1114247,6
1012608,6
1298787,4
1167719,1
1218867,5
1206020,6
1151660,3
1285411,5
1055742,1
1287562,6
1069871,4
1030475,6
1211367,6
1227433,6
1151281,4
1321514,5
1226841,4
1152886,4
1024114,2
1158157,4
1152137,4
1173375,1
1258796,4
1295309,4
1240869,4
1000064,3
1107824,6
1234280,5
1045850,6
1168455,5
1165804,5
1205309,4
1272467,4
1157957,3
1090046,6
1202378,3
1245619,5
1166298,6
1114582,3
1246112,4
1256215,3
1201743,1
1043046,6
1052676,6
1114651,3
1284123,4
1223142,3
1104380,6
1131467,1
1027866,4
1120688,1
1273187,5
1092307,3
1168090,5
1012369,4
1068763,3
1142067,3
1139033,6
1145692,4
1230274,6
1314628,1
1259744,4
1259762,1
1183921,3
1123569,3
1016608,3
1125009,4
1237581,3
1210193,3
1116747,5
1266188,3
1269408,3
1294864,1
1321523,4
1038751,1
1200929,3
1202078,5
1264973,6
1088298,4
1166946,3
1138848,6
1281159,6
1204020,3
1295768,1
1259704,4
1042380,3
1202975,6
1205199,1
1110388,4
1282349,3
1230423,6
1285222,5
1023027,6
1036195,3
1193415,4
1263043,3
1074936,4
1097537,6
1190465,5
1271260,4
1005237,4
1110424,4
1260060,6
1158852,4
1253618,4
1234181,6
1076886,3
1190639,1
1012038,5
1157207,6
1320998,4
1189795,3
1169077,3
1063948,4
1224346,4
1175040,4
1316470,6
1158005,4
1012706,4
1149687,5
1136181,6
1032141,6
1025933,6
1270628,4
1114761,4
1298392,3
1057647,1
1185384,1
1170884,4
1170685,6
1282969,5
1030132,4
1034737,4
1193147,4
1230913,4
1051086,3
1041393,6
1139743,6
1037839,6
1061063,3
1167986,5
1290324,6
1058743,6
1149767,5
1259789,6
1211716,3
1305816,3
1057304,4
1270116,6
1043710,4
1237215,1
1042519,4
1233119,3
1028514,4
1113949,3
1212037,6
1214514,4
1172274,6
1088546,3
1169013,3
1312898,6
1287059,5
1168485,3
1190527,4
1042536,6
1151927,1
1181508,3
1268744,3
1173172,6
1219596,3
1198681,1
1105693,6
1254290,5
1184953,3
1304137,4
1221472,6
1019475,5
1283135,6
1063625,4
1061065,3
1053475,4
1019299,5
1129525,5
1263095,6
1082833,5
1212796,1
1295683,3
1094316,1
1303744,6
1201121,6
1269239,3
1012396,4
1092287,6
1067410,2
1087774,3
1193063,4
1044864,5
1151080,4
1028221,6
1088427,4
1268885,6
1321626,3
1055489,3
1135163,5
1294188,6
1112539,5
1213621,1
1068513,5
1032848,3
1190968,4
1204589,3
1154941,3
1178341,5
1268542,3
1135988,1
1212141,6
1316932,5
1164738,6
1060498,3
1321028,6
1251546,4
1268259,4
1097768,3
1125904,6
1126456,6
1216746,5
1106606,4
1145906,1
1295737,4
1301583,6
1020700,6
1030116,1
1156764,6
1260794,4
1057742,5
1245787,4
1234595,5
1293868,6
1273863,6
1151886,3
1184864,5
1250839,5
1054564,3
1265691,4
1258824,1
1312475,5
1106670,1
1198179,6
1057689,4
1079545,3
1041867,5
1295187,4
1091129,3
1161614,1
1162840,6
1138624,6
1271930,5
1035751,5
1151586,1
1319023,6
1292740,4
1307968,5
1261613,3
1011664,6
1214938,6
1229162,1
1170104,6
1233164,4
1171482,3
1264127,2
1196006,5
1108004,6
1251103,4
1300245,4
1015679,3
1087094,3
1071055,6
1203233,3
1190784,4
1151344,6
1025260,4
1115882,3
1051733,6
1098741,5
1063164,6
1272920,2
1279076,5
1006352,6
1204528,6
1024043,4
1211021,6
1229109,3
1154052,3
1307942,5
1004864,4
1199070,4
1256180,3
1214942,1
1256154,1
1056469,3
1032019,6
1158479,4
1280825,6
1108254,3
1298773,6
1224992,6
1276462,3
1299988,4
1006797,1
1015234,5
1316425,6
1183133,5
1253584,5
1072310,3
1078883,3
1301683,3
1184496,4
1085579,3
1086971,3
1192275,1
1114235,4
1264733,4
1197825,1
1162006,4
1314079,5
1242444,3
1171449,5
1060000,3
1271833,3
1131546,3
1201097,1
1160958,1
1131580,6
1081999,1
1258485,1
1019361,1
1159911,4
1214028,1
1245693,1
1282651,5
1139595,3
1140369,3
1027264,1
1297202,6
1167428,5
1139620,3
1129364,6
1321301,3
1089711,5
1081861,4
1133788,1
1080909,6
1023921,4
1033076,4
1230051,4
1117253,3
1312079,3
1207605,3
1157007,6
1006715,1
1137575,4
1115776,5
1193159,3
1005073,4
1100931,5
1184393,3
1075886,4
1123792,6
1126252,3
1173862,6
1213445,6
1032521,3
1280149,4
1110765,4
1029607,4
1153413,3
1067521,5
1102011,5
1251928,6
1077364,1
1009031,1
1038070,6
1048501,4
1090100,6
1042755,6
1083534,1
1148787,5
1232349,3
1031929,4
1047276,1
1063445,4
1190844,6
1159898,4
1248491,6
1226553,5
1059756,5
1224660,6
1117820,5
1110539,6
1063317,1
1209791,3
1171653,6
1282180,6
1195931,1
1130702,1
1268562,4
1068532,6
1194165,6
1012431,4
1021127,4
1019673,6
1133451,6
1263167,1
1127680,1
1319513,4
1171967,4
1096852,5
1142132,6
1308558,3
1083290,3
1099471,4
1082523,6
1218542,3
1115593,2
1138704,4
1163926,6
1223620,3
1095306,3
1078793,4
1302857,1
1023462,6
1268748,4
1321713,5
1013837,5
1092776,3
1174139,5
1225818,3
1112755,5
1173944,4
1000126,5
1275160,3
1257234,6
1028123,5
1295031,3
1202309,4
1284744,1
1308701,5
1071560,5
1161469,4
1141261,3
1202783,3
1046788,3
1032191,4
1100689,4
1234708,4
1180434,1
1222379,4
1115407,3
1237239,3
1168257,6
1207208,5
1082973,3
1184455,6
1135913,7
1188217,4
1099810,4
1010294,1
1140554,5
1303195,4
1297812,3
1061326,5
1046944,6
1063036,3
1274569,6
1078605,4
1225759,4
1034070,3
1198341,3
1064214,2
1222495,1
1058120,5
1272304,1
1138369,6
1023514,1
1165870,4
1081393,1
1185749,3
1244524,5
1090595,3
1128777,4
1071788,6
1076233,5
1025187,5
1127728,6
1313000,1
1122925,4
1167928,3
1012146,3
1047044,3
1027359,4
1257051,3
1050590,6
1018734,6
1091339,4
1168857,5
1239733,1
1228252,1
1271865,4
1195432,6
1300960,5
1253455,7
1111393,3
1218599,5
1096610,4
1003083,6
1099944,4
1081168,3
1231960,1
1001052,6
1007148,6
1304661,6
1088766,3
1039148,4
1265189,4
1020427,6
1223997,5
1282154,3
1151609,4
1209601,5
1251536,4
1240265,6
1182407,5
1079778,6
1264376,6
1191375,6
1132966,3
1066995,4
1234167,5
1155154,5
1200885,6
1121316,6
1144649,5
1080801,5
1259877,3
1018370,6
1229823,5
1238041,5
1037857,4
1158622,4
1225275,5
1137929,6
1199725,4
1231671,1
1274150,3
1044893,4
1243654,4
1067780,3
1046554,6
1157424,4
1089151,1
1292968,4
1231343,4
1136671,6
1271464,5
1083927,4
1022532,5
1122267,1
1254995,6
1212346,3
1298128,4
1181392,3
1241012,6
1043373,6
1216605,3
1163349,4
1089781,2
1308173,5
1246060,6
1236208,3
1149193,4
1289754,3
1159176,6
1129082,4
1080418,6
1019643,6
1048996,4
1269718,4
1097790,3
1041846,4
1211706,5
1167050,4
1128376,6
1142007,1
1173489,4
1101537,6
1111953,6
1075909,3
1290384,5
1050728,6
1254900,4
1071047,1
1195781,1
1038146,6
1112349,6
1083984,3
1159178,3
1068258,3
1283174,4
1233829,6
1229667,1
1110859,3
1173044,1
1065529,4
1126499,1
1085803,1
1002924,6
1057550,6
1025488,1
1129881,5
1291879,6
1137559,6
1004067,3
1166717,4
1320747,3
1239082,3
1101229,4
1242049,5
1290956,3
1114744,3
1249380,5
1101931,6
1253906,4
1263148,4
1299348,3
1154271,5
1105008,1
1169913,1
1248655,3
1251214,5
1118728,6
1112580,5
1102299,6
1296095,5
1158045,6
1108786,3
1084469,5
1173703,4
1206757,5
1182699,1
1252704,1
1050649,4
1138368,4
1195868,6
1008026,4
1110124,4
1262000,5
1191900,5
1308873,4
1120705,5
1183243,6
1244017,5
1217534,4
1147232,3
1246779,5
1152949,3
1054933,5
1099526,6
1131062,3
1319746,5
1039378,3
1290431,3
1084843,6
1248905,6
1069851,6
1209161,3
1062018,3
1309545,3
1230593,4
1128099,6
1197282,5
1115810,4
1143857,5
1053735,5
1036691,6
1187297,5
1256132,1
1044641,6
1231039,6
1246246,4
1051015,3
1217113,1
1110969,4
1035837,6
1216205,3
1229122,1
1195769,1
1088619,6
1030066,6
1322487,3
1055599,3
1279608,4
1201727,1
1059245,3
1102849,4
1321664,6
1138853,4
1241866,4
1066781,1
1131833,4
1255897,3
1022534,3
1251972,4
1008076,4
1001398,6
1167257,6
1013870,6
1314908,6
1083775,4
1296792,4
1244020,4
1211525,5
1232612,3
1212692,3
1028041,5
1019910,4
1167342,5
1027143,4
1083663,5
1080908,4
1049385,6
1092644,5
1294435,3
1158860,6
1085821,4
1043872,6
1086365,6
1234141,6
1214131,6
1032608,1
1292479,6
1073227,6
1305196,3
1025568,4
1030147,4
1292156,3
1179943,5
1187279,4
1037044,3
1191009,6
1152331,4
1290271,6
1031820,6
1037238,5
1281394,1
1130744,6
1113363,4
1013037,4
1080542,6
1120380,3
1083351,5
1207799,1
1048851,4
1288251,3
1221528,6
1264412,4
1049799,1
1150393,6
1227701,4
1264540,5
1130720,4
1198010,4
1171477,5
1247829,6
1321440,4
1014645,6
1311782,3
1126825,6
1224897,5
1061684,6
1087842,3
1064621,4
1050506,3
1023464,5
1045072,3
1091349,1
1036523,6
1300491,3
1215895,5
1034583,3
1092503,3
1008651,3
1166341,5
1074494,6
1073811,4
1188256,6
1212756,4
1290933,3
1247640,3
1171913,1
1109074,6
1213905,4
1217180,3
1261026,4
1197307,4
1147500,1
1029008,3
1124136,4
1311610,1
1052876,4
1251974,5
1287107,6
1301700,5
1100278,6
1247811,6
1079006,3
1180317,5
1223988,4
1274165,5
1150682,6
1183646,3
1011297,6
1218278,4
1283401,5
1007618,3
1183866,3
1005720,6
1026090,3
1149429,3
1016220,3
1133433,4
1133269,5
1009715,4
1266736,6
1012375,5
1002049,6
1046006,4
1070865,3
1231059,5
1029791,3
1278912,3
1201686,1
1095506,4
1299818,6
1163867,3
1314855,6
1159290,1
1186513,3
1276504,3
1061983,3
1221490,1
1222708,5
1185202,3
1249269,5
1209966,6
1105313,6
1051085,4
1137882,4
1018787,5
1121016,3
1256504,3
1086323,1
1316675,6
1208306,2
1265923,6
1060410,3
1290517,3
1096175,3
1323482,5
1238377,5
1029004,6
1156693,1
1253437,4
1188933,6
1031396,1
1322290,6
1108027,5
1240571,6
1037881,6
1020796,3
1156292,3
1225823,4
1280180,6
1230058,3
1100791,5
1085926,3
1320811,4
1064409,3
1026998,3
1283671,5
1307106,6
1215211,4
1215092,1
1155458,6
1135553,4
1294095,3
1155673,5
1149523,6
1211204,5
1031209,1
1265646,4
1106995,4
1084163,6
1318404,6
1219718,1
1152307,3
1118357,4
1143248,1
1229763,1
1176805,1
1078394,3
1203252,3
1207023,6
1268860,3
1318766,3
1166678,6
1246278,3
1125314,4
1042809,6
1041189,5
1248600,5
1023947,1
1241023,4
1271125,4
1243994,4
1310322,5
1228289,5
1223929,6
1317434,3
1316703,5
1139564,4
1283541,6
1228114,1
1119359,5
1061062,6
1274274,5
1171538,6
1073872,1
1145094,4
1044427,3
1122366,6
1215076,3
1294725,3
1043435,6
1162445,6
1101819,6
1085073,6
1176148,5
1060708,4
1028638,3
1307719,6
1116928,4
1165685,5
1325220,3
1317178,6
1207166,6
1126964,6
1170491,5
1280218,6
1265660,3
1245302,6
1097435,6
1253202,1
1232379,3
1309057,4
1286945,4
1095789,3
1126311,6
1134680,1
1150832,6
1303471,1
1209388,5
1035692,3
1058862,1
1011054,6
1066502,1
1210780,6
1055000,4
1031522,3
1321699,4
1038130,6
1228572,4
1130625,5
1012166,1
1219015,3
1185575,1
1164487,5
1269132,4
1204447,3
1235595,4
1111173,5
1140774,4
1221142,5
1304063,3
1245040,4
1264492,6
1101456,5
1092044,6
1197890,6
1216198,1
1193230,6
1121319,5
1194052,6
1151650,4
1251057,3
1036242,6
1084733,5
1312847,5
1102091,6
1019068,6
1046358,3
1135137,6
1208986,6
1092876,6
1069117,3
1128915,4
1238650,1
1155051,3
1028951,6
1079201,3
1262481,4
1131035,4
1228370,3
1061708,3
1285892,6
1073798,3
1266786,4
1245722,5
1268063,4
1195945,1
1284110,3
1166227,6
1127987,6
1138005,6
1070501,3
1223364,4
1093487,5
1056621,5
1016449,6
1307163,6
1310817,4
1143720,6
1151869,6
1087032,1
1138498,4
1235168,3
1041722,6
1253495,4
1111616,4
1174108,5
1053704,4
1220253,5
1239214,1
1062628,4
1047959,3
1237767,4
1265193,3
1117899,1
1323127,4
1039261,5
1037211,6
1020197,4
1140770,6
1258509,1
1084110,6
1123449,4
1307326,3
1013062,5
1176293,6
1070599,3
1091484,3
1131864,6
1096323,6
1255413,3
1296726,3
1161265,4
1108875,1
1279815,3
1278383,6
1238411,4
1114625,6
1250051,4
1295322,4
1134797,1
1143521,6
1096704,4
1243430,1
1319750,3
1225340,6
1311285,6
1110747,4
1106967,4
1066206,1
1249901,3
1016925,5
1235597,1
1278031,5
1302937,1
1314458,4
1266053,4
1295762,5
1308769,4
1193665,1
1287447,3
1162233,3
1111145,4
1063078,4
1010722,4
1187551,6
1283825,1
1181777,1
1192040,5
1055524,6
1181973,4
1320723,1
1190090,1
1263898,1
1029046,3
1137248,4
1045694,1
1086491,4
1011239,5
1031583,6
1043257,6
1039874,1
1093617,4
1268856,6
1297559,5
1177869,6
1178549,4
1081938,4
1117155,6
1042908,3
1294123,4
1272934,4
1088798,1
1196588,6
1026926,4
1047388,6
1132945,4
1152707,3
1238162,3
1120588,4
1026685,6
1142346,4
1280497,1
1204938,3
1235543,4
1295776,3
1323939,3
1044774,1
1210786,5
1018678,5
1118272,6
1085053,5
1201038,3
1282719,3
1220599,5
1268009,3
1169616,5
1261981,3
1217036,3
1245300,6
1151259,4
1183765,3
1037899,1
1015956,4
1190050,6
1214649,1
1072183,3
1018675,6
1252372,3
1070266,1
1150644,4
1304515,4
1324281,4
1000383,6
1077161,6
1252367,5
1110131,6
1258661,5
1231967,5
1204590,6
1109417,5
1125951,5
1176543,4
1198798,4
1066351,4
1177636,4
1135061,4
1124062,4
1163229,6
1207972,3
1010751,5
1289184,1
1024835,3
1181786,4
1285866,6
1301396,3
1182002,4
1121200,4
1305677,6
1304093,6
1050849,3
1039630,3
1006129,6
1096339,1
1153336,3
1300348,6
1116484,5
1252272,3
1101091,1
1084709,5
1190668,4
1159001,1
1310677,5
1242094,5
1045502,4
1136453,6
1070380,3
1150133,6
1277762,1
1283083,4
1179197,6
1057440,4
1232964,6
1239826,3
1244937,6
1297643,4
1136728,4
1104832,1
1066221,3
1061158,6
1111794,3
1059865,4
1317246,3
1045947,3
1089185,3
1068112,3
1074898,4
1032385,4
1014980,5
1003136,4
1127290,3
1180567,4
1207364,4
1112984,3
1162681,3
1275202,3
1040201,4
1088807,6
1274622,4
1298094,4
1070084,4
1239232,3
1207780,1
1215760,4
1301632,4
1210557,1
1220951,4
1153964,6
1009618,6
1123567,6
1178065,3
1093890,5
1198103,4
1110305,3
1140128,3
1089515,4
1227396,4
1239766,5
1014701,1
1101643,1
1168941,3
1036308,3
1018178,1
1272355,3
1276032,5
1173875,4
1143652,3
1128982,4
1202627,4
1016972,4
1060828,5
1189874,6
1317744,3
1315630,3
1071085,4
1180051,3
1084342,3
1240944,5
1232947,4
1248009,1
1177925,3
1115963,6
1072652,1
1185599,4
1221512,6
1046592,6
1290717,6
1275111,5
1266871,4
1303812,1
1267437,3
1306677,4
1278226,6
1255688,4
1228709,1
1140402,6
1021002,4
1145836,4
1187679,4
1104106,3
1221917,6
1209868,3
1037902,6
1009333,3
1250992,4
1246116,5
1079601,3
1239984,1
1012115,4
1041424,4
1313540,6
1183589,4
1302027,5
1083514,4
1017170,6
1094450,4
1290204,4
1313602,3
1057166,6
1018138,1
1045514,5
1172961,4
1280291,4
1316315,6
1230130,4
1067034,6
1309300,3
1173821,3
1046883,4
1087500,4
1210538,6
1096825,1
1251629,6
1150094,3
1036853,6
1305447,1
1083962,3
1110812,4
1239129,4
1081059,4
1054672,3
1055623,1
1048457,4
1188794,3
1225673,6
1169618,4
1300122,3
1077709,6
1038185,6
1163757,3
1006329,5
1015073,3
1015997,4
1249997,4
1149123,3
1093021,3
1140191,5
1300669,6
1000251,6
1041049,5
1268867,4
1287986,6
1116996,1
1307647,5
1268275,1
1046499,6
1126554,6
1061083,1
1044495,3
1145660,3
1148267,6
1071203,6
1152352,6
1149119,4
1082037,5
1106612,4
1014203,1
1065186,3
1311274,4
1020558,6
1263971,1
1195117,4
1004923,6
1278406,1
1055836,6
1220650,6
1096619,4
1131924,2
1139054,4
1150451,3
1319342,4
1107543,6
1255948,6
1014312,3
1168897,3
1094066,6
1270427,3
1034474,5
1061432,1
1290922,5
1232391,4
1311201,6
1061387,4
1030025,4
1105743,3
1068192,4
1210313,1
1193072,5
1065114,1
1288059,1
1151620,3
1158429,5
1210889,1
1072748,3
1098015,4
1005565,5
1236856,4
1102841,3
1008554,1
1229682,1
1238993,4
1223441,4
1235750,1
1267741,4
1252936,4
1239760,5
1084748,6
1036601,4
1294364,4
1164577,5
1312842,6
1296352,3
1251281,5
1013957,4
1279502,1
1299873,5
1044073,3
1307349,3
1238556,5
1082888,3
1230400,3
1126221,4
1309141,6
1266579,3
1200442,3
1007186,1
1221780,2
1088389,3
1206007,4
1277272,6
1177437,3
1306868,6
1165962,6
1016188,4
1122108,1
1061182,1
1180854,6
1115282,4
1057136,3
1197270,1
1301865,6
1173230,6
1254241,4
1116914,3
1064991,6
1276845,5
1244878,1
1030270,5
1308191,5
1135822,3
1257674,3
1021242,5
1206623,6
1089080,4
1027420,4
1235255,6
1066020,6
1238258,5
1063432,5
1166710,4
1240573,4
1040110,1
1047090,2
1055009,4
1224453,5
1273786,6
1009425,6
1144716,4
1102905,4
1250380,3
1314293,5
1133787,6
1112853,4
1099918,4
1281103,4
1193212,1
1078667,1
1313102,6
1302036,3
1200471,3
1000938,3
1252566,6
1120279,4
1042029,3
1287852,3
1135709,3
1307545,3
1278823,1
1107922,4
1199767,6
1322798,6
1033674,6
1004908,3
1017323,4
1044939,3
1290125,6
1145587,5
1098873,4
1097417,1
1021353,6
1207598,4
1162718,4
1213200,6
1205852,4
1192586,4
1160951,4
1187158,6
1275984,4
1098713,1
1003871,5
1100388,5
1029625,6
1291913,3
1203867,3
1268664,5
1250459,4
1048277,3
1316128,1
1035523,3
1025650,5
1323478,3
1301813,3
1063882,1
1225979,4
1049398,6
1119643,6
1208497,6
1120174,4
1279411,3
1012402,5
1294767,3
1009800,4
1213610,1
1092984,5
1099678,4
1308932,5
1243286,5
1118729,6
1147892,1
1145611,3
1039028,3
1274249,3
1269721,5
1139438,6
1225288,3
1216042,4
1053555,1
1303749,6
1265143,6
1118494,6
1299538,3
1027869,3
1113923,4
1294829,4
1318939,6
1228523,3
1248841,6
1256567,4
1037308,6
1265509,6
1177851,4
1100783,3
1053158,3
1051577,3
1183559,4
1254970,7
1282625,6
1294680,3
1086066,6
1321641,5
1152189,3
1211464,1
1200272,4
1145641,4
1019772,4
1321393,4
1013857,4
1166570,4
1045604,5
1061750,6
1211274,4
1307727,5
1273005,6
1277670,3
1189506,3
1011950,4
1162848,1
1153159,4
1115044,1
1029033,4
1161819,3
1180657,5
1306975,3
1027320,3
1026036,6
1032255,4
1115375,3
1043065,5
1054727,4
1167261,1
1296306,6
1134824,1
1126032,4
1236608,5
1253199,3
1323911,3
1155584,1
1143916,5
1090496,5
1020526,6
1123996,5
1033973,6
1248024,4
1151984,6
1130500,3
1303381,6
1290279,4
1105789,4
1201728,3
1259741,4
1006199,6
1081503,6
1206262,3
1266317,6
1071247,6
1004084,2
1098951,5
1134061,4
1074285,3
1315899,4
1273868,1
1246330,4
1160059,6
1303675,6
1305833,1
1058377,4
1159991,6
1255959,3
1011216,5
1171159,1
1074296,4
1232545,6
1030276,5
1088422,3
1176183,4
1264901,4
1005409,3
1108074,6
1143553,6
1153961,4
1095959,4
1253002,1
1000666,1
1084758,6
1314294,4
1166203,1
1220762,3
1181544,6
1215344,3
1035329,3
1168126,4
1119985,4
1245653,3
1219807,4
1034722,4
1007733,4
1147879,5
1158965,1
1041118,3
1154364,1
1009089,4
1079331,6
1216101,4
1291428,6
1191492,3
1053457,1
1280676,6
1282468,5
1188489,3
1314563,3
1314353,6
1309086,3
1043212,2
1165661,3
1208701,3
1005296,4
1155410,3
1097241,5
1240786,4
1146171,6
1188850,1
1233144,6
1158234,4
1209819,6
1262567,4
1280513,3
1102723,4
1089124,6
1002068,4
1267037,6
1042573,3
1051159,3
1126049,5
1018451,5
1256383,4
1262065,3
1203920,3
1093033,3
1208149,3
1087034,3
1040314,3
1249775,5
1197763,4
1296036,5
1028347,3
1022442,4
1190767,6
1010902,3
1017693,1
1104021,3
1018744,1
1040445,4
1234239,3
1043686,3
1207708,3
1109585,5
1060637,6
1167369,3
1132497,4
1175277,6
1146065,3
1260808,4
1036264,1
1005070,1
1255570,4
1118985,1
1323387,6
1119537,6
1119008,3
1188038,6
1277164,4
1169627,6
1082822,3
1137667,3
1029457,4
1068122,6
1270389,5
1158143,4
1115427,4
1019994,5
1117283,3
1290808,1
1286599,4
1141435,1
1245237,5
1109796,3
1018161,6
1038956,1
1092467,6
1253284,1
1150771,5
1130410,4
1165924,5
1307990,1
1189244,1
1045841,1
1299150,4
1186885,5
1092155,3
1078996,3
1164180,5
1024179,6
1313124,3
1032768,4
1138200,4
1264371,4
1024709,4
1013920,3
1231075,4
1130220,1
1256479,3
1023153,6
1070466,4
1218023,3
1293888,3
1061856,5
1072261,1
1265869,3
1043034,3
1244776,4
1165301,5
1065323,6
1262049,6
1045122,3
1269663,4
1122529,4
1205538,3
1136490,6
1069132,6
1119316,4
1236395,6
1069385,3
1183517,1
1018310,2
1196180,3
1196711,3
1216762,6
1174114,3
1088755,6
1079633,1
1159796,4
1013771,5
1006301,6
1226774,4
1206929,6
1198051,1
1219157,4
1159000,5
1142389,5
1071828,6
1183499,6
1032392,5
1072715,5
1117409,4
1313872,3
1159063,3
1155759,1
1286881,6
1206031,3
1294145,3
1122594,1
1304634,6
1306953,4
1311030,3
1004064,5
1016956,6
1080717,3
1028414,4
1292965,4
1015190,6
1257169,6
1139978,5
1059521,6
1157955,5
1205214,3
1260541,4
1290492,6
1204596,6
1084383,4
1291375,1
1263235,5
1312454,3
1204372,4
1226111,4
1252701,4
1152706,6
1267137,6
1077629,3
1210636,5
1130300,3
1207128,6
1214782,4
1133030,3
1035744,4
1169267,4
1290052,3
1281287,1
1243579,6
1149150,1
1075789,4
1184534,6
1261578,4
1283810,3
1095847,6
1010494,5
1307308,3
1210796,4
1161625,5
1095051,4
1170958,3
1152259,3
1132909,4
1092691,6
1154048,3
1063124,6
1169136,5
1179661,3
1243580,4
1014115,6
1012909,6
1090623,5
1042678,4
1305670,6
1135947,6
1023293,3
1102740,4
1014824,1
1321074,3
1279831,4
1217285,4
1171156,3
1218486,3
1250605,6
1060107,6
1202077,3
1087813,3
1302134,6
1038336,1
1065719,5
1188045,6
1127412,4
1119396,3
1053170,3
1125178,1
1025601,4
1235996,5
1311277,1
1123214,6
1059106,4
1200854,4
1320611,3
1240344,3
1319552,4
1287525,5
1016575,5
1294049,3
1284775,3
1071544,3
1200342,6
1163406,3
1122154,6
1088251,6
1102053,3
1252098,4
1002865,5
1114869,1
1052078,4
1286304,6
1097012,4
1198018,3
1299678,3
1110944,3
1303724,5
1174826,3
1218693,4
1162344,2
1055355,4
1116751,3
1104866,6
1081084,6
1222575,5
1296437,3
1223011,5
1096989,3
1133284,6
1124638,3
1161415,4
1183909,5
1162176,1
1266082,6
1196868,6
1262110,6
1157473,4
1156899,3
1255577,1
1227349,5
1164302,6
1208269,6
1253150,3
1258093,4
1185233,6
1173124,3
1258317,6
1292712,1
1097011,1
1265098,6
1008902,1
1313897,4
1182901,5
1028991,5
1138734,4
1216570,4
1165324,3
1216770,4
1227546,5
1278288,4
1255089,3
1197036,3
1178493,6
1110163,3
1097438,6
1282073,5
1128772,6
1193468,6
1023962,6
1233503,3
1012927,3
1206458,1
1100779,6
1259504,5
1308783,5
1271857,2
1151335,4
1075036,3
1162757,6
1029410,6
1177282,3
1136133,1
1315250,4
1020140,3
1108573,1
1325434,3
1008903,6
1224054,1
1275873,6
1199453,5
1092823,1
1244973,1
1227489,6
1243372,4
1110778,4
1093216,6
1085342,6
1150439,4
1290891,4
1123908,4
1285547,4
1132240,6
1088850,6
1143845,4
1188826,3
1276085,6
1111566,4
1191661,5
1117381,3
1045132,4
1232029,4
1177391,3
1173395,4
1176758,3
1017723,5
1248359,5
1225990,4
1318472,1
1114807,1
1120982,4
1020986,1
1305932,4
1058052,5
1217769,1
1166866,4
1126977,1
1116778,3
1075095,4
1220561,1
1277235,1
1208484,3
1057146,6
1124751,4
1301566,6
1049612,4
1266963,3
1107936,5
1220131,3
1253520,4
1226678,4
1073450,4
1095610,4
1259570,5
1137996,3
1321986,2
1285325,4
1227312,3
1108510,4
1072777,4
1167936,5
1232049,6
1023958,3
1171480,6
1174586,6
1129776,4
1064100,3
1318411,6
1082729,5
1066277,6
1007362,1
1092401,1
1293983,4
1147844,6
1223327,3
1008130,2
1271404,4
1286245,6
1106028,4
1310836,3
1013004,3
1317927,5
1182031,6
1281069,6
1088534,5
1156555,4
1227574,4
1040307,3
1245046,1
1011775,3
1131234,1
1099277,4
1158352,1
1187772,5
1154794,6
1271686,1
1283984,6
1122642,5
1042405,2
1157324,5
1150857,1
1266688,3
1294624,6
1108227,6
1207471,1
1026428,3
1042872,6
1221320,1
1297927,3
1319565,3
1241990,5
1208283,5
1006549,4
1257636,4
1255891,4
1159919,1
1305409,3
1130963,3
1089584,5
1070264,1
1046407,4
1219176,1
1056366,6
1231931,4
1017912,6
1178308,1
1093846,4
1013948,3
1187888,5
1040697,1
1224099,4
1193237,5
1263533,4
1042018,1
1289801,5
1119023,3
1092476,4
1109254,3
1105101,5
1178997,4
1103560,6
1260298,4
1060394,5
1199726,5
1315039,5
1048251,3
1008177,3
1180852,5
1225830,6
1124821,6
1044217,4
1268780,6
1002224,4
1306615,4
1231696,1
1153397,1
1222079,3
1137002,1
1271131,5
1126426,4
1270083,3
1307466,5
1016189,6
1024943,6
1086965,6
1024123,3
1066551,6
1304965,5
1089441,4
1251494,4
1312693,6
1324700,3
1121329,3
1088185,6
1234163,5
1191070,4
1301232,3
1260397,3
1202822,6
1180220,3
1111408,5
1175533,4
1325810,4
1251131,5
1274401,6
1217887,3
1195523,6
1071090,6
1086426,6
1180036,1
1055843,5
1304389,3
1262138,3
1268171,1
1202327,3
1003690,6
1173390,5
1267955,6
1217028,4
1066662,3
1016860,5
1012962,3
1125846,3
1276330,3
1242830,4
1076650,4
1012338,1
1300384,3
1114950,4
1090427,3
1119279,4
1196189,5
1172856,3
1230554,3
1106257,3
1261595,3
1061641,5
1261287,3
1255232,6
1136138,6
1292393,4
1258846,6
1312380,1
1291849,5
1310226,6
1061878,1
1024499,4
1011738,5
1248847,1
1140730,1
1080392,6
1045135,5
1068671,6
1248537,4
1305636,3
1057212,4
1317659,1
1029292,3
1138875,1
1164882,6
1069441,4
1033192,5
1113256,5
1022579,3
1208493,4
1180734,6
1308889,3
1277461,3
1249996,3
1270287,5
1240379,4
1213017,3
1056301,5
1126410,4
1036710,6
1085516,1
1232755,4
1081467,3
1256710,6
1066688,2
1084999,5
1221365,5
1317466,3
1130994,2
1106616,6
1114800,3
1017843,4
1325738,5
1018556,4
1120005,3
1158080,3
1273929,3
1262916,3
1102605,3
1204100,3
1200331,1
1304865,4
1095340,6
1193678,6
1049264,6
1192964,4
1210599,5
1076300,5
1084294,4
1068855,5
1022213,5
1221608,5
1090555,4
1233199,5
1220730,5
1070420,5
1088591,1
1200826,2
1177948,6
1094852,4
1109867,3
1281715,1
1298465,6
1311849,4
1079906,3
1145733,4
1166670,3
1322442,5
1008134,1
1090856,3
1312513,4
1119989,3
1012180,3
1222278,3
1063608,5
1244625,6
1070912,5
1001583,4
1043969,3
1232607,3
1280092,4
1022981,3
1084094,5
1260725,5
1304897,3
1186205,6
1240019,1
1194840,5
1322822,5
1109057,4
1272412,6
1158857,5
1168253,4
1221680,3
1156677,1
1063241,2
1276568,1
1309456,3
1320050,3
1186063,6
1194904,4
1311507,6
1100813,4
1170527,1
1239545,5
1237494,5
1217383,6
1114283,5
1040046,4
1273348,3
1068374,5
1071645,5
1156698,3
1066117,6
1202908,1
1100562,3
1017461,6
1166076,6
1235538,5
1044604,6
1205084,3
1135569,3
1149317,3
1307645,6
1056218,6
1158121,1
1102660,6
1156824,5
1154229,3
1151156,1
1280815,1
1217310,4
1128356,6
1196302,5
1185588,3
1291174,6
1093920,6
1185834,1
1173892,1
1177981,6
1281596,1
1280202,1
1161137,1
1280328,1
1075197,4
1228926,5
1075334,4
1288130,6
1315347,6
1183497,6
1148492,6
1283787,6
1122558,3
1114571,6
1029160,3
1085202,6
1103926,3
1245622,6
1132490,6
1208498,1
1057036,3
1268026,4
1188244,4
1082215,3
1320812,3
1195790,5
1030941,1
1309913,6
1082103,1
1207931,6
1165642,4
1201263,4
1064148,6
1301018,3
1127733,5
1036906,1
1273525,1
1158627,1
1301783,6
1313460,3
1264154,1
1112964,6
1139803,2
1128562,6
1114679,5
1007775,3
1318951,4
1111786,1
1302650,4
1151298,6
1053402,5
1296707,5
1316117,3
1017044,4
1114506,1
1171461,1
1054304,4
1248625,3
1132221,1
1141324,6
1099767,5
1325406,4
1251645,5
1096631,3
1269699,4
1105440,3
1278591,1
1212942,3
1056916,6
1143484,4
1153071,1
1208343,6
1305512,1
1216467,4
1218611,4
1128129,1
1298552,3
1171429,3
1301538,3
1177686,5
1109583,3
1102100,3
1074068,4
1081715,6
1166860,4
1055745,3
1304812,4
1126323,4
1224426,3
1291802,1
1179186,6
1065842,4
1055740,6
1306659,3
1018998,4
1140885,1
1085025,6
1184391,4
1196049,5
1146617,6
1281774,6
1092955,3
1082640,4
1315870,6
1154854,3
1271410,6
1104799,3
1254753,4
1061078,6
1060066,6
1226946,6
1274920,5
1287505,4
1259118,5
1217734,4
1235430,3
1117720,4
1230676,4
1287794,1
1177306,4
1181003,4
1042977,4
1313857,4
1223149,3
1107927,6
1028557,6
1241611,3
1058648,5
1241181,5
1152611,6
1092914,3
1130441,5
1020301,3
1187301,4
1312349,4
1095810,4
1193330,4
1042969,6
1234505,1
1282452,4
1291030,1
1273465,1
1267563,3
1133316,3
1072219,4
1136457,3
1210338,3
1128553,4
1122158,3
1302211,3
1252711,4
1182592,6
1314193,6
1319561,3
1077608,5
1023888,6
1053024,4
1011853,6
1061424,3
1080541,5
1204583,3
1126181,5
1117750,6
1293070,5
1313670,1
1074928,4
1199078,6
1198686,4
1207797,5
1152332,4
1306278,4
1005429,6
1196970,1
1062980,6
1214891,3
1183500,3
1083540,1
1252076,3
1211036,6
1282444,5
1181339,1
1219380,4
1059715,6
1218433,3
1258711,3
1104132,3
1290817,4
1267118,6
1072609,1
1280726,6
1322067,4
1262416,5
1118303,4
1149201,4
1003513,6
1139947,3
1021321,3
1111469,4
1183776,1
1179547,5
1307089,3
1202216,3
1293925,3
1172535,6
1020488,3
1108139,6
1079132,5
1011671,6
1140650,1
1014254,6
1206403,5
1164955,4
1296448,4
1014771,3
1145648,1
1042584,1
1102438,1
1135029,5
1028419,4
1290683,6
1204816,1
1218642,4
1004877,6
1165061,4
1025006,4
1155596,1
1037998,6
1015448,1
1015593,6
1066512,6
1212691,6
1048045,4
1010629,3
1322502,3
1042285,6
1230469,6
1040664,2
1106385,3
1131209,6
1144975,5
1057266,3
1196791,3
1108702,6
1106424,3
1236584,6
1117522,1
1231473,6
1287351,3
1115215,5
1249328,4
1214431,3
1225024,6
1202410,3
1322206,1
1218861,3
1297166,3
1186833,6
1146020,4
1151499,5
1242782,5
1199353,1
1078072,1
1002862,3
1034820,6
1292376,6
1195361,4
1196951,5
1036829,5
1192303,3
1057404,3
1028547,3
1238333,3
1027797,6
1060340,3
1127141,6
1250631,6
1096038,6
1091878,4
1149170,1
1105230,4
1071942,4
1255976,4
1235691,3
1015221,3
1248183,4
1175803,1
1139613,3
1303255,6
1207439,2
1002380,4
1035850,3
1276076,4
1090690,5
1022566,5
1182207,4
1056954,3
1174321,4
1078831,4
1094082,5
1301821,3
1229872,4
1173994,3
1224815,6
1208115,5
1134468,3
1201779,6
1095618,4
1320663,1
1204708,4
1094119,1
1114860,7
1046390,5
1077920,3
1261314,3
1025157,5
1132085,3
1105670,6
1178021,3
1027060,4
1187756,6
1228826,6
1205486,4
1200574,4
1023180,3
1086587,6
1253330,4
1153641,4
1032518,6
1174244,5
1070486,3
1320292,4
1275712,6
1171382,6
1170713,6
1116931,3
1051340,4
1291151,4
1323301,1
1061807,1
1318824,3
1237719,5
1026531,4
1032086,4
1272259,5
1256253,6
1248015,6
1141027,1
1137699,3
1166973,5
1154134,6
1280846,4
1295932,4
1169031,6
1210359,6
1085162,6
1205046,1
1118576,6
1308460,3
1078198,4
1086983,3
1259225,6
1184518,2
1026228,4
1173975,3
1198670,5
1244398,6
1129485,3
1001978,1
1231221,5
1133645,4
1060946,1
1305770,4
1152395,6
1002742,6
1240580,4
1114473,6
1011504,4
1187017,5
1158510,6
1251816,3
1118291,4
1221295,6
1055153,4
1282477,6
1213856,5
1238756,4
1117437,4
1240511,6
1034987,3
1256010,4
1065483,5
1253862,5
1031594,4
1024946,4
1292942,3
1174101,6
1236621,5
1206375,1
1149822,6
1076507,3
1296868,3
1223440,4
1121622,6
1229094,3
1147463,1
1115107,6
1118082,6
1111462,4
1173747,1
1049591,3
1082499,4
1150491,5
1189889,3
1100467,4
1179462,6
1194220,6
1222203,3
1165805,5
1242431,3
1175920,6
1066884,4
1320189,6
1216726,6
1100812,3
1130113,4
1159446,4
1311244,5
1239124,6
1075226,1
1172018,6
1170712,3
1229170,3
1227308,4
1185232,3
1273510,6
1239423,6
1064333,5
1173625,3
1224433,5
1310030,5
1183895,3
1156422,3
1214166,4
1174791,5
1058437,4
1307278,5
1322209,6
1310928,6
1294803,4
1073962,3
1205058,3
1174363,3
1045348,2
1261427,4
1026114,4
1082560,3
1323965,5
1156997,5
1109447,4
1201999,5
1086011,3
1047774,6
1258980,3
1270046,4
1165387,4
1292532,6
1169493,5
1208404,5
1095957,4
1281141,6
1068481,4
1049702,3
1194864,4
1149698,6
1126091,1
1310478,4
1153437,4
1232194,5
1167304,3
1277140,1
1080504,6
1021038,4
1027858,3
1053285,4
1130675,6
1097603,1
1155405,4
1319955,4
1305314,3
1183549,3
1316070,4
1088938,3
1100951,5
1200545,3
1132377,4
1289410,4
1085956,5
1160607,5
1104585,5
1250752,6
1193836,5
1166816,5
1215399,2
1222706,6
1010970,4
1229226,6
1161316,5
1284916,7
1081857,5
1286185,6
1077336,5
1048433,4
1051532,6
1261327,3
1045802,5
1047613,6
1233735,6
1134528,3
1324652,5
1148971,6
1055480,5
1280470,3
1070074,6
1067584,6
1153750,4
1115756,6
1159268,5
1236789,5
1264416,5
1227786,3
1072750,3
1245494,2
1136754,1
1303318,3
1107853,3
1234795,6
1308632,3
1134898,6
1078376,3
1233661,6
1078128,6
1192520,1
1259343,6
1095313,4
1224853,6
1064677,5
1068351,3
1237936,1
1086322,1
1159376,3
1216869,3
1309178,3
1179531,2
1319415,6
1026661,3
1178807,1
1242242,6
1117047,4
1324996,6
1061950,3
1158084,3
1092990,3
1019096,3
1170843,5
1167376,3
1102260,5
1056089,1
1158282,3
1029351,1
1252002,3
1064351,3
1126234,6
1225747,5
1161875,5
1040880,4
1303906,5
1174811,3
1108972,4
1088792,5
1016780,4
1245299,4
1117149,6
1088778,3
1293152,3
1293053,4
1169033,6
1145452,5
1168270,3
1312127,4
1133329,3
1187065,6
1041131,4
1212432,6
1166513,1
1023001,1
1138608,3
1065545,5
1174486,4
1321194,3
1094575,4
1025250,4
1167585,6
1309833,3
1249965,6
1324072,5
1098126,3
1173478,1
1019177,6
1054435,6
1220404,4
1107293,6
1130802,3
1264066,6
1209330,4
1057437,4
1217433,1
1128130,4
1003162,6
1203869,3
1191681,5
1017346,6
1034601,6
1068198,4
1078088,3
1218379,1
1291008,1
1117733,6
1177289,6
1069184,6
1300553,6
1028760,5
1324361,6
1235298,3
1064188,5
1184710,5
1307958,6
1094537,3
1196290,1
1180828,1
1121191,4
1211403,3
1269115,4
1260969,3
1167793,3
1156558,5
1042838,4
1035832,3
1019095,3
1018343,4
1286774,6
1115329,5
1277430,4
1212419,4
1214802,4
1263276,4
1202497,6
1076602,5
1022493,6
1018419,6
1253798,6
1046884,5
1258970,6
1253307,4
1019449,5
1048596,4
1057321,1
1318853,3
1317232,3
1130201,6
1310857,4
1116103,1
1314629,4
1008372,3
1098456,4
1078373,4
1082534,1
1175670,3
1189611,3
1322886,3
1188726,3
1178449,1
1166330,4
1265700,3
1308718,4
1322831,6
1268510,1
1280213,3
1069125,3
1067305,6
1226498,3
1140784,6
1205150,6
1023327,3
1161266,6
1300983,4
1272925,3
1149758,3
1168880,3
1073842,1
1119368,6
1257085,6
1042446,1
1196200,6
1325801,3
1063474,6
1026996,6
1120907,1
1239888,3
1169737,5
1202736,4
1089783,1
1114856,3
1215152,3
1309148,5
1282791,4
1298911,1
1153559,3
1277694,1
1132088,6
1048170,5
1197433,3
1063049,1
1077181,6
1114696,6
1301196,5
1132325,3
1098661,6
1106161,1
1247859,6
1065850,4
1316485,1
1173515,3
1268048,3
1202797,4
1018690,5
1245151,6
1298531,4
1322496,6
1113952,1
1107622,3
1145977,4
1107112,4
1298629,3
1028587,2
1222686,6
1236128,1
1119639,3
1210819,3
1161040,5
1306643,1
1237026,6
1142203,1
1119658,5
1202744,4
1091483,6
1323972,6
1073673,4
1268355,3
1159877,5
1310764,6
1312867,4
1280600,3
1278136,3
1199269,4
1075200,1
1246985,6
1020200,3
1060969,4
1155680,4
1221861,5
1150818,4
1178134,3
1273588,5
1049200,4
1153848,3
1158164,3
1041715,3
1201833,6
1291142,6
1278339,6
1094957,4
1126194,3
1024725,1
1283701,1
1066967,6
1290746,4
1071444,4
1029579,6
1026539,3
1312197,5
1029263,3
1012781,3
1019477,6
1158187,4
1322270,3
1134224,4
1037454,6
1029931,4
1032045,6
1088026,5
1046757,4
1177946,6
1018105,4
1133572,4
1277931,4
1158849,6
1121428,3
1244392,5
1239905,6
1103244,6
1274560,6
1076835,4
1300343,5
1018901,6
1156809,3
1277303,3
1281497,3
1249791,6
1049274,4
1214679,6
1295158,3
1270092,3
1158847,6
1279798,6
1178810,4
1125881,4
1187233,3
1325675,5
1310915,6
1307489,3
1199924,6
1123389,4
1304359,6
1268298,5
1015998,1
1007289,4
1015952,6
1000477,4
1158317,4
1172611,3
1155897,3
1001942,6
1003000,4
1094842,4
1218569,6
1048072,6
1102154,6
1156606,6
1242476,5
1016326,3
1135115,4
1300685,6
1151450,4
1223242,5
1237394,4
1087760,4
1267021,6
1281155,4
1116454,1
1241583,1
1275495,5
1008676,1
1240480,4
1263781,6
1078911,1
1202351,1
1062950,3
1175647,6
1244750,5
1056965,6
1246051,1
1240750,6
1278947,6
1066916,1
1124474,4
1011029,4
1267161,1
1065434,3
1090263,6
1236944,3
1028003,4
1254706,2
1192316,4
1109640,5
1140426,6
1029511,6
1178885,3
1124663,3
1285467,4
1020203,4
1205954,3
1146926,3
1091045,6
1019927,4
1089263,5
1273651,3
1060800,6
1011988,4
1075375,6
1259796,1
1117998,6
1281116,4
1133298,4
1184487,4
1321751,7
1082963,6
1225980,4
1188671,5
1211918,3
1018562,4
1226759,5
1195072,1
1165520,6
1020318,5
1051516,4
1284061,4
1301968,4
1052935,5
1185140,6
1160317,3
1121765,6
1289045,3
1302623,5
1130022,3
1024015,6
1159579,3
1062120,4
1214922,3
1266470,3
1202513,3
1040716,4
1049454,3
1236971,5
1136002,3
1071637,4
1007297,1
1139517,5
1196017,6
1231933,1
1259403,4
1171113,4
1183791,3
1104828,5
1245817,3
1150216,3
1118463,6
1249379,3
1250414,3
1086664,6
1002078,5
1322600,4
1066937,3
1241693,4
1235541,4
1316803,6
1219811,3
1325264,4
1281137,4
1014656,3
1269766,5
1144745,5
1015610,2
1068353,6
1234159,5
1304782,4
1305844,6
1040864,4
1188678,1
1239667,5
1025698,4
1040430,3
1070099,5
1176334,3
1278085,3
1295009,3
1189536,1
1055419,3
1206683,5
1176762,2
1060040,3
1279344,1
1127078,4
1075821,6
1230960,3
1256297,1
1123960,4
1073298,3
1295142,3
1106102,6
1103565,6
1048854,6
1297825,3
1135933,3
1108016,3
1048648,4
1111114,4
1242927,4
1064339,3
1323391,4
1220191,4
1053144,3
1139932,6
1055738,3
1180741,5
1074873,6
1095595,5
1039930,5
1000905,1
1223347,3
1088043,5
1039697,1
1275441,3
1043909,1
1203972,5
1044486,5
1019354,1
1246273,1
1291595,4
1097821,4
1152373,3
1085404,1
1219521,4
1322741,5
1152494,3
1221747,3
1172864,3
1305390,3
1029897,4
1258465,1
1144848,3
1202617,4
1260204,4
1007266,3
1297602,5
1117804,5
1071652,4
1101322,4
1031876,6
1091163,6
1035633,3
1270315,6
1228703,4
1304441,1
1127584,4
1190416,1
1256096,3
1209260,6
1217664,5
1122848,3
1017839,6
1169210,3
1089954,1
1126934,3
1270964,1
1053701,3
1061824,6
1075951,5
1205255,3
1250284,3
1107054,3
1089162,3
1121814,3
1195566,4
1188734,5
1214572,4
1193942,2
1303495,5
1095457,6
1161887,3
1034432,3
1155913,6
1064581,3
1045606,4
1305044,1
1063540,6
1055126,4
1298907,4
1155647,1
1237599,5
1277509,3
1247931,1
1244844,6
1229305,4
1257533,5
1060164,3
1257393,4
1159907,3
1149268,4
1318819,5
1146448,5
1058773,5
1041374,1
1165337,5
1104234,6
1099591,1
1147902,1
1055336,6
1288475,6
1115281,6
1129912,5
1231355,6
1110104,6
1044820,1
1255286,3
1305120,4
1129240,3
1239086,3
1027522,3
1307123,5
1276828,1
1042665,1
1047212,4
1161041,6
1060968,3
1247739,3
1069820,3
1229822,1
1112454,4
1111902,4
1222731,5
1246497,7
1232620,6
1221442,4
1209247,3
1053048,6
1283903,3
1104492,4
1177202,5
1002113,3
1150310,4
1110400,3
1216658,6
1144788,3
1123098,5
1144616,5
1227338,6
1008449,6
1173901,3
1132929,1
1029387,4
1253227,6
1102956,6
1234037,6
1173336,5
1068034,5
1000316,3
1212536,5
1318289,4
1089805,1
1252675,3
1116810,4
1051393,4
1111372,1
1103319,4
1061646,6
1143847,6
1153087,4
1064340,6
1275689,4
1127386,5
1019926,5
1030067,5
1246339,5
1278437,6
1322167,3
1224821,6
1150724,4
1237434,3
1313660,4
1097129,4
1146358,4
1039752,6
1238003,4
1236514,6
1265681,3
1143676,6
1110019,1
1295483,3
1088834,6
1158245,3
1097569,5
1076253,3
1318668,5
1045000,4
1125850,6
1263257,4
1322976,3
1200420,3
1189003,4
1273406,3
1257066,5
1280737,4
1005543,6
1291890,1
1318166,6
1313634,4
1197782,6
1281469,1
1315215,6
1080547,3
1120362,4
1038555,4
1284607,4
1155583,4
1058937,6
1148567,5
1151924,4
1066718,3
1165917,6
1060769,4
1044707,1
1268633,6
1060122,4
1122478,1
1289246,6
1167878,3
1198333,3
1305010,6
1286832,3
1054092,4
1016227,5
1279511,4
1150427,1
1040495,3
1150998,1
1234035,4
1156339,3
1020634,3
1008135,6
1204465,6
1159499,5
1084230,5
1109050,4
1164061,5
1286039,3
1104500,4
1252154,6
1195127,3
1309606,6
1274333,3
1076997,3
1318162,5
1073658,3
1258563,5
1254803,1
1187054,4
1039418,3
1086015,5
1185339,5
1316779,5
1106392,4
1050261,6
1027504,1
1027309,5
1136988,4
1088970,4
1082389,6
1089601,3
1195538,6
1146436,4
1100755,4
1176216,4
1012532,5
1017743,4
1226148,6
1134841,1
1193209,3
1223499,4
1178953,4
1155806,4
1272624,5
1271510,5
1140515,4
1159222,4
1280064,1
1024456,4
1090958,6
1222065,3
1160478,3
1291159,5
1300639,4
1181545,6
1068781,5
1189949,6
1176082,5
1299881,5
1222626,6
1024954,3
1110489,4
1202632,5
1209880,4
1178986,4
1270536,4
1206719,5
1059681,3
1253377,1
1023931,6
1258278,4
1167937,3
1202398,5
1270830,4
1075321,4
1179484,3
1000216,3
1127178,1
1029830,3
1172177,3
1127321,1
1165658,1
1279939,5
1140564,5
1053753,6
1310479,1
1090759,6
1319987,3
1250403,4
1309361,3
1226548,6
1259283,4
1183488,6
1132846,5
1157181,6
1283267,1
1100233,3
1158413,3
1023109,5
1202214,1
1253872,5
1279844,6
1279778,6
1233668,6
1165606,4
1047612,5
1084043,4
1082926,3
1325713,3
1160594,6
1024808,4
1076711,6
1323296,6
1168832,1
1275225,1
1170735,4
1036394,2
1112862,6
1232510,3
1180825,4
1110926,4
1167378,4
1295976,1
1312431,4
1145789,5
1189058,6
1068319,4
1274578,6
1273871,6
1188922,5
1234776,5
1029979,3
1026262,3
1135619,4
1087402,6
1228586,6
1044912,3
1062781,4
1239308,5
1303541,4
1291488,4
1323554,5
1135202,1
1107047,6
1137506,6
1313649,5
1320752,5
1160143,1
1168836,6
1270138,3
1299325,4
1053569,4
1194497,3
1127556,1
1184116,5
1296601,1
1067296,3
1159219,2
1004488,4
1080469,5
1213130,5
1280770,6
1242404,6
1292178,6
1301984,3
1066225,3
1111348,6
1310802,6
1051760,4
1120323,5
1155205,4
1296770,5
1289620,4
1183794,6
1225430,1
1320008,3
1241618,4
1148410,4
1244381,5
1264631,3
1266976,4
1063205,6
1173616,6
1038836,4
1180282,5
1116037,3
1025151,3
1005271,3
1069795,1
1200656,6
1182416,6
1246548,4
1271150,1
1183591,4
1188090,4
1054897,4
1280035,3
1184703,3
1205567,4
1157127,3
1072556,5
1197749,6
1325039,3
1049672,5
1157243,6
1245422,4
1040549,3
1310689,6
1312607,3
1009000,4
1182665,6
1132036,6
1133977,6
1273951,6
1203865,3
1194279,3
1213220,6
1250368,6
1260750,6
1309873,5
1025445,6
1060895,2
1138296,3
1172751,5
1080953,6
1065020,1
1317740,3
1076279,1
1072154,3
1246303,5
1252865,5
1221415,4
1160015,3
1131898,6
1147143,3
1153775,6
1212514,6
1238869,6
1205801,3
1021307,4
1207677,3
1126723,5
1199724,3
1261906,6
1068295,6
1226088,3
1082400,6
1138880,4
1110538,3
1118423,1
1072090,1
1154709,3
1076373,3
1225589,4
1153254,6
1155748,5
1259640,3
1238627,3
1025540,5
1033494,6
1182798,5
1325187,1
1051355,3
1186596,4
1297334,1
1049273,6
1188935,6
1289900,3
1125603,5
1117991,3
1059843,4
1165232,3
1043556,3
1065800,1
1004240,6
1086236,6
1114123,4
1254785,1
1262678,5
1235406,4
1027144,5
1272778,6
1219321,4
1008923,6
1237469,4
1197130,5
1163640,6
1159029,6
1309043,3
1002329,5
1311797,2
1228678,4
1052014,6
1245081,4
1273682,6
1038654,6
1294399,6
1297770,6
1269971,6
1201357,5
1129363,3
1305028,6
1038440,4
1101893,6
1197775,1
1188296,4
1265236,5
1145986,3
1268832,6
1232973,6
1113733,5
1138805,6
1274563,6
1233438,3
1048117,6
1113078,6
1012915,1
1037312,3
1119843,6
1145914,6
1259390,6
1297522,4
1303123,6
1019159,6
1056669,4
1290551,1
1010489,4
1214848,6
1188615,4
1179729,4
1235267,6
1197062,3
1301595,5
1213789,5
1083225,6
1124354,1
1041196,4
1088901,5
1196858,4
1014207,4
1052162,6
1161605,6
1171806,3
1060707,4
1043863,4
1305301,3
1259761,1
1249694,2
1072601,4
1229085,1
1304998,4
1108740,5
1016550,3
1192243,6
1199267,2
1148915,1
1307323,1
1291418,5
1113859,3
1269399,5
1043839,6
1116300,6
1252317,6
1228713,3
1172364,3
1286897,4
1078421,4
1103051,3
1275587,6
1310727,1
1173650,1
1017721,6
1145585,4
1057265,3
1127191,5
1084792,6
1081359,3
1197980,3
1188713,4
1281423,4
1011994,1
1283076,5
1242992,6
1170773,4
1128358,5
1058231,6
1240475,6
1323014,3
1324863,3
1113302,6
1050958,4
1207705,1
1107723,3
1075742,1
1117636,6
1203517,3
1039481,6
1289549,3
1156713,3
1237405,3
1072469,1
1103254,5
1134727,3
1313157,5
1143532,6
1258004,6
1242412,6
1301708,5
1169287,5
1059058,1
1304946,4
1153995,5
1298311,6
1253345,6
1131487,6
1137643,2
1203510,3
1233369,6
1276443,3
1135280,6
1243536,6
1071994,5
1035783,3
1292560,6
1298765,5
1103040,6
1208128,4
1191642,1
1187585,5
1201959,6
1076051,1
1196599,3
1320206,6
1122598,3
1195979,6
1304503,3
1209709,3
1056272,6
1031537,1
1002768,6
1136196,4
1091411,5
1241910,1
1022376,6
1166309,6
1019111,5
1189722,3
1295117,3
1039232,3
1233201,5
1258368,5
1131181,1
1051768,4
1279925,6
1060244,4
1325729,3
1143246,4
1325514,6
1240085,1
1258327,4
1010414,4
1054356,1
1170982,6
1078802,3
1112607,5
1264690,6
1085963,3
1306480,5
1236750,3
1167422,4
1237814,5
1186181,5
1142971,5
1086519,5
1056981,6
1275464,4
1131570,6
1227430,6
1313314,4
1009471,5
1252382,6
1023651,3
1280607,4
1285329,4
1030940,6
1029317,1
1123201,4
1218182,3
1246730,3
1015423,6
1088024,1
1113200,6
1307851,6
1235468,4
1245781,4
1258179,5
1088368,6
1129888,6
1029225,3
1268998,6
1309811,3
1105542,1
1112294,3
1149311,3
1136214,5
1246775,4
1077615,3
1121241,6
1202773,3
1092254,5
1101846,6
1115670,4
1220848,5
1125648,4
1184858,3
1240501,6
1225504,1
1250954,1
1218571,4
1275720,4
1046410,5
1005625,4
1200578,6
1061711,4
1013098,6
1176671,4
1142749,6
1129794,4
1280783,3
1079261,4
1130430,6
1078327,5
1047425,5
1093977,4
1049856,3
1279658,1
1252044,3
1131673,6
1138260,4
1041845,6
1294796,4
1246292,4
1053998,5
1129440,4
1040213,4
1312109,4
1207739,3
1032721,3
1254952,6
1264201,4
1033326,3
1318264,3
1314362,4
1160548,3
1311095,5
1079612,3
1104164,6
1259535,1
1235900,5
1016102,4
1115169,5
1273085,4
1002619,3
1260162,6
1197157,4
1168450,3
1278025,6
1139295,1
1144478,4
1012499,4
1191283,6
1211407,1
1239092,4
1272536,3
1032315,1
1204116,1
1323467,4
1258541,3
1325667,3
1181330,6
1218019,5
1265379,1
1023666,5
1126402,1
1184048,5
1276045,3
1104351,6
1178331,6
1287846,5
1137534,3
1174317,3
1018757,1
1245008,1
1295499,5
1064224,3
1022738,6
1072014,6
1261229,3
1088061,5
1269220,3
1238593,4
1276865,4
1226604,4
1312934,5
1161471,4
1129623,5
1195940,4
1261282,4
1306507,4
1157077,4
1235459,3
1179322,3
1135756,3
1053836,6
1314552,4
1036138,3
1131119,5
1214595,4
1292224,3
1253804,1
1226402,4
1102141,6
1075305,4
1262933,3
1014045,6
1173343,6
1184651,4
1041959,4
1184587,5
1179116,4
1269744,6
1150577,3
1260050,3
1103941,6
1175737,5
1318571,3
1057529,6
1102081,3
1018986,5
1253738,3
1006668,3
1111860,4
1221881,3
1143870,5
1242849,6
1156593,3
1147497,3
1140949,4
1084290,1
1151981,4
1293303,1
1324254,6
1101373,3
1039649,3
1312149,6
1003880,4
1180137,5
1282800,5
1168296,1
1094716,4
1021951,3
1138024,1
1018229,1
1002447,1
1161623,3
1232507,1
1027507,6
1141675,6
1273549,4
1082942,5
1015267,4
1084993,6
1135921,6
1284470,3
1091471,6
1005909,6
1322228,6
1239306,6
1201944,3
1104746,5
1194106,4
1204968,4
1188548,6
1051645,1
1018360,1
1275668,6
1007299,6
1254215,4
1311598,4
1233814,4
1278182,5
1163976,5
1223652,6
1026544,6
1224674,3
1248463,4
1098379,4
1215468,6
1117034,3
1100769,1
1283380,4
1233785,6
1164893,5
1277583,3
1058108,6
1124515,5
1090261,1
1308188,6
1040232,5
1121285,6
1248497,6
1293389,6
1294993,6
1046109,5
1317303,6
1012919,3
1126893,6
1307350,6
1058116,4
1264692,4
1279161,3
1047988,1
1264749,3
1072316,4
1175458,1
1175039,6
1286947,5
1282720,1
1078351,3
1199673,6
1282120,6
1152149,3
1146368,5
1089566,6
1132568,6
1150363,3
1218926,4
1239633,4
1160367,3
1132862,6
1179823,3
1157757,3
1096076,3
1305700,5
1106069,5
1174554,3
1185004,6
1105247,5
1261185,4
1063823,3
1187399,6
1147462,6
1317951,5
1318779,1
1170751,6
1232144,5
1143310,6
1079863,4
1127737,4
1206209,3
1059837,4
1279768,3
1196415,3
1110724,4
1024346,6
1256349,4
1088291,4
1196478,5
1015217,4
1094873,3
1124717,3
1065079,6
1229147,5
1200216,3
1255229,3
1023164,4
1083964,5
1199146,6
1184934,3
1266483,5
1012472,4
1308237,5
1035974,3
1131602,3
1016505,4
1250628,1
1313220,4
1325027,5
1246661,1
1058074,3
1143378,6
1123572,6
1298266,6
1297324,6
1040496,6
1120340,4
1190815,6
1062561,3
1012632,4
1180053,1
1240075,5
1120654,4
1168925,4
1287038,3
1291029,6
1260724,5
1015917,4
1282245,4
1246571,3
1191213,4
1289362,2
1305783,3
1322027,3
1092739,3
1073120,1
1035835,1
1023794,6
1231435,3
1291238,3
1238131,6
1015272,5
1134219,1
1172639,4
1261860,6
1028506,3
1269659,4
1172811,4
1097572,4
1224983,4
1193240,5
1132972,3
1214406,1
1085794,6
1254334,2
1202146,3
1025996,6
1307493,4
1319625,6
1185861,6
1123641,6
1163848,6
1141991,5
1009163,1
1162124,6
1006957,6
1249781,4
1066152,4
1296572,5
1067401,6
1300630,1
1177935,6
1296058,6
1057789,3
1107638,1
1272068,6
1131353,3
1111872,5
1313252,4
1255227,4
1028154,4
1118730,1
1213001,3
1325309,5
1129219,3
1223268,1
1187342,4
1053505,6
1296621,1
1094483,6
1005228,3
1275905,3
1050432,1
1145795,5
1025109,6
1232126,6
1133274,6
1098700,5
1173924,3
1098014,4
1234096,3
1124252,4
1113275,4
1235604,6
1322128,6
1130322,3
1166734,5
1058507,4
1300791,4
1130060,3
1157249,6
1242257,5
1162211,5
1206118,3
1177992,4
1309868,4
1204448,4
1228498,3
1066014,1
1096835,4
1265486,4
1274206,3
1236093,5
1287803,4
1104147,6
1069203,4
1238981,3
1084503,6
1291338,6
1079421,3
1253178,5
1145955,6
1210812,6
1239668,6
1138404,7
1000503,5
1141842,6
1308228,1
1069869,4
1067671,6
1289761,5
1230610,1
1308764,6
1234655,6
1031068,6
1303208,4
1286124,6
1310324,4
1294871,4
1025627,5
1040610,3
1014732,3
1043610,3
1248507,3
1038571,3
1205062,1
1020820,6
1127901,5
1251345,4
1193452,4
1171929,4
1055443,6
1175889,4
1224950,4
1163491,6
1193829,6
1043265,3
1046336,1
1084428,5
1069841,6
1156644,4
1194031,3
1084468,6
1016621,4
1287524,3
1318872,3
1224412,1
1287357,4
1000784,6
1248029,1
1027125,1
1017007,4
1061828,5
1081068,2
1246918,6
1172816,4
1315993,3
1016984,3
1072163,5
1323330,3
1070728,1
1315782,6
1060120,5
1290813,5
1126696,4
1285104,5
1244676,4
1156799,3
1095866,5
1268908,6
1213680,3
1102046,3
1310498,1
1072240,1
1180216,5
1235560,3
1151334,1
1252581,1
1208214,6
1186408,6
1290154,1
1053172,6
1138599,6
1120556,6
1205118,6
1241873,5
1171399,5
1133276,6
1086956,1
1320173,5
1264472,6
1110941,5
1282403,4
1129840,4
1017938,5
1018718,5
1100170,6
1029504,4
1242856,5
1286884,6
1112933,6
1178270,3
1262770,6
1199882,1
1001629,5
1144243,4
1037256,3
1033368,6
1132400,3
1128984,4
1086192,3
1143196,6
1048770,5
1098855,5
1123417,5
1173233,6
1297238,6
1056805,1
1202904,1
1058684,4
1322509,6
1042128,6
1312015,4
1183871,3
1094041,5
1083428,3
1031766,4
1224605,3
1204239,4
1116729,6
1273511,4
1101130,3
1212581,6
1034688,6
1088181,3
1217238,6
1168969,2
1303797,5
1085995,3
1009504,3
1290055,1
1274889,6
1308127,3
1207115,1
1238396,5
1171332,2
1259280,6
1024843,6
1146770,5
1073642,6
1033248,6
1053617,1
1165605,3
1060278,6
1196137,3
1024162,6
1179953,6
1250143,6
1321977,6
1003176,6
1107987,4
1101799,4
1048454,3
1038726,4
1115897,1
1182281,3
1025580,2
1032384,5
1095880,3
1273743,4
1160441,6
1324060,6
1227256,6
1016922,6
1213148,1
1250366,4
1227031,4
1079453,4
1003708,1
1257613,3
1134084,6
1243070,3
1122295,3
1160148,5
1021140,3
1009981,5
1217720,4
1112104,1
1100052,3
1037821,4
1031608,6
1001001,3
1248101,6
1211847,4
1031525,4
1126387,3
1115146,3
1278232,3
1202055,6
1311240,5
1318363,6
1287379,5
1281427,5
1040983,3
1249609,4
1267005,4
1048062,6
1201299,3
1039733,6
1206316,3
1162626,6
1145810,1
1241643,5
1220936,3
1093935,1
1002610,3
1014106,6
1302165,4
1214677,1
1244686,6
1079174,5
1235976,3
1317058,6
1216811,6
1315402,1
1136308,3
1316339,5
1080657,6
1319497,4
1238688,1
1011314,5
1140619,3
1166112,5
1069092,1
1182694,6
1122795,3
1249229,5
1014612,3
1305847,2
1173991,5
1253952,6
1007883,3
1298941,6
1122939,6
1148112,4
1271140,1
1249103,5
1094448,3
1227618,3
1016205,1
1009744,5
1227245,4
1048438,4
1030864,3
1224364,3
1162122,6
1047364,4
1214402,4
1043449,1
1266303,4
1058973,5
1026672,6
1237083,2
1016541,3
1097888,6
1226794,1
1318596,3
1100076,4
1039186,4
1117069,1
1009072,3
1285877,4
1153461,6
1059708,5
1227849,3
1125151,3
1230785,4
1124556,3
1234315,3
1228232,3
1004882,1
1221289,6
1116984,5
1246236,6
1305690,2
1216245,4
1255926,1
1119298,3
1006374,6
1213405,1
1086659,4
1067194,6
1144663,6
1048765,3
1055964,6
1019180,3
1203986,3
1035528,6
1298160,4
1276881,3
1076439,5
1275848,6
1249199,6
1298130,3
1064574,3
1251543,4
1176297,5
1289728,5
1109556,3
1130753,5
1119776,7
1110691,6
1012484,5
1030928,3
1279461,1
1232786,3
1107510,4
1038352,6
1125818,6
1206493,5
1030854,3
1218892,1
1179667,3
1289700,1
1071024,4
1044347,6
1061169,3
1048200,5
1191716,4
1111818,4
1083015,5
1247306,1
1223703,6
1026991,3
1017225,1
1001750,4
1106159,3
1008004,4
1151287,1
1033009,3
1149598,4
1132901,3
1325829,4
1066558,3
1265726,4
1042894,6
1037298,6
1208342,3
1129713,3
1047051,4
1236433,6
1062981,5
1249002,4
1083490,3
1160349,6
1200071,5
1020676,6
1229136,1
1231775,5
1052632,3
1237665,6
1095002,6
1147307,4
1261030,3
1194946,5
1287856,1
1216719,1
1220343,4
1013867,3
1122251,6
1218220,3
1224930,3
1017068,5
1266025,6
1050022,3
1200435,6
1293675,5
1277576,1
1144233,5
1230109,4
1293202,4
1037531,3
1113217,5
1020592,5
1117380,3
1215197,5
1252056,4
1065747,5
1058020,1
1102296,3
1301217,6
1098958,5
1320919,5
1253342,4
1268238,1
1230782,5
1051500,6
1257225,3
1109073,1
1237092,4
1230006,5
1242382,6
1196590,4
1066497,4
1237514,3
1121492,6
1211353,1
1199436,6
1088685,3
1128753,5
1283330,3
1113450,4
1195885,4
1145453,3
1205045,1
1093353,3
1122413,4
1136719,5
1041039,4
1135819,5
1242217,6
1121636,5
1140441,4
1089694,5
1156842,6
1292153,4
1195390,1
1126611,3
1061434,1
1059023,3
1203088,3
1278193,2
1244149,5
1319068,4
1175258,5
1104093,3
1160488,4
1068480,3
1172695,6
1038910,6
1282517,3
1298033,3
1002746,1
1123361,3
1080118,6
1316772,6
1167830,3
1285759,3
1203681,5
1213203,5
1269604,6
1289258,3
1094887,4
1268694,1
1287231,6
1008500,7
1260644,6
1250707,6
1191438,4
1118617,1
1249893,3
1302288,3
1169395,5
1033402,4
1208829,1
1189144,5
1266063,4
1246321,1
1004773,4
1211304,5
1253534,3
1209027,4
1094553,6
1107708,1
1193583,6
1247249,3
1277095,6
1043728,4
1059991,5
1179615,4
1119883,6
1280417,4
1139681,3
1076699,6
1191068,3
1156376,3
1255364,1
1121901,5
1022061,1
1054349,6
1036659,4
1082990,3
1161759,3
1151604,5
1015341,6
1294165,5
1118250,5
1294352,4
1238893,4
1139151,1
1131457,3
1231237,6
1033647,1
1126941,1
1198084,5
1303251,3
1254848,3
1123447,6
1286484,4
1318576,4
1234700,1
1049209,4
1288921,3
1104166,5
1295559,6
1124834,6
1305190,6
1010500,1
1122459,6
1072822,1
1047435,3
1289102,3
1185524,3
1037751,3
1307024,4
1080188,6
1136112,1
1177473,1
1096776,3
1131779,4
1150546,7
1174106,4
1064493,4
1303423,5
1149004,5
1220514,4
1272416,1
1213371,3
1043733,3
1084540,4
1214530,6
1248808,4
1023919,4
1126850,3
1305545,1
1178914,5
1060311,4
1039031,1
1181448,4
1189856,5
1017089,6
1134246,6
1124658,4
1260069,4
1003384,6
1133066,3
1210668,5
1189416,3
1108286,1
1155374,4
1025401,1
1033935,3
1107681,6
1177204,4
1146236,4
1112568,4
1052225,6
1308822,6
1262048,1
1278541,2
1101744,6
1075737,4
1107634,3
1017301,3
1045727,3
1222519,4
1113783,3
1004105,5
1193294,4
1025843,3
1032646,2
1179453,5
1113978,5
1004486,3
1004241,5
1025057,5
1288028,4
1211857,6
1292500,3
1309101,6
1028680,5
1275966,4
1191197,1
1308336,3
1224457,6
1071550,4
1064646,3
1111231,5
1061320,3
1177465,6
1294519,6
1043014,4
1174463,4
1045879,3
1174129,6
1123354,6
1208254,5
1103347,6
1224514,6
1175511,6
1084537,1
1083823,4
1065423,6
1210803,4
1020627,6
1041168,1
1256024,4
1093511,4
1050511,3
1137677,4
1241851,4
1164866,1
1078343,1
1071883,3
1101468,3
1079035,4
1013486,5
1044827,3
1175459,6
1125894,3
1255443,5
1323248,6
1199407,6
1116052,1
1220911,4
1099434,5
1260927,5
1084943,3
1191692,6
1029437,4
1141140,5
1215699,4
1307085,4
1089103,3
1029093,3
1040653,4
1313573,4
1057791,4
1240933,4
1094097,6
1077965,4
1283675,1
1073806,6
1324230,4
1231077,3
1196617,6
1211709,6
1139064,4
1254806,3
1185558,6
1124425,6
1041456,4
1206741,5
1182548,6
1216824,4
1029068,6
1201479,6
1220756,6
1318241,3
1059309,1
1033824,4
1096117,3
1082675,5
1145618,4
1028751,6
1156198,6
1143332,4
1043621,3
1177808,1
1062269,4
1111384,4
1071121,1
1180907,3
1152829,3
1120135,1
1111170,6
1038404,4
1037485,6
1215174,1
1222790,3
1055258,3
1007821,6
1210915,3
1124738,6
1268595,6
1071414,6
1292466,6
1192494,4
1178714,3
1004495,6
1127594,3
1214945,6
1316778,6
1000940,4
1088493,6
1150279,6
1052789,1
1141370,3
1004346,4
1030245,6
1079003,1
1015404,3
1112792,1
1210201,5
1308286,3
1201078,6
1102272,6
1231151,6
1121748,7
1171581,6
1171697,6
1262970,3
1212329,3
1287309,6
1183246,3
1038164,6
1245126,1
1058759,6
1113174,4
1035745,4
1030765,6
1171441,1
1274849,6
1217510,5
1308303,3
1290133,4
1012639,3
1037493,5
1133258,3
1229963,6
1123636,6
1227139,6
1186695,1
1062392,3
1291877,6
1215214,5
1129688,4
1287512,1
1136312,4
1145106,3
1307788,5
1144001,1
1096423,6
1295485,3
1240593,3
1269243,6
1062716,3
1014011,6
1035613,6
1060722,1
1319983,4
1084334,4
1060815,3
1042440,6
1076955,4
1219738,6
1129853,4
1099965,5
1267254,6
1138016,1
1234652,3
1169724,3
1003810,1
1153885,6
1085468,3
1244607,6
1145117,3
1154088,5
1267367,3
1036606,4
1150789,4
1279921,1
1172800,5
1078905,3
1169872,4
1143502,4
1152263,4
1094229,3
1299941,3
1044719,7
1281702,6
1118335,6
1096777,4
1149569,3
1177355,4
1109004,3
1059816,3
1080045,3
1228887,4
1130955,6
1128977,3
1137821,6
1215839,4
1036603,1
1224398,5
1103802,6
1099763,4
1180480,4
1105177,5
1018140,6
1165483,6
1265626,5
1298274,3
1062010,6
1158695,6
1084510,4
1023930,1
1094386,5
1303387,6
1268371,6
1271361,2
1305930,6
1157513,3
1202440,3
1130790,3
1074392,6
1120789,1
1173556,6
1029584,3
1243180,6
1212430,1
1075251,1
1045289,6
1095628,6
1004464,6
1091775,5
1231362,3
1027073,4
1126520,6
1250513,3
1325669,5
1236553,1
1087132,4
1255319,4
1087100,6
1138792,4
1046586,6
1211412,3
1264548,6
1210531,1
1198994,1
1094353,3
1146783,6
1198020,6
1141545,4
1236517,3
1036339,4
1171789,6
1277156,6
1013436,4
1067274,3
1296606,3
1108671,6
1298332,3
1122245,4
1277779,4
1149344,6
1025895,1
1147835,4
1324027,3
1251586,6
1150029,3
1176860,4
1163273,1
1301513,6
1146066,1
1285215,4
1287345,2
1196486,1
1033495,6
1077524,3
1240509,4
1020309,3
1072114,3
1034484,1
1068758,1
1269974,4
1146921,5
1063963,5
1060083,1
1229597,3
1027687,5
1189862,4
1066790,3
1066458,6
1195240,5
1287563,4
1258301,4
1033728,4
1199942,1
1051622,3
1173851,6
1171408,4
1066122,5
1308527,4
1237740,4
1089980,6
1000194,3
1116636,6
1007115,4
1239570,5
1313420,4
1218355,5
1234622,6
1079478,5
1134071,5
1109978,6
1204170,1
1110476,6
1001920,6
1129481,3
1156973,1
1299989,3
1217816,6
1274810,5
1138651,6
1118134,3
1021513,6
1000583,3
1218630,6
1073431,6
1315361,3
1009594,3
1060724,1
1260973,5
1289492,1
1037926,3
1208963,4
1117987,5
1018443,5
1133445,5
1260838,3
1038545,3
1135566,6
1136384,6
1120819,3
1324541,3
1059558,6
1222080,4
1048324,3
1234572,4
1233816,2
1311097,5
1074682,3
1107350,6
1181664,5
1095368,6
1020129,3
1083327,5
1226376,6
1002377,5
1247587,5
1165998,1
1242442,6
1280941,3
1095526,4
1003652,5
1073326,3
1107344,6
1142267,4
1095979,6
1314008,6
1165226,4
1210349,3
1174690,6
1110934,4
1218378,6
1149586,6
1007278,4
1119905,1
1173270,5
1109053,6
1257046,3
1204086,6
1180147,4
1072312,6
1214878,3
1229797,3
1092250,1
1161715,4
1108767,1
1052499,4
1116516,3
1069529,1
1283533,6
1018826,3
1108744,6
1084399,4
1180753,5
1134522,2
1268917,1
1097192,3
1322371,4
1253103,6
1315582,5
1318883,1
1206545,4
1107820,5
1035970,4
1130204,1
1091872,1
1004810,5
1029122,6
1022603,4
1192735,1
1304058,7
1168983,6
1136864,1
1104073,4
1017237,6
1177426,5
1136245,6
1070579,6
1042439,6
1064454,2
1248924,1
1241514,5
1278462,4
1092357,1
1063527,3
1063284,4
1163893,6
1268187,3
1050800,6
1323443,5
1133490,6
1179128,4
1292657,4
1037482,1
1218787,3
1060660,6
1314827,6
1103609,1
1084466,3
1254080,4
1064469,5
1249242,6
1008679,6
1202608,6
1115251,5
1100320,6
1300210,1
1128582,1
1316331,1
1274778,5
1190798,6
1033687,6
1249039,6
1011362,3
1005628,6
1087379,4
1005040,4
1275545,6
1190254,6
1324324,4
1124977,4
1076099,3
1298442,1
1063824,5
1223114,1
1206153,5
1131848,6
1157024,6
1193819,5
1237575,6
1114931,1
1215070,6
1221782,1
1272965,4
1282167,3
1036174,5
1263550,3
1185568,6
1106837,1
1254543,4
1251951,3
1150994,5
1224776,6
1068503,1
1131142,1
1038195,5
1156917,1
1030050,1
1193644,3
1054097,3
1038099,4
1158681,4
1192632,6
1265830,4
1129033,1
1070502,6
1042100,5
1105323,6
1061682,3
1085245,1
1198923,3
1238047,5
1037566,6
1183824,5
1017654,4
1081846,3
1227792,3
1089790,6
1162221,3
1249471,6
1161262,4
1243254,3
1056213,4
1163654,1
1072552,4
1160985,5
1030678,1
1310718,4
1061834,6
1027263,3
1196060,6
1046338,3
1119534,4
1240701,5
1217714,4
1018830,7
1201012,4
1194311,5
1077140,5
1048361,6
1300285,6
1056109,3
1245790,5
1126917,1
1243423,3
1261125,6
1264037,6
1267963,5
1062423,6
1090581,6
1281311,6
1311410,5
1181006,3
1250964,6
1122418,3
1027833,1
1158774,4
1003504,3
1150271,3
1232336,6
1085881,5
1148404,6
1060802,3
1128692,6
1095495,4
1040085,3
1184347,5
1066026,4
1068182,4
1033343,4
1276104,6
1103084,4
1214054,4
1215722,6
1020294,4
1166060,4
1038974,4
1202161,5
1155047,5
1212700,1
1125843,4
1143815,3
1121603,4
1023560,3
1271734,3
1264422,3
1052131,5
1277974,5
1228520,6
1277505,3
1018914,5
1226533,3
1233519,3
1042864,4
1258187,4
1230102,3
1057565,3
1246955,1
1148235,4
1072189,5
1291700,4
1072118,6
1202913,3
1073141,3
1058672,2
1194145,3
1124311,4
1260893,5
1229095,3
1312989,1
1088738,4
1095436,4
1218847,4
1085490,4
1242472,3
1068476,6
1112803,4
1060713,6
1308418,3
1046615,4
1177056,6
1223747,5
1013965,6
1095218,1
1047585,6
1282385,5
1145427,1
1003087,5
1111729,6
1183790,6
1183668,6
1016889,3
1197612,3
1025834,5
1324872,3
1208984,3
1314047,5
1243291,4
1122765,4
1173340,6
1278360,6
1108547,2
1019352,5
1183919,4
1119095,4
1207890,5
1280723,6
1222775,4
1123122,5
1120100,4
1265536,5
1285966,6
1082324,1
1096975,6
1108309,6
1023034,5
1253643,4
1085977,6
1049884,1
1041699,3
1210513,3
1096437,4
1192105,6
1180760,6
1022409,3
1202936,1
1090632,5
1205459,4
1296761,4
1023472,5
1017230,6
1079807,1
1271595,6
1048303,4
1173693,5
1102329,3
1289178,6
1269741,5
1050070,2
1240878,6
1288671,3
1180702,5
1045395,6
1146190,5
1278505,6
1177034,1
1205426,4
1232667,3
1286936,4
1147881,3
1109176,5
1057707,3
1259419,6
1283190,6
1043279,6
1010915,1
1078846,4
1039551,6
1092513,3
1285228,3
1217414,4
1272509,4
1077042,6
1297622,3
1034640,3
1059307,4
1132345,4
1307605,3
1166045,5
1159033,3
1086743,6
1261729,4
1309846,1
1281569,1
1030155,3
1095865,3
1049123,4
1298826,6
1169549,5
1271796,3
1041947,4
1288635,1
1180786,6
1201266,3
1297661,3
1217698,6
1110597,3
1151996,4
1220094,3
1081964,5
1176221,5
1316895,3
1142846,1
1011716,3
1006344,6
1231501,4
1073428,4
1005801,3
1035029,6
1147519,6
1189762,5
1000688,3
1151630,6
1164985,6
1129657,3
1064753,1
1007981,5
1100680,6
1282302,6
1066930,6
1137249,4
1260242,4
1207123,3
1147993,3
1051377,4
1182586,5
1169884,1
1101903,6
1314767,3
1009060,5
1130652,5
1304936,3
1297281,6
1215216,6
1243537,1
1073425,4
1293276,3
1100658,4
1112899,1
1108220,3
1007965,3
1087899,6
1215870,3
1114082,5
1239536,6
1204284,5
1229328,3
1205553,3
1310013,3
1128704,6
1043798,4
1032353,4
1024378,1
1195472,4
1264419,4
1121075,5
1263611,3
1171287,6
1058991,5
1040320,6
1021893,4
1298958,4
1052929,1
1270276,3
1121473,4
1117003,3
1262195,6
1012516,5
1117662,6
1258034,6
1046281,3
1071191,3
1171266,5
1070568,3
1246778,3
1045411,1
1015526,5
1267911,5
1110168,6
1188466,6
1283839,6
1087682,3
1172096,1
1292827,3
1265514,4
1129152,6
1238488,6
1044681,6
1090621,3
1103446,5
1151387,6
1141003,6
1106946,1
1160116,3
1023389,1
1290222,5
1200527,6
1091075,2
1013415,3
1136639,5
1099981,1
1236136,5
1024732,4
1083636,5
1256181,6
1206014,4
1105416,3
1163774,3
1165368,1
1258585,4
1022144,6
1295666,3
1022646,4
1277669,6
1123169,4
1146093,4
1008123,5
1289277,3
1031588,1
1261892,1
1248586,4
1075161,3
1176848,4
1049755,3
1237858,3
1158883,3
1240832,3
1302044,1
1190377,6
1225835,4
1242633,3
1021034,1
1281128,6
1160524,1
1177331,3
1020137,5
1263338,3
1126338,6
1087187,3
1059524,3
1295763,5
1161375,3
1080834,1
1266315,5
1262825,6
1142273,4
1119361,1
1240459,6
1172907,1
1183482,3
1031822,1
1201925,3
1256390,3
1165618,5
1221292,1
1298915,3
1000296,6
1150821,3
1164736,6
1306322,3
1081921,3
1185808,5
1125654,3
1309881,4
1120852,3
1092933,5
1110212,4
1270764,6
1217599,6
1287693,6
1272522,4
1185925,3
1126058,4
1007434,5
1252490,6
1038777,6
1020551,5
1048780,3
1319239,3
1294369,5
1238506,2
1109188,1
1028545,3
1129832,4
1076504,6
1083410,3
1207814,3
1264078,5
1187512,3
1285475,4
1068085,5
1309368,4
1025200,4
1023185,5
1272665,4
1155704,4
1001012,3
1036812,3
1236575,5
1270499,1
1302854,1
1096269,4
1276509,2
1134160,6
1070780,4
1134287,3
1230430,4
1253707,5
1003788,1
1273613,3
1312222,1
1301068,6
1116389,1
1259913,5
1094579,4
1243520,4
1115512,3
1182408,4
1149378,3
1281450,4
1016051,3
1208179,3
1296803,6
1300521,4
1174912,5
1080279,1
1104823,6
1128399,4
1254739,4
1244508,6
1286463,4
1180946,4
1003918,3
1069611,1
1239166,1
1049463,3
1232227,6
1077258,2
1319535,4
1141021,1
1073688,3
1010422,4
1189041,5
1012135,6
1116062,6
1083908,6
1303991,4
1108384,6
1295714,1
1277714,5
1067547,3
1240925,3
1156815,1
1168078,3
1312918,4
1094444,6
1164102,2
1107594,4
1292218,6
1165225,3
1245757,3
1098851,4
1320078,6
1149068,1
1114174,1
1089550,1
1082635,4
1320671,3
1098239,4
1135590,6
1075926,4
1009074,6
1118343,4
1253516,6
1024568,6
1096063,3
1235682,4
1009802,4
1071569,4
1195587,6
1218184,6
1036269,3
1279760,6
1000970,5
1153819,3
1277752,4
1144737,3
1122519,6
1253452,3
1135559,4
1283156,6
1107623,4
1181436,5
1217920,6
1118779,5
1260080,1
1270475,5
1276846,6
1285388,4
1098163,6
1201697,6
1212897,4
1198900,6
1125580,6
1067312,4
1301471,6
1056465,6
1296440,5
1223861,4
1072513,1
1236118,6
1159226,5
1176094,1
1229340,3
1195400,5
1118889,3
1032968,1
1142177,6
1058337,3
1131554,3
1154348,3
1056184,6
1156523,1
1314590,6
1172728,4
1053824,6
1323178,4
1134488,4
1111900,3
1215352,6
1088353,3
1216875,6
1124163,4
1062266,5
1096303,3
1145933,6
1250691,4
1192280,4
1202742,6
1318821,3
1130273,3
1190482,1
1319828,3
1226448,1
1079639,4
1321043,6
1190610,3
1127801,3
1146074,1
1223715,5
1217903,3
1003207,4
1254382,3
1058514,4
1012615,6
1197888,1
1247598,5
1242971,4
1283999,5
1026003,4
1246023,6
1174627,1
1301314,3
1037705,6
1172234,1
1078065,1
1295830,6
1114348,6
1114516,6
1300792,3
1013160,6
1288536,6
1155419,4
1091169,5
1239958,6
1149947,4
1117678,3
1153599,1
1030489,4
1043628,1
1316489,4
1073067,6
1071452,1
1054145,4
1050064,3
1057103,2
1029671,6
1077555,6
1271488,1
1168072,4
1196299,5
1285087,5
1263727,1
1313563,3
1313006,3
1120009,5
1226659,6
1126911,6
1256660,4
1163716,5
1162338,3
1024278,6
1242582,5
1262956,2
1288215,6
1181744,6
1303679,3
1137651,2
1046897,6
1023633,4
1104214,4
1032645,6
1235960,4
1220891,6
1074492,4
1117964,6
1261053,3
1268352,3
1324073,6
1181497,6
1309681,5
1146338,5
1028992,4
1247132,3
1091412,4
1175280,1
1147278,5
1125381,4
1177356,3
1237582,4
1045074,3
1039586,1
1110992,4
1031321,6
1293331,1
1274082,6
1040044,5
1311978,6
1021402,4
1222965,6
1249620,3
1004451,1
1151926,3
1169335,4
1257932,5
1144208,5
1204939,4
1054499,6
1312929,4
1209592,5
1075707,3
1023430,4
1142064,6
1006787,6
1179364,5
1258778,4
1272733,6
1001130,6
1242053,4
1284697,5
1089335,5
1155942,4
1138364,6
1012626,3
1037330,6
1015902,3
1281958,6
1034089,3
1249911,5
1109804,6
1151960,4
1142170,6
1299502,1
1095079,4
1303606,3
1156126,6
1132511,1
1299915,5
1308900,4
1078129,3
1317019,4
1164491,6
1237098,6
1287855,4
1236430,3
1114598,3
1121175,3
1258808,4
1243025,5
1230365,3
1286122,6
1322584,4
1154124,3
1058263,6
1088306,5
1114471,3
1097992,4
1124632,3
1042943,5
1261339,1
1004926,4
1020983,4
1162756,3
1234792,5
1065487,5
1276075,4
1133641,4
1004339,6
1190691,4
1135738,3
1032500,4
1001287,6
1258270,6
1298085,5
1167175,5
1216909,6
1286769,6
1256556,7
1302760,1
1169052,3
1030657,6
1303334,6
1186269,3
1051677,4
1278879,3
1001368,3
1294746,4
1026481,4
1234431,6
1036805,5
1324119,3
1298196,6
1026372,3
1313332,1
1037360,3
1288404,6
1100518,6
1265984,6
1140209,4
1163925,3
1154194,4
1099905,3
1152267,5
1284245,4
1003808,3
1204892,5
1174383,3
1249377,6
1202712,5
1225639,6
1070781,4
1132796,6
1010267,3
1238010,6
1305908,1
1047638,3
1175906,3
1153714,4
1229595,3
1181355,3
1185795,4
1070567,6
1050379,6
1189326,6
1289887,5
1065638,3
1059395,1
1261913,5
1060349,6
1059543,3
1212209,3
1021643,6
1043625,6
1187812,6
1278956,5
1059586,4
1134851,4
1212808,3
1072501,4
1058754,6
1267597,5
1322130,6
1064446,6
1008391,5
1290478,3
1244088,1
1157317,6
1247758,6
1045091,4
1228867,5
1124852,6
1142915,4
1172160,1
1303048,3
1290913,1
1255264,6
1133878,6
1205886,4
1053273,1
1087966,1
1203459,6
1104962,2
1262241,4
1315106,3
1097558,3
1290278,4
1103638,4
1183221,4
1080765,5
1204899,3
1291461,6
1150282,5
1233758,4
1136417,1
1177537,3
1031425,1
1072491,3
1113684,4
1133421,5
1069302,5
1143231,3
1004728,6
1272628,3
1105297,3
1028091,4
1026323,4
1288067,6
1272100,1
1070454,1
1130208,6
1035799,4
1005221,6
1222378,6
1085352,4
1171925,4
1085713,1
1157832,4
1204706,1
1036108,3
1218525,3
1212896,4
1000762,3
1034988,5
1136358,6
1172104,3
1295389,6
1028435,6
1130147,1
1117756,4
1142348,3
1290522,5
1035139,4
1259835,6
1068339,4
1178697,4
1317366,3
1229795,5
1003956,3
1161856,3
1202657,6
1087322,4
1147595,4
1259306,3
1216310,6
1016470,4
1158602,1
1004147,4
1155106,5
1314736,3
1295460,6
1115225,1
1005145,6
1047059,1
1217489,3
1160469,6
1068733,3
1088941,6
1212934,3
1066876,4
1106333,4
1135383,4
1159104,6
1260416,3
1323291,3
1081172,6
1309019,5
1256698,6
1240252,4
1093172,5
1142746,6
1299529,4
1150620,4
1271656,3
1052240,5
1179470,4
1319316,6
1210435,4
1128900,6
1186385,5
1021803,3
1196516,6
1075845,1
1237466,6
1154207,5
1037543,1
1112449,6
1040686,3
1052383,4
1064550,1
1151373,4
1025417,3
1169230,3
1075515,1
1283892,5
1034062,6
1022665,5
1080429,3
1011208,4
1229504,3
1044147,4
1259752,3
1216333,3
1056306,4
1238318,5
1015019,4
1266132,3
1089281,6
1190278,6
1289509,4
1320054,3
1183688,4
1150161,6
1152298,4
1073341,3
1059589,6
1248440,4
1313045,6
1118715,3
1237234,3
1271241,3
1022394,5
1189073,4
1169351,1
1040203,6
1256793,4
1257750,3
1204940,3
1058706,4
1126617,4
1239363,6
1167762,3
1294391,4
1197657,6
1230670,6
1248696,1
1143918,3
1257827,1
1016522,6
1214436,5
1249403,6
1142865,3
1154098,4
1253418,6
1239558,6
1120075,5
1322453,4
1272819,5
1232345,6
1103267,3
1163033,1
1236498,5
1036870,1
1225859,3
1160049,6
1274853,4
1171286,4
1056818,3
1042025,6
1035827,6
1060836,5
1054759,6
1147847,4
1095095,4
1220962,1
1221001,5
1270051,3
1084016,6
1226886,6
1221499,3
1183244,6
1314620,3
1263453,5
1119108,6
1317459,1
1009825,5
1074833,1
1125528,3
1209515,6
1071023,3
1024722,4
1124880,5
1141293,3
1098044,1
1307973,3
1264061,3
1290144,6
1094311,6
1172384,5
1136510,1
1319250,1
1104485,4
1237563,1
1188102,4
1308138,5
1240255,6
1322123,3
1282952,3
1020165,6
1300241,4
1076194,6
1000752,4
1025707,1
1074489,6
1012594,3
1131784,5
1282688,3
1183928,1
1035614,3
1091995,6
1077050,1
1166763,3
1235600,6
1248093,6
1314762,6
1259967,6
1085260,1
1045761,6
1159727,6
1197185,4
1074241,6
1239511,1
1291333,3
1034785,6
1149112,4
1043284,4
1279929,3
1129168,1
1136389,3
1286626,4
1076906,1
1180497,4
1272623,4
1221133,1
1144911,4
1220883,1
1250584,6
1291734,4
1069930,4
1027812,2
1082479,6
1065724,6
1050516,4
1077410,6
1212379,3
1016338,3
1039703,4
1264345,5
1111625,1
1207161,6
1104541,6
1256944,1
1030449,3
1017308,1
1125788,4
1016167,4
1181641,5
1091418,3
1084118,3
1209181,1
1121467,4
1063566,4
1208265,5
1121577,5
1195978,6
1074906,4
1173216,3
1272977,4
1189590,6
1195087,4
1117476,4
1249678,3
1286017,4
1072621,5
1014131,4
1132029,2
1251029,4
1248007,6
1127825,3
1115207,4
1276354,6
1104066,3
1315776,4
1055840,3
1034066,4
1005057,6
1066455,4
1180929,5
1169152,1
1184818,4
1282421,3
1188447,6
1217795,3
1076075,4
1009012,6
1013766,3
1202592,1
1148951,6
1288974,6
1061199,5
1199284,4
1110273,5
1127116,5
1283253,3
1160245,4
1086807,6
1021646,1
1303218,6
1266785,4
1066701,3
1174787,1
1199650,6
1288180,3
1206828,5
1068442,4
1009704,6
1012029,1
1154534,4
1034844,4
1024122,4
1102315,4
1078860,6
1268099,3
1220976,4
1066972,6
1227719,5
1038388,6
1169348,3
1102162,6
1104129,4
1006482,6
1063193,1
1199016,5
1107658,2
1072008,3
1216319,1
1197497,5
1313377,5
1206926,4
1305557,3
1209158,6
1301888,6
1090480,2
1204311,6
1063093,4
1012350,3
1288002,5
1181029,1
1216527,3
1118953,4
1312246,4
1233179,5
1090489,6
1283449,5
1134899,6
1276455,4
1251426,4
1196574,6
1213713,3
1208300,3
1288578,6
1006288,4
1061047,3
1088571,3
1207722,5
1270382,5
1062626,3
1165928,6
1301465,6
1188635,6
1085119,6
1272020,3
1190210,2
1131297,1
1123761,4
1143408,3
1208126,6
1075118,3
1045562,4
1324726,3
1125232,1
1324219,5
1086945,3
1300656,6
1323737,6
1022742,1
1161900,5
1258949,4
1169388,6
1068338,3
1085423,3
1113222,5
1036792,6
1027319,6
1272142,3
1049342,1
1144271,1
1055622,3
1202399,4
1229476,1
1258762,6
1309632,3
1278881,5
1076821,6
1123240,1
1091444,1
1273524,6
1219612,4
1145954,6
1047241,6
1264432,3
1073706,3
1108207,4
1212912,5
1266158,6
1295271,6
1193881,5
1139720,6
1067874,1
1167035,6
1102470,5
1125030,3
1060333,1
1168632,1
1012572,4
1020178,3
1175215,4
1018302,6
1246892,5
1007456,3
1154273,6
1119860,4
1144263,4
1059036,4
1241249,4
1094600,6
1089723,3
1146008,1
1210355,6
1083026,1
1155162,1
1313025,6
1211016,3
1144226,6
1279436,6
1148241,4
1024922,4
1074625,5
1212558,6
1259887,5
1055020,6
1180013,5
1228259,1
1296636,6
1122982,3
1241891,5
1244589,3
1201242,4
1174657,6
1237744,5
1104922,6
1089236,5
1006474,3
1047825,6
1197733,3
1200483,4
1033630,5
1052925,4
1088594,4
1180986,3
1286666,6
1261186,1
1102172,6
1053208,4
1320413,2
1108236,3
1174988,4
1260421,6
1084221,1
1214341,1
1007080,1
1052940,6
1123998,6
1122314,3
1170624,1
1118174,3
1159755,5
1066619,1
1299008,4
1072149,3
1136880,3
1045860,4
1157178,1
1286235,6
1169663,5
1038180,4
1156302,5
1014027,3
1142518,3
1159119,3
1167149,3
1047422,6
1090766,4
1277648,6
1038774,3
1269452,1
1290389,3
1144464,4
1097378,6
1156536,4
1286656,4
1147955,4
1309882,1
1048222,1
1187795,3
1140600,6
1003142,1
1292880,6
1036616,6
1163476,5
1071274,5
1148894,6
1303922,5
1199971,3
1023900,3
1240036,4
1291267,3
1222465,4
1131255,3
1100377,4
1266869,4
1240575,3
1004912,3
1201043,3
1005382,3
1057553,4
1068297,5
1266755,4
1259864,6
1004685,6
1215351,3
1171343,3
1063822,3
1078263,3
1226765,3
1024512,6
1103876,6
1228581,3
1128645,4
1220419,3
1250655,4
1144621,4
1324052,4
1140068,6
1079964,1
1204759,5
1199384,1
1230855,3
1325734,5
1269103,6
1190851,1
1283559,5
1322344,6
1055310,3
1180846,4
1133735,4
1027690,5
1055496,5
1015127,3
1195904,4
1286524,6
1055889,5
1199092,4
1135906,6
1232822,4
1072173,3
1025333,6
1127800,5
1323989,6
1274036,5
1256812,4
1243824,4
1241694,4
1276204,4
1278215,4
1019691,1
1325363,6
1129275,3
1173943,4
1247207,1
1089047,3
1034614,4
1199540,6
1200774,4
1023241,1
1246737,6
1227068,4
1052911,6
1049819,6
1324221,4
1100581,4
1321640,5
1163660,4
1096688,3
1245444,5
1133837,4
1189346,6
1006292,1
1183701,6
1216288,6
1090493,3
1293100,4
1234264,6
1006101,6
1224131,6
1196207,6
1141882,3
1219276,3
1265596,6
1017073,3
1310713,4
1272703,3
1102347,1
1050638,1
1043504,4
1240259,3
1270329,4
1127958,1
1119209,3
1034417,3
1083468,3
1076590,6
1198404,5
1310622,5
1059963,4
1090284,4
1049073,6
1245255,4
1187727,3
1023970,4
1149351,4
1032281,5
1180389,5
1101022,6
1159784,3
1187447,6
1008187,6
1198665,6
1277831,3
1094371,1
1050984,3
1220627,5
1037390,4
1227634,1
1085869,1
1296514,6
1258253,4
1287849,4
1008553,4
1095590,3
1125550,6
1301996,1
1142965,4
1173022,4
1013659,2
1071144,3
1064480,6
1197170,6
1219347,3
1131066,1
1173934,6
1325706,1
1033349,6
1101351,5
1240563,6
1292925,5
1041244,5
1243136,6
1019145,6
1107717,2
1296017,6
1140954,1
1075696,4
1132141,6
1087612,5
1147785,4
1043326,6
1002502,4
1204657,4
1298796,6
1265719,3
1322599,4
1307541,3
1171187,6
1122679,3
1001936,6
1224263,6
1220871,5
1000978,1
1287358,5
1271252,6
1100427,3
1277563,3
1265448,3
1130959,4
1030231,6
1065228,2
1298584,6
1116339,1
1216588,5
1095434,3
1156906,6
1015734,5
1149086,6
1230861,3
1238755,6
1215690,4
1156300,3
1325477,5
1071122,6
1295352,3
1054303,3
1165068,6
1082230,5
1292371,6
1119257,5
1295896,3
1267662,4
1068900,6
1110457,3
1208009,5
1190685,6
1097348,4
1051908,3
1268611,6
1133769,3
1099326,4
1014539,4
1255736,1
1137498,6
1155674,3
1139236,6
1217377,2
1220124,4
1024359,4
1196381,4
1000349,3
1209984,3
1248517,1
1276098,1
1214263,3
1055145,3
1211446,1
1259048,3
1116240,6
1083130,6
1295488,5
1272160,6
1111153,4
1024331,3
1286229,6
1038982,4
1236189,5
1312018,4
1253672,2
1148228,3
1255642,4
1148110,3
1141443,3
1182562,5
1175070,4
1103460,6
1018450,1
1163433,3
1105393,3
1159115,3
1184443,6
1053964,4
1163338,3
1325509,5
1222579,4
1063152,4
1089268,1
1157148,6
1138447,4
1083837,4
1107816,3
1285544,3
1058971,6
1298411,1
1273344,1
1261033,6
1052946,4
1192342,3
1287415,1
1286210,6
1284214,1
1093289,6
1325024,4
1047793,3
1000347,6
1274684,3
1078953,3
1039833,1
1116026,3
1281748,3
1174640,3
1282104,5
1162083,5
1065206,6
1144373,3
1323289,6
1038628,5
1185038,4
1103161,4
1192766,4
1292043,1
1189814,5
1186224,4
1186372,6
1230897,4
1270435,3
1186623,3
1219340,3
1031778,5
1080999,4
1093449,3
1175363,4
1185061,5
1048198,4
1255005,4
1179780,4
1270077,2
1141752,6
1116265,6
1311973,6
1172941,6
1249757,5
1249680,3
1245004,3
1073823,1
1069280,6
1232603,6
1093746,6
1020383,2
1286248,5
1236286,6
1106947,4
1076483,4
1291472,6
1311988,5
1113467,5
1281739,6
1055454,6
1105197,6
1165457,5
1063568,4
1107013,3
1282992,3
1248166,4
1158205,3
1027842,4
1253263,6
1284675,6
1066064,3
1238305,3
1303761,4
1103035,3
1235998,4
1106646,3
1042463,5
1083365,3
1313904,5
1256498,6
1239371,5
1166978,1
1124513,5
1147468,6
1064919,6
1265241,4
1190817,3
1115944,4
1048719,4
1084035,4
1142111,4
1289428,3
1048509,6
1073712,1
1067067,4
1222351,6
1248344,5
1022681,3
1143227,6
1220295,6
1211988,1
1010836,6
1079424,4
1096225,6
1252899,4
1218357,3
1014414,4
1053294,3
1286848,4
1178585,6
1324292,6
1227978,6
1204559,6
1262208,1
1191902,3
1033302,3
1295781,6
1306301,3
1052329,6
1253765,6
1251271,4
1225456,6
1183334,3
1302659,4
1062155,6
1169956,4
1029930,6
1127771,2
1318314,6
1184769,4
1204671,1
1122061,4
1117605,1
1164963,5
1113368,6
1109185,6
1223469,4
1203589,1
1299280,3
1025500,4
1157277,5
1287112,4
1241963,3
1027127,1
1272126,6
1120507,4
1034591,1
1234269,5
1294794,3
1124403,4
1059686,6
1084019,4
1235665,3
1322647,4
1272350,6
1023757,4
1247921,6
1240696,5
1179305,4
1247063,3
1039055,6
1293740,6
1266411,6
1007727,4
1203685,6
1187376,1
1205501,4
1299874,1
1186326,1
1158712,4
1042667,6
1167416,6
1140662,6
1032832,4
1028654,5
1181953,3
1222657,3
1075424,5
1014397,5
1318838,5
1159890,6
1181391,6
1291227,3
1287548,6
1325825,4
1257659,3
1009624,5
1306039,1
1208615,6
1194386,3
1216817,1
1053831,3
1247178,6
1016035,6
1024839,6
1078924,1
1266839,3
1319761,3
1077724,6
1124068,6
1062744,4
1286603,4
1030323,4
1192573,4
1113510,2
1308260,1
1222301,5
1074310,4
1060988,3
1070513,6
1206671,1
1101612,6
1098717,5
1133908,1
1308934,6
1250485,6
1062280,6
1250923,3
1131415,6
1298793,6
1248022,3
1119187,3
1115777,6
1168521,1
1150637,3
1008110,6
1197811,6
1007369,5
1299890,5
1090372,4
1221350,6
1066062,6
1173312,6
1221893,3
1243621,3
1105188,6
1122953,4
1240208,4
1172262,3
1250433,3
1217514,3
1178361,4
1244099,6
1210590,3
1309123,3
1015864,5
1267251,3
1146543,6
1259054,1
1155276,3
1052575,1
1035394,1
1231446,1
1146638,5
1274518,3
1271685,3
1130705,6
1279885,5
1114209,4
1109932,4
1022350,2
1136304,1
1083335,6
1286411,4
1103676,3
1104908,4
1273843,3
1245355,4
1112584,6
1160967,3
1266014,1
1282593,6
1010665,5
1221456,6
1164695,4
1040328,4
1066268,3
1312951,6
1080312,6
1166363,3
1146222,6
1275376,3
1160693,1
1217994,4
1250464,6
1257901,3
1076540,5
1223519,1
1176441,6
1232929,1
1183617,4
1037719,5
1323739,6
1180770,1
1071382,5
1274202,5
1061404,6
1017582,4
1054086,5
1089066,4
1290428,3
1259204,3
1212733,4
1319189,1
1043190,3
1194743,4
1011390,3
1179486,6
1119064,6
1123888,3
1120933,3
1197973,6
1261816,1
1014910,5
1201422,1
1019720,4
1193803,2
1141275,1
1068462,2
1165373,3
1311335,4
1280440,5
1299552,4
1037524,4
1046454,1
1069242,5
1241076,6
1108952,6
1084926,3
1051168,4
1128566,5
1086894,3
1046307,6
1275022,3
1011619,3
1094881,6
1107974,3
1010077,3
1217811,5
1323254,6
1123749,6
1214521,3
1211263,1
1199137,1
1109204,3
1068049,4
1169735,4
1143109,1
1025760,3
1078543,4
1024313,4
1225187,5
1325310,3
1312101,1
1320442,6
1235331,3
1296987,6
1240328,3
1283446,4
1149602,6
1217389,3
1094981,6
1007772,3
1312325,4
1079574,4
1083478,3
1107911,4
1324789,4
1287890,4
1105004,6
1152076,4
1093546,1
1176092,1
1214499,3
1163995,5
1146004,4
1275181,4
1069779,6
1252981,1
1248979,6
1162941,6
1094725,3
1027269,5
1204831,3
1112149,3
1013194,6
1190002,4
1220842,4
1001990,5
1053351,4
1306295,6
1306543,6
1238369,4
1088611,4
1276528,3
1206029,4
1226062,6
1019093,3
1205203,4
1015635,5
1242320,1
1304552,5
1065618,3
1041389,6
1062339,4
1057346,2
1139983,5
1250826,3
1063697,1
1135148,6
1106593,6
1051151,4
1295032,1
1021191,4
1180495,4
1217256,4
1180298,1
1159412,6
1295254,5
1275749,4
1306675,3
1311651,5
1132270,1
1303632,6
1090641,7
1218339,5
1285616,3
1172402,4
1075289,6
1206260,6
1286818,4
1198502,3
1297754,6
1262361,1
1305761,4
1307080,1
1192195,6
1290544,6
1176697,6
1142299,1
1206699,1
1083768,6
1302663,4
1075679,1
1143088,5
1239354,3
1250083,5
1203279,1
1240755,3
1068778,6
1244815,6
1302610,5
1111046,5
1229127,1
1036060,4
1116112,5
1282448,7
1324294,6
1086337,6
1036989,6
1215404,5
1182363,3
1272187,1
1102617,4
1006464,4
1247380,6
1192652,4
1117454,6
1075065,3
1040376,3
1042841,1
1041107,3
1249313,3
1001186,4
1081003,4
1036139,5
1140786,6
1179447,6
1020462,1
1062203,1
1291946,3
1011874,6
1262918,6
1304127,1
1008716,1
1022386,4
1128365,3
1065467,5
1137669,3
1233622,3
1261883,3
1006083,3
1002415,5
1321538,6
1098757,6
1145182,3
1198347,6
1022779,1
1115195,4
1292693,3
1098485,3
1123928,6
1311604,5
1088003,4
1165380,6
1178102,5
1008766,3
1316182,6
1039211,3
1110505,6
1302279,1
1250032,6
1312506,5
1284371,4
1253746,5
1237261,3
1181984,6
1315552,3
1153717,1
1035425,3
1024711,5
1242651,6
1239589,4
1148120,4
1035091,6
1168158,3
1118958,3
1312010,3
1104465,3
1228885,1
1199227,6
1307731,3
1299224,4
1176038,3
1227291,5
1316000,6
1241293,3
1187536,1
1318558,6
1251144,3
1152091,6
1015660,4
1194089,3
1075978,3
1302450,3
1318345,6
1145680,3
1115846,4
1036316,1
1325531,1
1025456,3
1302379,4
1019513,6
1105413,6
1270275,6
1109737,3
1176578,6
1084982,6
1052204,5
1301613,1
1277265,1
1164911,2
1112823,5
1005061,4
1317537,3
1027670,6
1001598,4
1181247,5
1081239,4
1030810,3
1002529,5
1026634,3
1089368,1
1099271,3
1003237,6
1198536,6
1288507,3
1301933,3
1207776,6
1090262,6
1085689,6
1167874,3
1190235,5
1000085,3
1032855,5
1311664,3
1107797,4
1293948,3
1285406,4
1297469,6
1032124,5
1117191,3
1268476,4
1117702,6
1268150,5
1088258,5
1230185,3
1278425,4
1129371,4
1298583,3
1009119,6
1222991,6
1240785,1
1223687,4
1266585,5
1182247,3
1310742,1
1002211,4
1248051,4
1290706,4
1142392,4
1143413,5
1013631,4
1297242,6
1066056,6
1222181,3
1149982,6
1066970,4
1275996,3
1172552,1
1323753,4
1318081,5
1256337,3
1072832,4
1097806,6
1189299,4
1082335,5
1288498,3
1016855,3
1004092,5
1103152,6
1302544,3
1268508,3
1189166,5
1031989,1
1061027,5
1077734,1
1151652,4
1015399,4
1136840,3
1090237,4
1284195,4
1022863,1
1298822,3
1229353,5
1025306,5
1144683,6
1306898,5
1296102,3
1000152,2
1129423,1
1247019,4
1265367,6
1126702,6
1083887,4
1313955,4
1293649,1
1096905,5
1296310,1
1218072,3
1119211,4
1230444,4
1027580,4
1104005,3
1011477,3
1223416,1
1178211,3
1087678,5
1218728,6
1020023,6
1199521,6
1164270,4
1213447,3
1200690,6
1099786,4
1211651,6
1193379,4
1178483,6
1038524,6
1131754,6
1104715,3
1174178,1
1230516,4
1295774,6
1136698,3
1026266,3
1255501,6
1324860,4
1033544,4
1142889,3
1162123,6
1245573,3
1060634,3
1223452,3
1256055,3
1162609,5
1312958,6
1199400,5
1281259,6
1322871,6
1262336,4
1218494,3
1200761,4
1281553,3
1074536,4
1302055,6
1036672,1
1241272,3
1216413,1
1317162,6
1304133,5
1235489,1
1011971,4
1283479,1
1196325,4
1012961,6
1049063,4
1219450,1
1224679,5
1015376,5
1059772,6
1034015,3
1306291,3
1027438,3
1137826,3
1133473,6
1136413,4
1221928,1
1038094,4
1218806,6
1013370,1
1027899,5
1054896,5
1047470,6
1142840,6
1139864,3
1226267,5
1274832,4
1296748,6
1196266,3
1234344,5
1310359,6
1046620,6
1035334,4
1022093,5
1317894,5
1242024,4
1000742,3
1205151,3
1082747,6
1035266,1
1246743,1
1112631,5
1062684,3
1075237,4
1207822,5
1114809,3
1053731,6
1198571,6
1165621,4
1235377,6
1155115,3
1173750,4
1014029,1
1132767,4
1266894,4
1173727,3
1189175,1
1292053,1
1032716,3
1210799,3
1231941,3
1004176,6
1065588,6
1172540,6
1096451,6
1278969,3
1005008,3
1133115,4
1200402,4
1279134,3
1082813,6
1174159,4
1154439,2
1225499,4
1218615,4
1294611,4
1104773,5
1137994,1
1029069,3
1102382,6
1279369,4
1059829,1
1142339,5
1012012,6
1025454,5
1091094,5
1031960,4
1241701,3
1058316,1
1230917,4
1284448,5
1094674,6
1238613,7
1060215,4
1103384,6
1142645,4
1254428,3
1118168,3
1082861,1
1123903,6
1003377,3
1283462,4
1301339,6
1219933,3
1014597,4
1029846,1
1210312,6
1318083,6
1025168,6
1035193,4
1163345,6
1094625,5
1051149,1
1232544,3
1142595,6
1214376,4
1107740,6
1214010,5
1105925,6
1132326,3
1138947,6
1165383,6
1130856,4
1071956,4
1197864,5
1282711,6
1316361,4
1174012,3
1088281,6
1156351,4
1013526,5
1193581,3
1177255,4
1136149,3
1073910,6
1114701,4
1140389,4
1321984,3
1242912,3
1197297,3
1264268,1
1062811,1
1325171,4
1073794,6
1104437,1
1158148,4
1232792,3
1152615,6
1307723,3
1125739,6
1220420,3
1210302,5
1207462,3
1134149,4
1226997,6
1120331,4
1081029,4
1238685,4
1156346,3
1283111,6
1028509,5
1117993,3
1155144,3
1110613,3
1305936,4
1163244,1
1195053,4
1141589,4
1140313,6
1238731,5
1062682,5
1164837,1
1015664,4
1158253,4
1304774,3
1079493,4
1192201,6
1018087,6
1250103,4
1082371,3
1000993,1
1313071,3
1178523,5
1121050,3
1287903,5
1251859,6
1097676,6
1089548,5
1287760,6
1324289,4
1012474,4
1270136,5
1186301,4
1063034,6
1161508,3
1166196,5
1094146,6
1070405,6
1165465,4
1096847,4
1096525,4
1153806,1
1030706,6
1297150,6
1207467,4
1045012,3
1267247,6
1187777,3
1103850,1
1012829,5
1042314,4
1156280,5
1224971,6
1210258,4
1241185,1
1070758,3
1102052,4
1057583,1
1189626,4
1130996,4
1133290,3
1206562,4
1217173,6
1026841,6
1053949,3
1009010,6
1044261,4
1271274,5
1184083,1
1222728,4
1293506,6
1113417,1
1309280,3
1178074,4
1021741,6
1038514,4
1202976,6
1317031,2
1311143,1
1078406,3
1147566,3
1088057,5
1307309,1
1027948,1
1166421,6
1311721,4
1205905,4
1177082,3
1072255,5
1070081,6
1189615,4
1162009,3
1112323,5
1114824,3
1268729,4
1201160,4
1212717,1
1221281,3
1149702,6
1144720,1
1203272,4
1257000,6
1186018,5
1153092,5
1222108,2
1243212,4
1224489,3
1203833,3
1007949,6
1003756,1
1287762,2
1003484,4
1129800,4
1093825,4
1307144,5
1317580,4
1275209,4
1061573,3
1015042,6
1061558,3
1196286,3
1023267,6
1106013,3
1315296,5
1159561,5
1178115,1
1106408,6
1064640,3
1059694,5
1291901,6
1309299,3
1296401,1
1045720,3
1220037,1
1206397,4
1163286,3
1222549,4
1308450,3
1026095,6
1243004,4
1255551,3
1184608,5
1026355,1
1129326,4
1314835,4
1082350,6
1231792,3
1047717,3
1155259,4
1292528,6
1036092,5
1203138,5
1236934,6
1074079,4
1001129,1
1007010,1
1182543,1
1231271,6
1173290,6
1105951,4
1224455,6
1059910,3
1291908,3
1322993,3
1023025,6
1026568,3
1143479,3
1309701,6
1233803,5
1119092,6
1098950,3
1230222,3
1202339,4
1233618,3
1112781,6
1161383,5
1090483,3
1063798,6
1170023,6
1315634,1
1040194,6
1168113,4
1273586,3
1306549,5
1281617,4
1003986,6
1166624,6
1118977,4
1109429,6
1274817,6
1063861,6
1166842,3
1178618,4
1152710,1
1266076,4
1123164,4
1237894,6
1149430,3
1103181,4
1308694,1
1319051,1
1013282,3
1270941,5
1186465,4
1187410,6
1214604,6
1298174,6
1097784,6
1032296,1
1129411,1
1297204,1
1218717,3
1126517,4
1100843,6
1199810,1
1005591,1
1098522,5
1208907,6
1212846,1
1172108,5
1059252,3
1160159,5
1108849,1
1265406,6
1153532,1
1003724,6
1084849,4
1056244,3
1129001,4
1094525,1
1260744,4
1074892,4
1293595,3
1011867,3
1027306,6
1325626,1
1239676,4
1292495,3
1051406,4
1244407,4
1187977,3
1235147,1
1076425,4
1252354,3
1216581,6
1275727,5
1164398,3
1129759,4
1215357,6
1269565,4
1308532,4
1310487,5
1320879,6
1060837,3
1012757,2
1047234,5
1036040,4
1302965,4
1184338,6
1046633,3
1264660,5
1174693,4
1239977,4
1105775,6
1318071,6
1150178,3
1310651,3
1066541,4
1006492,5
1224878,4
1054084,1
1168003,6
1158488,2
1150472,6
1077502,1
1185187,6
1303702,4
1163668,3
1018371,3
1191717,3
1056444,3
1074074,6
1116501,5
1033318,4
1236402,3
1121466,4
1067650,4
1186910,1
1066356,4
1106266,6
1028287,4
1000452,3
1226431,6
1306147,6
1041019,4
1210965,5
1033004,3
1205574,5
1267529,3
1052011,6
1220809,4
1027402,4
1250120,5
1086438,3
1152311,3
1235881,7
1135282,6
1277929,5
1323287,5
1319219,5
1156185,3
1256862,1
1235993,3
1121131,6
1146284,3
1098490,3
1142143,5
1019546,4
1059947,5
1243597,6
1168818,3
1006332,4
1197608,3
1088358,4
1245842,6
1030317,5
1119825,4
1072456,1
1294133,6
1173950,1
1216901,4
1016983,1
1026545,3
1036696,3
1044541,3
1039693,4
1289101,5
1268544,6
1043252,3
1123216,3
1006697,3
1261195,1
1095169,5
1318917,3
1172044,6
1228258,6
1124128,3
1148024,6
1075726,3
1266071,6
1256302,5
1181678,3
1081428,1
1116818,6
1231426,3
1003133,6
1302420,3
1024575,6
1206592,6
1171517,4
1041105,6
1136088,4
1268960,5
1205088,1
1319903,6
1324903,3
1138353,3
1253236,3
1113617,2
1111003,5
1004729,4
1232067,1
1172095,4
1256897,6
1019822,6
1017677,4
1020059,1
1203365,5
1241561,1
1268976,1
1109687,5
1099525,1
1190496,6
1018500,4
1057474,6
1022521,3
1056203,1
1156161,3
1248054,6
1292772,4
1040830,4
1296377,3
1256583,3
1036194,5
1187421,3
1021405,3
1132077,4
1234864,3
1059244,4
1014785,6
1248657,1
1140259,5
1067252,6
1262576,1
1006887,6
1148598,3
1263581,6
1109624,5
1101267,4
1172831,3
1148113,4
1275024,6
1310288,6
1224230,6
1281172,3
1234998,6
1277700,6
1155892,6
1077805,4
1095830,3
1036532,6
1141783,5
1197926,5
1229381,6
1015260,4
1145185,5
1319818,3
1269930,3
1215453,4
1317309,1
1305650,4
1127427,5
1058696,3
1272957,6
1288600,3
1169171,4
1298036,6
1001991,4
1074572,5
1104931,3
1201044,5
1250856,5
1213243,3
1175759,1
1115034,3
1001156,3
1157105,4
1209773,6
1140467,1
1037538,4
1178409,5
1325783,5
1110007,3
1041045,4
1099294,4
1157292,4
1109593,1
1066254,5
1156383,6
1151603,4
1161476,5
1082256,6
1302941,4
1111923,4
1199921,4
1267396,3
1299877,6
1240484,3
1142335,4
1072009,3
1305853,5
1080773,3
1187352,4
1111678,1
1093000,5
1299099,1
1307034,6
1002642,4
1011283,4
1121044,4
1044866,6
1215751,3
1124208,1
1298402,4
1140556,3
1219976,6
1105456,4
1050723,4
1303550,3
1186739,3
1259372,4
1084838,3
1005088,1
1097587,6
1075691,5
1008156,6
1279050,4
1250919,4
1241064,3
1093703,1
1076382,4
1107930,3
1100514,6
1120406,6
1205937,6
1133426,4
1298292,4
1160913,4
1247761,4
1057888,4
1234382,1
1190803,5
1048225,4
1166913,4
1146546,4
1287662,4
1055060,6
1025367,3
1308916,3
1171650,3
1275610,3
1308453,1
1217951,5
1279001,4
1316106,1
1233273,4
1297077,3
1125893,4
1056338,6
1318932,3
1066622,6
1022849,6
1091190,3
1141788,3
1134635,5
1280836,3
1056990,3
1047763,1
1088709,5
1148562,6
1161945,3
1043485,6
1026302,6
1259957,3
1179024,6
1137536,4
1225951,5
1294553,6
1074100,5
1075273,6
1115768,4
1089703,4
1152049,4
1031694,3
1065274,3
1255025,1
1129086,6
1177573,3
1315362,7
1318024,1
1022120,3
1189942,4
1324168,6
1219744,5
1186255,5
1222502,5
1262797,6
1133232,4
1111867,5
1212965,1
1122430,5
1178655,6
1103089,5
1314859,6
1137751,6
1001868,5
1277836,6
1192997,4
1281481,1
1182764,5
1004328,6
1146399,3
1166374,3
1293373,4
1145282,4
1241844,6
1137177,4
1116993,3
1190988,3
1213356,6
1101936,1
1121926,1
1104079,1
1056666,1
1107757,5
1213043,5
1195457,4
1028786,3
1270638,3
1043575,3
1281961,3
1104099,1
1184807,6
1193938,4
1267551,4
1157525,6
1238048,4
1153238,1
1323927,3
1072026,6
1017082,5
1169748,4
1320073,6
1057912,4
1258285,4
1124750,5
1081076,1
1162330,3
1239466,6
1238117,5
1128430,4
1065004,4
1258774,1
1166439,6
1071790,1
1226234,2
1241257,3
1055767,6
1113374,6
1319014,2
1190403,4
1192206,4
1241979,5
1135937,6
1044296,1
1283789,3
1207963,3
1018413,4
1229788,3
1269855,4
1209933,6
1246084,4
1239551,6
1155880,1
1239921,6
1054357,6
1191354,3
1159950,3
1284819,3
1309255,6
1199291,1
1019990,6
1042974,4
1316930,5
1110607,6
1231955,3
1101546,3
1148890,1
1168655,6
1238201,4
1304603,3
1237836,6
1030428,4
1187102,3
1132295,5
1097227,3
1293129,3
1081679,6
1313647,6
1070510,5
1222354,6
1019572,4
1126071,1
1028313,5
1317154,6
1072299,6
1315714,3
1034543,5
1021907,4
1126948,6
1011947,3
1316824,4
1205870,4
1298831,4
1305363,5
1150023,4
1101430,6
1314057,4
1259452,3
1074175,4
1101375,5
1043145,5
1058998,6
1309744,6
1170170,6
1109833,6
1115453,6
1069775,6
1324957,3
1080893,6
1280872,1
1201507,3
1150896,6
1044019,1
1227393,4
1215414,5
1132128,5
1050989,3
1137467,5
1125108,7
1281197,5
1011794,6
1057676,6
1228612,1
1201305,1
1100681,6
1139759,4
1174876,4
1322523,3
1197856,1
1077554,5
1237598,6
1147646,4
1124225,4
1080674,3
1237528,4
1305941,5
1084956,3
1263157,1
1027790,4
1068454,6
1191507,4
1016610,5
1306501,2
1175184,6
1187708,5
1102305,3
1025061,6
1037348,4
1038330,6
1147483,5
1113699,5
1125347,4
1170630,6
1245408,4
1240492,5
1194228,5
1059453,7
1064589,3
1084447,4
1313311,1
1189283,4
1112286,6
1253411,6
1267578,3
1138927,6
1312890,4
1151098,4
1259181,1
1149058,1
1071465,5
1074361,3
1149211,3
1134036,6
1126947,5
1036933,1
1073439,3
1004115,3
1052312,5
1034952,6
1259547,6
1188798,4
1264415,3
1026665,1
1007364,6
1157419,5
1254068,4
1164214,1
1185349,3
1286998,5
1157607,3
1021294,3
1251538,3
1031870,4
1157357,3
1006110,4
1166520,6
1299362,6
1030095,1
1155368,4
1120353,5
1120575,4
1233476,3
1297251,6
1099592,3
1067942,4
1249149,4
1091524,6
1088098,5
1140069,6
1085222,6
1216640,6
1134289,5
1135277,1
1244675,4
1078434,3
1003399,5
1168154,3
1189924,4
1299501,3
1236847,3
1053462,1
1208958,4
1288401,6
1122424,6
1209031,4
1295592,6
1253451,4
1318546,1
1202002,6
1286638,6
1135807,6
1139592,5
1005686,1
1056362,4
1103099,3
1008930,5
1289574,3
1293670,1
1263313,4
1178617,6
1169571,5
1134291,1
1203044,5
1145929,4
1101636,4
1139762,6
1112385,1
1088367,4
1315344,4
1149481,6
1235631,4
1061361,4
1169943,5
1021151,5
1242342,5
1140462,3
1254058,3
1006863,4
1269107,6
1274461,5
1262132,4
1280537,6
1241375,6
1145597,3
1052391,1
1185570,3
1197252,3
1125354,6
1071202,5
1083344,6
1262494,3
1204835,3
1240992,5
1299606,4
1238149,3
1132338,4
1277085,3
1253960,1
1157545,5
1013422,5
1192559,4
1088371,1
1252340,5
1161439,1
1112540,6
1210042,7
1257592,4
1277441,5
1105771,3
1138469,3
1024979,5
1255854,3
1173807,3
1136012,6
1185002,4
1071347,4
1312483,5
1138078,6
1222419,6
1305640,6
1271001,3
1234278,1
1054547,1
1117290,3
1143334,1
1285555,5
1152650,4
1157872,6
1040057,5
1030582,6
1086174,6
1088905,3
1188497,6
1111512,5
1069663,5
1130566,5
1285050,6
1277013,3
1292269,6
1169313,6
1307611,5
1266653,5
1175821,6
1220763,1
1212341,6
1082369,3
1093276,4
1184747,4
1022858,4
1021632,3
1231143,4
1110135,6
1274042,6
1010412,3
1248192,4
1202419,3
1248091,4
1293534,3
1208731,6
1272338,1
1151690,4
1290767,4
1054792,3
1320420,6
1157470,4
1061578,1
1290194,6
1237282,6
1086871,5
1268705,6
1009822,4
1276067,1
1296577,6
1234625,6
1142116,3
1232775,1
1061121,6
1067722,5
1258236,6
1230602,5
1302939,1
1217446,3
1159650,4
1240114,6
1281736,6
1093262,4
1057407,3
1186174,3
1069971,5
1113305,4
1107659,4
1175299,4
1042711,6
1128077,4
1047438,6
1098285,6
1209377,5
1044549,6
1167641,4
1002929,1
1130215,5
1146563,3
1221624,3
1307311,1
1214691,4
1068756,3
1249260,6
1130643,3
1146085,6
1235283,6
1069578,6
1323971,1
1020017,4
1107067,4
1170172,4
1247295,4
1296123,1
1166714,4
1244653,4
1039417,6
1158160,5
1281527,4
1089604,1
1253185,4
1320252,3
1116092,3
1289171,6
1305179,5
1034082,1
1126726,3
1296274,1
1156529,4
1302398,6
1035247,4
1012386,1
1233764,4
1187015,5
1082114,4
1261878,6
1139141,3
1243932,4
1272893,4
1166564,5
1111984,2
1069378,4
1226480,5
1040614,4
1059396,5
1287218,6
1038098,6
1252060,1
1320536,4
1016934,3
1162594,3
1151763,3
1058462,5
1176843,3
1140196,6
1015861,5
1088246,5
1072211,1
1068607,4
1130952,5
1227337,4
1306915,6
1148743,1
1017459,3
1277435,6
1241428,3
1286636,1
1198802,6
1020344,5
1266164,4
1301633,4
1034894,6
1112170,1
1273690,5
1173411,6
1133612,4
1276785,5
1313467,5
1269177,5
1202088,4
1141179,5
1074960,5
1156140,3
1063142,5
1285213,6
1155735,1
1201379,5
1171211,6
1281346,6
1296833,5
1155606,4
1313612,4
1213834,5
1205294,3
1047181,3
1192390,1
1102726,5
1089995,4
1123733,5
1230943,5
1170870,3
1319000,3
1156008,3
1022837,3
1281442,3
1200923,4
1320533,3
1190794,4
1108378,5
1111154,3
1124407,4
1314846,5
1058931,6
1072929,6
1186936,3
1033197,6
1046814,4
1065985,5
1310015,3
1311420,5
1018651,1
1289036,5
1145168,3
1256688,5
1027730,3
1041577,4
1164978,6
1119729,4
1098502,4
1069613,4
1254546,6
1026224,1
1064959,3
1024033,1
1234397,1
1050092,4
1247279,6
1039090,6
1222005,6
1136080,5
1011827,4
1233175,4
1268111,6
1249016,6
1150212,5
1024265,3
1116755,3
1009487,4
1110471,3
1124449,3
1297486,4
1253053,3
1200951,5
1074553,5
1303465,4
1171054,6
1279933,6
1063601,4
1196353,3
1055710,4
1240086,4
1196173,5
1300191,3
1273226,3
1270150,3
1146481,4
1193286,6
1014927,6
1251864,2
1043915,6
1080929,6
1153709,4
1097034,4
1248957,3
1320885,4
1146965,1
1272430,6
1264526,4
1199615,1
1216752,3
1113619,3
1259228,3
1271478,6
1160252,4
1107353,1
1198448,5
1034515,3
1132993,5
1205408,3
1323798,4
1321934,6
1167709,6
1126539,4
1180000,6
1225630,6
1220726,1
1110700,4
1213101,3
1282547,3
1003714,6
1109745,3
1261522,4
1309338,5
1132753,5
1312359,4
1109582,6
1187334,3
1075003,5
1181226,4
1244296,4
1216893,5
1251450,6
1094388,6
1134365,1
1278142,6
1309635,6
1033193,3
1262743,4
1146052,6
1293856,6
1187929,1
1289841,3
1305714,6
1243802,3
1002020,3
1217053,6
1242410,1
1179504,3
1207418,3
1309916,6
1214988,5
1233034,3
1059574,3
1084826,4
1304340,3
1014344,4
1144527,5
1006273,5
1028855,6
1207987,5
1130635,3
1004712,4
1190778,4
1250090,6
1082469,4
1241316,3
1272201,5
1046371,6
1036770,5
1131069,6
1042743,6
1047649,5
1060156,6
1102561,6
1280484,6
1212150,3
1190461,3
1237441,4
1268128,4
1018095,5
1189629,6
1097705,6
1084465,6
1053944,5
1249727,6
1071426,1
1120486,5
1115056,3
1025965,5
1120581,1
1055072,4
1312342,1
1156406,3
1061374,4
1172221,1
1183768,1
1110269,5
1291216,3
1265125,6
1222691,5
1159694,5
1081468,6
1186765,3
1167994,1
1236298,6
1073378,1
1274104,3
1044914,5
1014341,4
1185907,6
1264675,6
1312361,6
1002231,4
1212882,6
1252420,1
1241123,5
1083218,4
1321223,4
1145893,7
1272486,3
1226942,4
1031515,5
1000185,6
1148345,6
1027547,1
1003773,6
1161698,1
1170161,6
1114797,4
1160378,3
1255812,3
1321170,6
1259635,6
1055939,3
1019635,6
1138892,1
1287161,3
1257309,4
1281729,1
1158659,6
1147853,4
1175349,1
1031326,5
1130694,5
1263968,4
1201478,6
1018878,5
1088404,1
1061415,4
1122783,5
1013602,6
1171490,1
1150473,6
1068409,5
1010369,4
1264679,3
1176060,5
1143373,3
1086247,1
1124122,3
1265740,3
1037580,5
1120558,4
1217603,6
1241798,5
1078539,4
1299073,5
1231990,6
1144826,5
1045558,5
1188472,4
1247599,1
1263200,6
1138827,1
1003640,1
1023417,1
1292757,1
1117719,3
1079052,4
1320727,6
1284606,5
1180048,5
1200534,3
1248976,6
1318770,3
1213354,5
1258510,5
1141645,5
1229457,3
1032187,6
1085017,2
1289481,5
1099709,4
1114933,4
1033594,3
1020878,4
1079675,1
1320448,6
1317340,5
1255544,5
1311016,1
1148526,3
1139206,3
1133377,5
1005732,6
1008521,5
1232582,4
1309857,5
1145515,6
1072314,6
1026347,6
1137729,5
1062519,1
1060142,5
1049380,4
1219705,1
1015934,4
1044575,5
1088310,3
1292519,4
1163173,6
1230316,3
1041142,5
1212325,6
1236164,4
1251587,5
1047339,4
1205682,3
1145138,5
1237757,1
1187302,4
1044710,1
1278278,5
1204356,5
1037913,6
1166333,1
1124698,4
1123401,6
1318087,6
1270009,4
1201699,6
1040123,6
1036776,3
1269477,4
1088704,5
1262915,4
1196487,5
1130002,3
1224603,7
1185332,5
1325579,1
1190869,5
1182444,6
1073973,3
1255579,3
1195798,6
1037110,1
1267767,5
1008940,5
1132549,6
1235002,3
1139685,6
1114788,4
1096838,5
1008749,1
1061465,5
1184506,3
1127803,4
1133690,4
1243227,3
1214973,4
1027516,5
1043489,3
1155283,5
1167825,3
1067550,6
1186810,5
1279247,5
1226366,6
1296200,1
1033508,1
1284654,1
1017991,4
1093039,4
1178097,4
1310797,4
1051077,3
1184084,3
1034971,6
1098232,3
1040142,6
1191530,4
1256621,3
1201977,6
1275697,5
1092489,5
1185967,3
1248965,3
1101455,5
1313485,4
1046564,6
1177100,3
1108137,3
1206479,6
1270211,6
1235148,4
1200796,1
1113887,5
1259399,4
1101404,5
1109153,4
1106686,4
1040161,4
1015018,3
1115537,5
1137316,4
1062424,5
1028796,6
1260438,6
1069096,6
1153791,5
1141248,3
1261868,1
1103708,2
1318210,5
1046457,6
1194462,6
1231599,5
1230739,6
1237704,3
1052193,5
1203249,2
1159904,3
1002218,5
1064683,3
1018493,4
1126616,6
1030453,6
1242617,3
1027394,4
1060593,1
1232104,1
1204385,5
1193755,5
1105680,5
1218870,1
1095150,1
1153219,1
1169314,6
1106198,5
1127621,3
1194814,4
1213701,6
1191852,3
1232694,6
1318276,6
1083304,4
1142297,6
1170321,6
1088633,4
1186070,5
1137245,3
1052891,5
1079268,1
1314096,3
1252008,5
1022432,3
1117514,4
1094647,5
1190236,5
1152959,4
1314164,6
1122285,4
1085547,6
1297127,4
1219600,1
1003393,4
1230708,1
1282185,5
1028053,4
1313237,3
1189141,4
1194987,5
1261999,3
1139426,3
1191907,4
1094289,3
1262148,3
1142570,4
1193332,5
1288579,6
1034409,3
1132005,3
1257272,6
1160004,3
1065796,1
1005880,1
1234670,6
1115021,6
1070040,1
1154455,3
1084667,3
1040170,6
1316643,3
1325499,6
1215036,6
1237406,3
1208748,5
1323308,5
1271975,1
1134009,5
1151416,1
1027824,4
1144198,3
1103631,5
1010720,3
1088866,3
1220003,1
1092457,4
1256103,6
1184641,6
1274483,4
1106384,4
1282301,6
1281600,3
1225999,6
1030887,6
1171321,6
1257815,1
1043246,1
1066019,4
1178927,4
1110129,4
1265730,5
1263420,4
1239553,5
1137455,1
1145971,4
1224923,1
1324636,6
1023563,3
1133548,4
1153684,6
1142641,5
1236786,1
1223575,3
1106801,5
1039632,4
1084283,5
1097874,4
1122291,4
1006663,3
1266297,5
1026233,5
1142932,3
1157069,4
1192151,3
1159355,1
1149343,6
1191715,6
1069769,3
1194210,3
1042993,6
1309837,4
1164587,5
1271969,1
1242955,5
1025884,3
1299218,3
1032161,6
1158635,3
1037819,4
1313294,4
1095486,5
1015263,5
1006743,1
1063319,6
1051874,4
1200190,3
1258271,1
1095766,3
1159492,4
1080482,4
1025485,6
1314572,6
1081125,4
1032441,4
1111901,3
1052882,4
1225828,5
1297676,3
1070177,6
1063987,5
1243761,5
1002378,6
1074708,6
1240148,4
1107761,3
1232955,1
1299136,3
1064280,3
1018349,4
1040751,5
1039456,5
1153704,4
1293844,5
1279783,1
1000548,1
1017212,3
1246302,6
1267408,4
1027716,6
1051533,4
1276944,1
1293462,3
1256794,4
1172578,4
1200144,6
1001073,4
1021581,5
1108951,5
1325321,4
1005828,6
1116110,4
1201750,3
1036818,4
1206383,5
1222037,6
1285224,3
1011186,6
1100108,1
1063138,1
1167767,6
1066890,3
1201733,3
1087384,6
1035270,5
1083362,3
1314483,5
1193188,4
1160051,4
1093973,4
1020073,5
1101609,3
1021555,6
1081314,3
1130588,6
1224568,4
1274231,3
1134653,3
1172610,4
1120175,1
1312517,5
1174326,5
1185252,3
1012668,6
1238085,3
1149747,4
1099548,3
1287464,4
1045901,1
1144755,5
1299401,3
1145806,3
1147547,6
1155778,6
1277511,6
1165166,5
1070032,3
1324879,6
1170493,6
1220458,6
1244636,3
1064154,3
1236154,3
1002248,3
1243176,6
1269784,3
1174110,3
1148075,3
1061756,5
1149931,3
1214005,3
1255846,6
1105173,3
1277961,4
1045487,4
1272699,3
1314850,1
1277481,6
1278965,3
1126197,3
1178681,6
1010511,6
1272287,3
1137787,4
1211308,3
1091997,4
1072403,4
1166438,4
1157585,1
1270918,5
1192184,3
1066449,3
1007034,6
1258773,5
1026705,4
1227010,4
1187674,4
1127579,5
1284428,5
1209974,3
1246443,1
1155011,4
1298471,3
1136033,5
1133557,4
1035020,3
1251267,4
1292630,6
1299079,3
1038877,3
1021636,5
1247465,5
1285337,4
1278691,6
1014165,6
1071349,3
1148875,4
1190788,1
1002695,3
1213384,4
1123162,5
1267673,3
1250646,1
1112144,3
1079578,6
1011259,4
1100756,1
1281863,6
1040426,4
1213310,4
1302622,6
1165838,3
1076302,4
1310755,3
1272554,6
1106931,5
1216212,3
1140960,1
1184335,3
1172466,5
1203032,1
1035427,6
1269674,1
1300861,2
1224726,6
1281274,6
1154996,1
1285019,6
1290912,3
1153649,3
1269527,4
1239759,4
1098403,6
1033416,5
1275475,6
1293472,3
1185689,5
1148629,3
1174315,4
1067507,4
1253873,1
1003473,6
1003382,6
1032747,4
1052223,6
1243677,5
1211307,4
1094291,6
1001152,3
1223101,1
1195355,6
1211462,3
1282811,3
1290314,6
1163812,4
1137386,4
1291941,3
1295042,3
1123864,6
1014850,6
1316170,4
1177319,1
1206552,4
1073919,5
1021996,6
1185053,3
1265058,5
1035857,3
1188411,6
1042237,6
1183697,4
1226798,4
1258748,6
1061148,4
1090806,3
1028967,4
1309951,6
1318477,4
1216865,1
1302628,4
1011071,3
1007924,6
1018300,6
1042072,6
1145826,4
1238030,6
1022497,5
1266701,3
1152414,3
1240824,1
1094321,4
1091618,5
1055499,4
1096348,3
1203288,1
1148614,4
1307042,4
1131954,6
1077267,3
1126090,3
1156261,6
1059098,3
1116003,3
1239029,4
1223303,5
1138481,5
1112307,6
1182673,6
1188178,4
1118836,1
1019026,6
1159910,6
1316289,3
1085138,5
1176204,4
1091912,3
1276293,3
1158340,6
1249142,3
1194958,3
1271432,3
1187167,4
1181572,3
1259777,6
1018152,1
1160338,5
1200684,6
1212415,6
1282112,6
1021876,4
1269125,4
1070688,6
1217751,4
1104415,5
1218574,4
1048566,5
1292984,4
1321951,6
1086714,5
1071668,5
1219369,6
1244938,1
1031028,3
1295165,6
1309257,3
1185653,6
1312706,6
1005097,3
1304869,1
1110500,3
1234869,3
1035564,6
1147128,1
1069014,3
1141761,6
1049439,5
1216372,4
1199140,4
1262828,3
1235273,6
1228153,4
1025428,5
1257837,3
1122800,1
1301086,4
1104647,3
1232632,3
1235685,1
1112137,6
1290359,6
1022512,1
1097780,3
1161166,2
1210085,5
1016063,5
1091522,1
1136945,3
1141386,6
1133313,6
1238624,6
1076956,4
1079629,3
1269616,4
1207409,6
1052846,3
1233850,6
1236012,5
1211775,4
1220997,4
1019939,6
1129717,6
1109505,4
1062239,7
1141891,3
1231548,4
1027530,3
1212300,4
1279413,6
1128450,4
1212467,3
1148257,1
1275196,3
1012176,6
1281725,3
1052655,1
1050791,4
1223152,7
1205727,3
1221963,6
1197225,6
1006179,3
1132940,6
1259705,3
1173564,6
1053377,4
1194212,6
1256677,1
1120136,3
1243775,6
1078900,5
1166186,6
1175205,1
1032077,4
1016746,3
1290065,4
1297228,5
1007508,6
1122214,4
1142512,5
1115376,5
1205098,4
1055668,5
1159323,3
1320329,3
1008987,6
1086657,4
1151525,6
1090398,4
1131335,1
1143610,6
1050450,4
1208807,1
1285651,5
1191362,6
1056802,5
1278821,3
1038461,5
1289119,6
1287367,3
1046735,4
1212609,4
1222512,1
1279515,4
1097453,2
1318620,4
1228724,3
1053894,3
1273839,4
1227832,4
1038365,5
1236578,4
1181583,5
1128037,3
1189934,3
1210040,1
1253433,3
1160587,5
1317330,6
1175225,6
1231852,5
1261182,6
1098592,3
1227863,4
1027296,3
1047055,1
1008462,6
1308123,6
1194254,5
1238636,5
1287492,6
1241457,4
1108293,2
1166009,4
1294710,6
1138630,3
1200400,6
1136574,6
1316045,3
1157219,4
1186883,1
1167847,1
1128609,3
1270327,6
1028220,3
1040803,3
1249777,6
1010046,6
1268442,4
1178694,3
1014870,4
1191146,4
1318013,6
1322048,4
1023806,4
1292039,6
1149725,5
1029608,5
1263542,3
1179954,6
1118528,3
1171028,1
1193431,4
1216196,5
1199129,6
1149712,6
1029092,1
1204259,3
1115822,4
1191743,6
1013233,6
1273897,3
1257884,6
1308444,5
1114789,5
1141721,4
1067791,3
1038095,6
1099738,3
1137600,5
1147992,4
1265014,1
1051212,1
1237621,1
1170280,6
1278592,3
1180976,4
1022600,3
1249942,1
1230601,4
1144383,6
1161409,6
1183736,5
1142592,4
1184779,5
1323245,4
1262247,6
1229108,3
1311039,6
1112516,5
1311180,3
1083676,5
1170503,6
1242402,4
1094338,5
1191779,5
1267761,1
1195441,6
1206240,5
1145742,6
1024157,6
1115751,5
1285210,5
1166497,6
1066677,1
1241430,3
1224649,5
1183409,5
1277484,5
1222784,3
1218038,3
1144615,5
1112339,3
1191798,6
1156041,6
1257970,6
1000496,6
1072675,3
1290690,1
1135594,4
1038468,5
1031268,3
1196197,4
1012298,5
1133791,4
1173723,3
1019055,1
1288421,3
1100276,3
1109914,5
1057727,4
1272220,3
1076965,6
1235884,4
1244012,4
1242291,6
1276003,4
1286660,4
1323622,4
1242922,3
1287236,6
1161044,4
1263795,4
1237594,3
1231890,6
1029947,5
1256518,4
1136585,6
1299847,4
1018786,1
1205573,6
1253031,1
1269970,5
1046907,5
1099204,1
1024733,6
1214051,4
1149153,3
1262860,5
1184061,5
1142436,5
1306626,1
1046382,6
1263696,6
1087167,4
1166457,3
1092288,1
1286320,1
1185257,3
1285650,1
1279980,5
1070668,3
1182716,4
1295587,6
1071101,4
1084044,6
1264705,5
1318977,5
1095076,1
1311345,6
1163555,3
1164563,5
1242288,1
1158744,6
1231607,3
1193654,4
1023554,4
1325230,3
1133242,3
1152440,4
1299177,4
1049649,6
1323483,5
1144856,3
1138231,1
1147770,4
1210115,3
1202754,6
1086070,4
1238926,3
1292117,5
1163009,5
1142854,4
1133397,6
1210756,3
1303485,6
1223378,6
1038409,3
1263567,3
1222113,3
1250375,4
1069842,3
1018108,1
1192754,3
1059259,6
1028653,1
1046727,5
1159166,3
1300990,1
1309414,5
1174279,1
1125509,4
1232675,6
1144841,4
1043759,6
1155794,4
1323547,4
1151519,6
1033111,5
1195800,1
1177877,4
1049334,6
1070103,1
1227098,3
1092270,3
1078719,1
1212426,1
1206960,3
1087621,6
1218691,3
1231750,3
1014363,6
1021369,3
1169853,6
1067433,3
1073756,6
1005548,6
1033902,4
1184421,3
1108338,3
1151742,4
1201890,6
1093403,6
1099141,6
1119858,4
1058595,1
1210148,4
1158087,6
1040820,3
1155965,6
1086525,3
1049321,1
1241755,6
1111189,5
1207077,6
1301190,1
1101175,4
1298343,3
1227799,5
1314049,4
1125440,4
1255006,5
1051880,6
1266265,3
1029739,1
1073568,4
1108397,3
1161993,3
1267311,3
1244839,1
1142867,6
1308886,5
1032795,3
1249171,5
1198711,6
1209452,3
1136202,5
1308193,6
1229016,4
1188971,4
1282802,1
1017160,1
1174615,1
1022645,3
1172988,4
1228092,5
1056606,3
1201292,6
1324668,3
1096341,3
1140385,4
1302349,6
1201351,3
1130690,4
1308602,3
1321787,1
1097361,4
1311437,6
1064326,6
1045328,1
1091692,1
1152853,4
1284084,6
1186253,3
1261325,5
1010167,6
1058537,3
1253247,4
1303215,6
1000933,5
1031915,6
1032695,5
1219907,1
1055208,4
1006923,3
1001970,5
1001346,3
1022962,3
1117112,6
1255205,3
1150168,4
1138457,3
1175318,5
1225904,4
1243960,5
1201818,4
1312689,6
1265386,4
1056179,3
1228388,1
1199413,3
1047495,4
1310552,6
1216992,4
1147495,1
1231368,4
1201576,5
1000290,6
1002701,1
1078172,3
1287967,4
1206738,4
1283440,4
1105104,4
1271223,6
1088531,4
1165221,5
1276631,5
1020587,6
1008864,3
1257456,6
1142137,3
1227666,1
1316390,4
1015900,5
1001439,3
1209836,4
1159364,4
1244861,6
1122616,6
1221771,4
1004754,3
1264018,5
1009999,3
1222477,5
1154081,4
1179585,6
1152139,5
1036124,6
1096674,3
1112865,4
1323671,4
1224636,4
1205491,6
1110842,4
1276864,5
1259626,5
1101691,4
1241460,4
1042603,3
1107477,4
1255930,3
1098415,3
1188204,3
1119876,6
1274442,3
1013104,3
1041615,3
1166189,4
1096576,4
1168310,1
1243426,3
1285631,6
1160698,3
1233917,5
1200425,4
1019181,3
1037995,5
1160025,3
1092448,6
1003140,3
1057751,3
1293350,3
1091091,4
1195283,6
1039666,6
1202066,6
1285807,4
1270086,5
1263147,3
1062327,3
1138576,5
1085739,1
1071291,4
1110491,6
1261606,4
1056705,6
1321896,6
1156230,5
1133631,3
1030253,5
1127820,3
1290031,6
1226060,1
1082855,4
1097265,4
1193295,4
1193492,6
1105285,6
1008323,4
1320913,1
1287659,4
1246700,4
1324372,6
1005312,1
1318742,6
1045728,5
1274619,3
1124057,2
1153742,3
1273656,6
1320679,3
1146583,6
1016439,3
1151316,1
1005213,3
1207567,4
1308299,6
1317068,6
1275021,4
1227265,6
1125218,4
1009413,3
1214772,4
1055294,6
1091602,3
1127147,6
1060058,6
1250573,3
1206819,3
1067154,4
1013483,5
1107388,6
1026471,6
1081361,6
1142222,6
1049140,1
1122586,4
1105875,3
1262780,5
1008499,4
1220840,3
1205359,5
1181773,6
1184896,4
1271919,6
1133884,4
1206450,4
1310894,4
1266867,6
1018742,3
1143785,5
1166205,1
1172649,3
1317093,4
1218577,4
1236854,7
1109282,1
1071166,3
1231236,6
1234623,3
1311944,4
1225750,6
1148756,4
1301658,3
1255121,4
1055361,4
1278785,5
1172746,4
1267542,4
1027133,3
1266108,3
1078688,6
1034910,6
1246893,4
1178258,3
1063253,4
1314237,4
1256058,6
1265368,5
1074801,5
1310575,5
1078487,3
1244585,6
1234688,3
1039121,5
1136678,6
1101757,4
1207482,4
1271326,6
1307542,6
1048957,4
1055779,1
1187401,6
1108851,3
1052350,5
1076639,4
1029346,3
1271129,3
1303067,3
1051879,4
1162354,1
1142796,6
1190881,6
1320999,6
1302883,6
1090495,3
1197505,4
1166290,3
1120139,6
1301727,4
1167834,2
1037488,4
1096966,6
1141377,1
1000623,3
1112528,1
1072507,1
1062579,4
1300943,4
1138568,6
1213770,3
1073703,6
1259585,5
1200581,6
1004363,4
1169581,5
1315586,5
1308054,3
1320922,3
1153206,4
1051784,4
1249216,4
1314484,4
1128910,5
1152570,1
1302122,6
1162661,3
1021571,5
1175762,5
1095303,6
1157526,3
1179649,5
1196748,5
1320029,1
1303335,6
1072384,3
1229495,5
1067277,4
1301430,3
1023933,4
1008274,3
1063354,3
1286515,6
1289197,4
1237074,5
1095617,6
1160954,4
1017577,4
1281247,4
1020745,5
1310714,3
1270740,6
1311884,6
1319101,4
1050698,5
1035088,3
1027429,4
1089288,3
1230144,4
1027917,3
1272798,4
1106675,1
1035757,4
1178476,5
1294458,5
1292164,5
1089054,5
1042133,6
1317327,4
1163810,1
1238332,6
1123426,1
1274421,6
1079022,5
1239042,1
1274466,6
1101343,4
1236129,5
1115076,5
1099866,6
1114843,3
1142396,6
1317462,5
1124054,4
1281359,4
1044898,4
1163153,6
1081275,5
1139398,1
1278391,3
1324620,6
1156964,1
1030802,4
1297931,4
1109855,4
1058246,4
1273747,4
1072455,3
1279563,1
1028719,3
1314738,6
1310607,4
1016901,3
1039289,6
1023624,5
1151815,6
1131739,5
1078492,6
1205080,4
1189021,5
1288997,4
1296307,1
1103280,6
1302293,4
1060321,4
1163608,6
1249333,3
1293318,5
1103396,6
1020832,1
1283215,5
1122026,3
1272890,6
1236875,1
1296399,5
1127425,4
1145105,4
1100970,5
1252702,1
1043268,6
1024180,7
1227058,7
1083748,4
1043926,3
1009512,5
1034069,6
1032185,5
1195710,6
1154615,3
1211656,4
1042837,4
1180418,6
1185743,4
1128571,1
1209288,6
1297484,1
1288144,1
1047982,3
1323886,1
1252507,6
1304070,1
1048755,3
1241563,6
1181317,4
1025768,6
1268722,3
1152523,4
1125833,4
1141674,3
1109462,3
1040930,6
1279406,1
1277614,5
1117725,4
1323362,6
1200931,4
1187488,3
1230942,5
1243217,4
1159110,6
1085932,5
1167741,6
1257665,6
1029599,5
1218453,5
1298230,5
1251238,6
1194139,5
1281499,1
1061204,5
1182431,5
1208688,5
1010848,5
1045291,3
1126856,5
1285755,6
1272262,1
1192757,3
1119407,6
1208527,4
1046315,6
1250851,3
1195808,3
1271875,5
1063207,1
1152726,6
1090329,6
1115552,3
1012885,6
1186193,3
1321749,4
1067060,4
1262894,3
1212620,4
1040061,2
1078927,5
1140544,6
1248722,3
1149026,6
1265782,4
1261237,6
1229182,3
1272681,5
1199649,4
1179646,1
1015195,3
1049013,1
1160381,4
1268139,4
1116980,6
1297224,3
1207891,3
1066872,1
1237592,6
1184687,5
1271905,3
1007322,6
1007940,1
1110472,4
1271271,6
1036331,6
1166811,6
1235305,6
1034219,4
1149295,4
1169154,4
1108561,4
1288835,4
1212040,6
1292169,1
1003959,5
1202515,1
1295034,4
1147220,4
1038443,3
1275625,4
1136310,3
1026064,6
1026522,6
1072686,5
1194877,4
1303025,6
1097649,3
1305032,1
1033128,1
1245929,3
1050934,3
1233419,3
1276331,4
1037754,4
1275251,4
1248239,4
1003634,1
1319537,3
1234939,5
1217953,5
1090881,6
1052661,1
1192774,3
1318034,3
1317376,3
1260090,3
1223263,4
1139361,1
1196373,6
1197440,1
1245922,6
1104475,1
1324464,5
1324613,1
1193611,3
1277294,4
1011863,6
1087723,3
1321038,2
1055757,3
1060438,6
1280555,3
1308726,4
1299736,6
1128511,4
1116676,1
1311870,3
1259924,3
1064008,6
1039009,3
1163983,4
1118212,5
1115718,6
1303012,3
1145262,1
1004799,4
1210977,1
1306571,3
1156214,6
1061030,6
1289180,4
1039835,4
1244415,4
1251872,5
1049319,3
1044875,4
1099779,4
1195222,6
1162743,4
1010000,6
1273519,1
1098151,6
1258659,6
1324276,4
1006241,6
1007706,6
1289639,1
1010075,1
1260142,5
1235174,5
1167425,3
1256038,4
1119314,3
1085277,4
1084971,3
1288668,5
1092248,6
1113175,5
1080187,4
1106428,6
1242558,6
1029153,4
1153670,6
1129654,6
1256249,3
1115243,5
1119882,3
1214600,4
1159928,4
1106080,4
1259480,1
1178855,4
1052273,1
1105593,1
1285982,1
1152679,2
1248946,3
1153876,6
1104394,4
1162375,1
1012894,1
1272093,4
1281337,3
1205714,5
1036556,5
1015041,3
1120784,2
1228244,3
1182748,6
1070937,3
1013344,6
1021879,3
1018899,6
1126364,6
1290235,6
1177937,3
1041695,3
1158198,6
1137044,3
1138660,6
1251584,3
1015182,4
1214959,5
1301364,4
1054225,3
1227938,3
1202379,1
1042810,6
1277378,6
1040715,1
1098059,6
1290486,3
1266838,6
1298867,1
1051517,1
1051174,6
1198531,4
1040684,5
1172668,6
1218633,3
1226569,5
1262899,3
1282754,3
1152880,4
1062506,3
1165684,4
1165303,3
1301408,6
1259086,3
1079258,6
1181107,4
1042595,5
1090552,6
1038093,6
1324606,6
1201288,3
1146385,1
1319798,4
1217388,1
1013358,5
1196013,4
1225655,1
1256323,4
1074774,6
1324896,3
1265965,6
1145415,6
1040070,5
1183287,5
1031590,1
1192179,3
1238403,6
1245450,3
1040782,6
1161072,3
1246122,4
1226190,3
1048828,1
1008587,4
1165737,6
1272588,3
1016585,6
1080331,4
1222409,3
1127897,1
1153690,2
1222518,4
1302741,3
1186183,3
1244814,3
1217070,3
1320449,6
1295611,6
1022759,5
1096945,6
1266386,5
1178521,3
1242618,4
1314101,4
1111849,3
1203343,6
1120161,3
1129909,4
1099442,5
1175631,4
1022551,6
1258152,6
1088065,3
1210774,3
1235811,1
1030283,1
1260356,3
1279795,3
1091575,4
1009632,3
1040808,6
1203403,6
1299965,5
1177997,3
1281968,4
1325370,1
1025285,1
1180793,3
1038482,6
1290948,3
1038433,4
1257202,1
1103653,4
1278159,1
1296163,4
1017501,5
1194611,4
1043718,1
1169190,4
1181362,3
1124099,4
1031010,6
1073470,4
1199508,6
1251202,3
1014014,4
1322852,3
1321933,1
1086803,4
1110262,4
1255710,1
1047563,3
1072011,1
1173533,5
1214568,3
1229672,5
1148810,6
1246338,3
1053316,6
1221003,1
1295818,5
1211005,6
1070240,4
1095912,3
1176808,5
1104408,3
1177242,4
1045627,1
1047033,1
1195633,3
1315611,6
1220360,6
1222550,1
1093859,1
1316333,4
1000794,6
1008916,3
1087873,6
1150366,3
1190830,3
1197117,4
1049618,3
1000961,1
1176123,6
1182457,5
1070860,5
1137102,4
1238365,6
1297620,1
1112435,5
1221969,1
1289677,5
1065395,4
1173643,5
1322166,4
1052460,4
1000390,3
1227994,4
1202950,4
1084710,4
1267902,3
1040704,6
1119719,4
1099302,5
1121291,2
1298073,3
1047040,3
1041691,3
1153450,4
1292132,3
1210035,1
1046648,6
1290644,4
1249027,6
1160461,3
1262851,2
1077942,1
1157819,6
1211003,1
1208408,3
1249523,5
1241354,6
1045349,5
1009687,3
1306390,4
1124829,1
1188450,6
1191162,6
1254344,6
1297859,4
1236147,1
1301648,6
1082962,4
1260825,4
1325165,3
1031504,5
1113378,6
1151800,6
1324091,6
1256974,6
1232207,6
1041958,3
1130370,5
1005848,6
1171074,5
1246954,4
1162034,6
1234992,6
1084475,3
1069046,7
1216794,6
1254278,3
1267321,2
1317205,1
1052938,5
1125144,1
1290014,4
1248330,4
1127009,5
1240002,5
1299168,4
1277055,6
1273442,5
1302244,5
1203275,3
1195174,6
1222946,4
1271824,4
1006160,4
1221437,4
1180904,1
1024416,5
1193373,3
1006606,6
1172908,6
1193336,1
1321789,3
1154026,4
1188687,4
1308258,4
1048568,6
1314881,3
1319030,3
1164122,6
1075033,1
1052201,3
1187367,3
1324637,3
1143078,6
1162476,4
1120834,5
1205731,4
1124473,5
1244742,3
1052854,3
1045208,4
1140473,5
1256505,5
1239822,3
1171934,3
1238766,4
1061061,4
1223410,6
1223564,5
1009839,4
1022611,4
1113710,4
1325639,6
1155194,4
1205918,5
1076310,1
1136804,3
1052798,5
1118251,3
1110964,4
1278040,3
1314440,6
1173024,6
1087891,6
1181862,1
1181496,4
1325117,3
1266231,4
1319066,3
1216155,6
1070822,5
1226178,4
1010950,1
1213141,3
1074481,5
1120589,4
1205641,3
1008745,1
1209578,6
1229171,5
1192052,5
1087342,4
1325232,6
1104785,6
1032791,4
1216946,3
1112818,6
1101613,4
1126493,1
1005279,4
1169612,4
1297929,3
1252035,5
1226019,1
1256626,6
1297647,1
1280124,6
1198192,2
1155366,1
1173674,6
1030997,3
1068039,3
1009560,4
1013372,6
1259618,4
1003062,6
1166046,3
1156613,1
1112968,3
1280246,4
1249372,3
1159857,6
1171626,6
1306091,6
1197124,6
1062984,4
1057209,3
1184750,3
1153043,1
1037572,1
1093867,4
1204731,6
1285933,4
1278318,5
1293896,6
1086255,4
1195348,4
1157674,1
1218837,4
1052840,4
1165203,6
1247445,5
1248174,7
1020705,3
1117630,5
1136830,1
1224402,3
1145793,1
1281542,5
1274230,6
1254740,3
1222377,4
1244245,3
1282309,6
1267840,5
1022252,4
1222928,6
1179803,1
1140284,6
1167645,3
1260340,3
1222230,5
1150651,6
1188154,1
1094300,6
1308915,5
1103625,6
1287278,5
1108423,6
1269551,5
1172217,5
1281607,5
1121890,6
1225746,4
1155543,3
1021273,6
1105068,6
1100850,5
1014834,4
1080825,5
1060204,4
1115116,6
1221998,6
1311574,6
1211763,6
1180584,4
1119803,6
1251216,5
1217139,4
1023847,3
1212624,6
1106083,6
1272848,5
1149621,4
1325185,5
1118960,5
1242817,5
1107451,1
1277223,6
1010920,1
1143987,1
1076714,1
1154510,6
1204094,3
1169580,3
1302053,3
1269713,6
1171051,5
1058165,6
1136386,4
1311149,3
1006984,6
1226230,5
1217674,6
1039490,3
1015653,2
1227442,6
1221094,3
1301195,6
1306067,5
1206091,2
1247638,3
1103508,5
1088016,1
1155565,3
1096810,3
1243442,1
1008073,5
1173206,4
1231765,5
1271245,4
1292618,5
1102042,1
1243279,3
1294182,6
1150631,5
1059978,4
1123947,3
1090939,6
1120493,1
1315233,1
1189690,4
1260683,6
1158292,6
1028319,6
1262249,5
1269532,3
1296319,4
1111582,5
1319471,4
1297362,5
1014020,6
1161522,3
1098841,6
1025470,4
1145679,4
1103361,3
1026863,3
1017942,4
1068016,3
1172892,6
1159879,6
1127465,1
1192841,6
1111425,3
1185910,3
1093178,6
1142399,3
1265917,3
1148093,4
1289950,1
1088419,3
1237564,3
1322664,2
1019607,3
1129907,1
1204896,1
1078964,6
1305880,5
1054943,1
1159142,4
1021775,3
1199265,6
1280268,6
1103411,6
1315429,6
1111806,5
1274782,4
1274388,4
1310569,5
1219466,4
1305407,1
1218418,6
1032995,4
1217353,5
1249414,6
1131251,6
1120969,6
1278369,4
1315084,5
1179616,5
1100257,5
1259063,5
1290571,4
1210539,4
1056270,3
1116497,1
1167412,3
1005877,1
1195334,1
1179145,6
1134989,5
1191205,4
1097092,4
1288220,5
1016005,6
1085029,3
1291584,3
1313635,1
1004193,6
1044189,6
1029713,5
1212627,3
1210404,4
1308004,6
1292844,2
1308403,3
1218727,3
1290615,6
1265692,6
1133659,3
1061512,1
1323847,3
1040327,3
1073198,5
1251441,6
1252689,5
1260448,6
1170231,5
1101301,5
1082466,6
1065503,1
1300673,3
1313338,4
1219739,4
1140297,5
1115475,6
1217625,6
1178190,4
1202571,4
1285899,4
1150391,3
1111631,3
1000466,1
1191261,6
1213751,4
1247729,1
1101548,6
1103668,3
1122474,6
1164507,3
1016234,3
1031353,4
1201596,5
1276964,4
1051365,6
1045304,3
1249086,3
1189223,5
1066453,4
1239193,6
1111862,4
1129787,3
1224980,5
1204651,4
1161902,3
1178203,1
1188846,5
1208566,5
1228935,4
1046760,4
1113032,6
1185580,6
1030337,5
1141931,6
1198688,3
1134076,5
1060818,4
1106927,3
1285830,1
1180830,5
1081954,4
1159965,6
1206615,6
1209649,6
1238540,6
1035013,5
1155754,4
1236300,4
1225365,3
1066362,3
1191748,6
1056539,5
1286141,6
1293536,4
1056497,4
1255290,6
1283665,4
1145091,4
1166310,3
1314028,6
1102054,2
1193609,1
1268859,3
1122432,6
1099934,6
1196338,4
1305293,3
1253554,3
1076512,3
1320670,4
1232295,6
1067804,6
1156118,6
1290045,1
1103600,3
1088022,6
1193099,3
1014209,3
1085262,3
1115784,3
1306859,6
1062235,3
1248220,4
1230843,6
1138567,4
1289909,6
1207893,6
1139754,6
1041663,5
1028935,1
1129435,3
1061874,1
1072489,4
1064081,1
1049177,6
1059986,6
1164342,6
1146794,4
1075814,3
1314980,4
1215205,4
1018439,5
1304124,5
1222997,6
1122621,5
1118993,4
1130716,5
1279874,6
1280712,3
1173017,1
1197840,6
1043220,6
1016877,4
1287697,6
1160546,3
1255695,4
1163610,6
1270206,6
1207543,6
1077590,4
1041322,4
1196830,6
1149157,6
1304216,4
1109190,6
1295367,3
1140171,6
1113267,6
1248125,4
1193576,3
1124078,1
1150664,5
1298537,6
1259672,3
1288087,3
1018673,5
1109834,4
1103288,3
1192213,3
1099185,6
1112065,4
1131594,3
1324731,3
1202855,1
1273358,4
1066811,5
1065324,3
1054261,3
1173618,5
1232859,6
1300023,1
1111580,3
1199461,3
1079851,4
1227313,3
1321376,4
1028358,4
1154602,3
1245293,4
1316330,6
1125396,5
1248020,5
1016065,6
1025140,6
1189620,3
1163439,6
1180919,1
1016216,3
1171038,6
1073599,5
1024003,5
1209646,4
1013608,4
1256171,4
1265619,5
1227184,3
1229576,6
1308957,1
1303055,6
1085604,6
1072405,4
1074859,5
1001030,5
1039945,4
1091403,6
1303059,6
1019668,3
1190260,4
1017063,3
1153990,4
1316469,4
1317458,3
1250949,3
1121525,6
1123887,5
1115999,5
1057320,4
1068903,6
1277654,5
1034071,3
1189300,1
1266394,4
1060974,6
1284017,4
1319993,3
1074719,4
1086467,4
1007715,4
1211701,5
1221858,4
1048322,6
1143812,6
1189797,4
1236448,5
1002181,5
1136433,4
1284107,6
1266796,6
1052536,5
1278882,4
1134643,5
1017695,3
1108725,5
1021618,6
1223717,3
1024141,5
1186882,4
1060532,1
1301653,1
1120951,6
1135045,4
1277783,5
1017453,6
1106354,4
1131803,1
1204038,4
1029001,3
1152719,3
1156080,1
1252975,4
1015307,4
1076318,6
1044366,4
1022080,1
1079435,4
1223920,5
1305432,3
1324949,4
1310699,1
1291282,1
1007736,6
1187875,6
1098999,4
1211415,4
1122495,6
1282618,3
1307426,3
1301141,5
1286417,1
1071812,1
1026070,3
1184329,6
1259128,1
1121844,6
1293482,1
1247352,6
1144568,6
1136505,1
1059593,6
1004449,1
1279019,3
1124830,3
1023231,6
1054614,5
1278239,5
1104247,5
1276862,3
1046242,6
1060271,6
1281434,4
1288746,1
1303901,3
1264277,3
1263427,1
1047530,5
1226730,3
1212025,6
1149321,5
1252693,5
1225934,6
1027986,5
1220377,6
1156441,3
1250325,3
1260708,3
1025082,5
1066664,3
1106641,5
1154588,3
1311341,1
1312217,4
1067995,3
1251421,4
1170235,4
1167514,6
1043063,6
1179982,5
1192259,4
1259733,1
1173681,4
1321326,6
1260359,6
1038920,4
1054666,3
1009283,3
1093453,1
1217652,4
1214614,4
1060510,5
1218439,3
1036699,5
1241698,4
1123120,3
1093720,6
1268522,4
1323758,3
1104774,3
1064020,6
1193986,5
1080967,3
1014081,3
1214881,4
1032816,6
1120917,5
1208213,5
1226793,1
1236131,1
1233464,4
1164277,3
1016280,4
1066597,6
1317295,5
1170952,3
1216698,6
1014642,4
1121580,6
1161590,5
1018578,4
1288766,4
1182390,5
1137478,5
1202960,4
1020339,3
1241223,1
1153361,3
1124568,5
1268784,1
1291157,5
1008795,3
1292432,4
1215483,6
1047139,5
1248418,4
1277880,7
1279080,4
1150922,3
1144137,1
1064863,6
1239288,4
1151648,3
1117322,5
1274539,3
1025600,4
1219534,3
1230927,1
1275453,5
1081209,1
1087169,6
1268941,4
1107502,6
1220516,3
1010425,6
1130835,6
1238181,6
1255473,4
1276128,3
1215899,5
1043832,3
1118666,3
1087331,5
1201608,6
1186956,4
1184147,3
1209801,1
1281282,5
1144428,4
1278549,4
1176828,6
1299967,4
1128659,3
1279619,6
1167401,3
1151371,5
1317433,4
1259442,5
1082291,1
1314842,1
1039221,3
1061001,3
1297848,4
1286474,4
1277158,4
1156417,3
1279626,3
1280404,3
1005698,6
1316365,6
1095290,5
1039808,6
1214464,6
1197709,3
1016806,4
1063860,6
1057252,1
1127657,4
1142762,3
1308995,3
1047664,3
1204514,1
1198637,6
1048759,4
1310274,6
1082017,4
1323001,6
1145780,5
1143201,6
1301292,6
1056031,6
1287326,5
1024861,6
1172845,6
1164722,1
1243179,6
1057880,3
1313666,3
1128339,5
1070419,6
1289143,3
1290499,4
1283916,6
1005668,6
1047434,3
1201352,3
1015697,6
1132865,5
1032536,4
1139503,3
1273224,3
1171788,4
1271053,3
1003444,6
1243115,6
1294408,3
1170210,4
1291027,1
1028633,1
1031908,4
1279702,5
1262214,5
1141408,6
1092931,3
1072122,4
1150201,6
1022539,4
1091593,3
1278701,6
1161988,3
1210634,3
1156269,3
1298048,5
1223751,4
1162200,6
1318993,6
1168404,1
1252379,3
1267915,3
1026185,3
1048862,6
1265981,5
1037934,6
1254157,3
1064511,4
1250870,6
1069339,6
1279088,3
1202603,1
1201676,3
1002197,5
1009621,5
1231018,4
1083259,6
1133643,3
1123106,6
1157189,4
1291754,4
1300170,4
1098610,5
1062461,4
1249335,5
1156245,4
1200345,4
1112127,6
1083250,3
1217437,1
1287165,6
1123859,1
1138074,5
1076696,6
1267173,3
1275972,1
1310076,6
1240627,1
1070818,3
1287189,5
1312480,6
1233731,6
1057731,4
1205812,3
1018177,5
1168755,3
1079151,4
1063779,6
1107222,6
1294339,3
1114354,5
1175945,5
1273036,6
1298523,3
1088158,5
1105883,5
1001036,3
1249763,6
1197923,4
1228122,4
1110486,5
1130751,4
1252754,6
1310089,4
1093968,7
1225437,4
1117642,6
1206462,3
1102148,1
1140059,3
1303319,3
1200594,6
1077723,5
1082911,3
1011420,5
1015354,3
1255968,4
1176384,6
1151568,3
1243326,3
1312894,6
1140635,6
1180534,6
1094474,1
1070436,3
1126791,4
1146474,4
1168753,5
1274244,6
1244259,3
1070442,4
1185095,4
1307170,6
1178789,3
1262128,1
1008853,4
1075195,1
1290803,1
1231371,4
1085003,5
1058850,1
1063247,6
1102372,6
1047799,6
1137132,4
1156053,1
1285926,3
1217608,1
1250890,6
1267961,1
1026569,4
1131918,6
1104622,4
1071852,1
1095155,5
1109367,3
1255327,6
1282041,4
1213077,1
1190290,4
1161378,4
1147433,3
1093432,3
1319253,1
1055014,6
1113376,3
1321629,6
1096137,6
1072592,5
1077821,3
1318920,3
1081495,5
1236431,6
1009365,5
1233697,4
1048137,6
1149926,4
1132238,6
1193155,6
1063986,3
1208366,6
1024635,6
1314080,3
1133887,6
1193206,1
1012126,5
1178918,3
1174143,4
1293612,6
1002972,4
1292095,5
1140918,1
1173442,1
1270672,6
1152590,6
1286259,5
1013115,3
1017466,3
1044123,6
1319394,3
1071778,3
1188605,3
1203978,4
1313113,5
1239170,6
1010864,3
1007321,6
1082711,5
1014728,5
1057111,3
1311390,1
1140932,3
1058993,1
1283567,3
1256538,4
1259127,5
1231216,3
1084800,4
1207577,1
1050392,4
1324978,4
1172520,4
1044254,2
1128613,3
1078511,6
1059366,5
1037945,1
1163380,4
1280656,1
1072148,3
1224045,1
1048622,3
1232291,4
1040709,5
1041489,5
1118801,1
1203890,6
1147553,6
1000474,1
1272408,6
1031304,4
1057017,3
1052554,4
1100294,6
1282892,4
1228108,5
1177823,4
1105570,5
1088159,4
1273027,5
1120880,4
1288385,4
1243196,3
1284362,6
1143807,6
1316988,3
1210868,1
1188704,6
1043875,4
1028451,3
1142096,4
1166137,4
1073122,5
1243345,4
1272831,6
1226427,4
1019235,3
1064400,3
1076461,6
1144391,6
1057596,4
1155482,3
1189612,3
1219457,6
1289489,5
1200660,4
1272520,4
1097588,5
1061879,3
1283644,6
1315844,3
1044704,3
1315940,6
1105744,3
1033135,4
1029323,4
1175257,1
1163416,4
1019113,6
1281388,1
1075972,5
1019877,3
1004218,4
1230631,4
1008592,5
1058387,6
1309795,4
1043434,3
1231193,1
1250398,6
1307102,4
1254261,5
1317085,4
1186551,3
1060633,6
1102843,4
1275301,1
1178014,3
1239834,5
1322145,4
1223337,4
1238447,6
1011140,5
1150924,3
1239882,6
1214445,4
1313661,4
1040129,4
1071384,5
1013954,6
1146959,1
1218974,5
1178545,1
1303054,6
1007453,3
1020327,1
1097805,4
1182715,3
1206467,6
1019575,5
1064575,1
1245124,1
1010654,3
1021979,6
1252922,1
1155849,5
1307585,3
1290689,1
1103613,5
1324664,4
1231079,6
1115607,1
1028702,5
1304451,4
1102651,3
1121764,1
1012481,4
1006029,3
1225939,4
1065438,4
1279468,5
1294313,1
1015558,1
1112312,5
1284939,4
1084761,6
1158940,3
1105332,6
1133327,6
1120150,6
1148748,4
1244632,6
1190186,3
1074369,5
1236567,1
1193978,5
1033801,6
1049664,4
1006775,4
1308022,3
1251652,6
1204606,4
1289582,1
1147342,6
1062178,5
1320980,1
1259490,3
1106453,5
1142536,4
1016362,5
1322958,4
1297674,6
1043698,4
1022929,5
1147800,6
1230902,1
1286644,3
1059188,3
1319009,1
1322773,6
1091773,5
1309022,2
1305725,6
1170758,6
1221566,5
1253835,5
1061478,5
1308056,4
1243351,4
1272625,4
1263964,3
1131943,3
1013206,1
1271775,5
1088346,4
1226795,6
1191708,3
1287545,1
1164107,3
1302569,6
1292862,3
1211579,6
1194347,5
1210708,6
1073630,6
1006339,3
1243649,3
1236226,3
1265342,6
1083815,4
1219873,6
1238669,4
1015006,6
1106770,6
1139608,6
1209604,5
1008106,6
1239215,1
1245043,4
1040337,3
1081074,1
1033690,5
1110535,5
1234818,1
1268258,6
1033764,1
1227043,4
1324549,4
1152693,6
1210649,3
1079308,1
1264843,3
1193751,6
1284139,5
1046465,1
1318880,4
1000592,6
1181859,6
1273485,6
1316497,3
1178995,4
1125355,6
1296468,4
1089015,1
1224639,3
1046796,1
1162499,3
1060357,4
1082537,4
1306962,6
1021723,3
1267691,4
1209210,3
1101465,3
1237766,3
1299472,3
1319312,4
1167409,5
1013917,6
1119450,4
1055940,6
1105562,6
1184919,5
1249829,1
1033007,3
1216952,3
1310728,3
1275025,6
1056471,5
1014997,6
1295652,6
1180487,5
1157223,6
1118894,3
1239260,6
1049354,3
1086880,5
1289775,6
1070359,6
1034302,3
1215574,4
1244327,4
1077671,6
1209193,5
1283459,3
1036326,5
1004813,5
1254822,3
1263481,4
1317164,4
1170701,6
1317124,3
1115485,4
1311003,4
1046535,6
1039363,5
1273789,4
1208207,5
1023879,6
1102745,4
1009226,1
1154282,3
1155179,3
1009851,6
1029440,6
1191938,5
1321765,1
1034934,4
1283030,1
1270398,6
1319723,3
1053270,6
1270134,1
1086219,4
1212598,4
1289926,1
1258266,3
1285040,1
1262714,1
1160723,4
1149555,6
1206572,3
1299740,4
1254516,3
1045795,3
1090588,1
1242129,4
1149642,4
1178950,3
1033717,3
1300153,5
1124095,6
1300805,6
1176131,4
1066306,3
1085153,6
1273391,4
1297357,3
1289079,6
1124287,5
1204197,5
1020860,3
1171330,3
1283280,5
1120743,4
1020876,3
1124431,6
1111738,5
1037818,4
1250110,6
1248261,5
1039602,6
1276232,5
1006394,3
1026536,6
1178273,4
1132679,3
1229996,4
1267377,6
1200004,6
1115441,6
1060167,4
1005319,6
1096128,6
1137532,3
1009567,4
1013281,5
1084794,3
1318528,3
1235544,4
1149541,1
1062331,3
1123605,6
1174029,6
1129685,3
1240574,6
1103382,4
1054305,1
1296845,3
1069502,3
1124783,6
1121591,1
1308538,6
1224135,3
1183667,6
1131235,3
1253277,3
1180350,6
1032523,3
1315979,1
1132229,6
1037946,6
1091649,4
1059876,1
1291036,6
1107907,1
1025039,6
1152873,6
1105207,4
1307263,3
1224329,6
1313058,4
1069382,5
1136459,6
1117629,3
1239986,3
1149998,3
1133058,3
1029886,5
1193309,3
1031083,4
1219226,4
1255886,1
1313841,6
1165310,4
1296454,6
1139797,3
1311319,6
1033217,1
1154886,3
1061977,6
1051401,6
1234661,5
1308103,3
1196532,6
1054841,6
1300771,3
1106528,5
1135809,3
1239957,6
1111977,6
1047108,5
1047583,6
1125483,3
1125675,4
1205488,6
1111319,1
1092639,6
1172481,4
1010313,1
1319492,4
1150462,3
1174866,5
1282988,3
1310819,4
1286388,5
1068544,5
1278632,6
1131395,1
1094569,3
1249830,1
1094142,3
1005930,6
1068945,4
1161992,7
1322875,3
1297561,4
1055988,1
1299994,4
1170398,5
1080347,6
1183465,5
1310477,5
1020035,4
1068554,6
1064194,2
1211493,1
1128746,4
1101719,6
1296589,2
1268388,1
1181524,6
1036031,5
1150972,6
1072646,3
1225270,6
1209451,5
1221331,3
1294074,3
1128815,1
1048678,6
1150190,3
1223847,6
1287171,3
1240264,3
1001644,4
1081352,1
1037408,3
1108928,6
1066521,6
1214053,6
1167569,3
1325373,4
1293110,3
1136614,3
1289814,6
1008997,1
1014039,3
1215719,6
1049276,4
1026194,1
1217257,4
1279108,1
1232175,4
1277763,6
1117557,2
1215334,5
1046528,3
1291515,5
1209076,3
1052468,1
1023810,4
1259415,4
1316198,3
1306207,3
1273603,5
1021437,5
1284930,4
1006062,3
1214569,3
1181100,4
1152477,6
1170079,3
1062952,3
1113140,1
1238224,6
1067279,3
1044337,6
1078368,6
1194728,6
1287518,1
1152478,4
1176067,4
1074798,3
1208781,4
1204245,4
1239263,5
1204560,1
1211112,3
1107538,5
1185601,6
1203746,6
1235454,4
1165627,1
1094710,6
1257900,3
1074305,6
1181560,3
1272330,3
1025072,6
1198139,4
1019658,3
1128389,6
1213018,3
1139609,3
1283390,6
1016047,5
1066708,3
1007291,1
1032831,1
1227741,6
1169554,4
1235112,3
1017381,3
1002615,6
1203635,5
1206133,5
1252173,4
1021374,3
1193194,6
1168695,4
1268424,1
1119479,5
1164424,1
1301288,4
1162236,4
1269543,6
1053672,4
1015095,4
1001918,6
1134072,1
1131118,1
1010900,4
1192380,4
1031315,3
1232018,1
1222096,3
1297310,3
1047634,4
1098347,3
1052139,4
1082883,4
1064986,3
1217658,5
1143976,3
1320589,4
1009713,3
1012095,6
1149258,4
1148329,4
1126371,6
1146941,1
1139559,3
1159358,6
1251010,4
1206282,5
1287668,4
1064040,6
1016512,1
1204472,3
1010107,3
1057298,3
1221698,5
1156547,1
1323405,4
1304706,3
1235971,3
1246809,3
1240144,3
1007075,3
1086275,4
1319813,6
1269018,1
1110672,6
1116050,5
1001763,4
1076409,3
1085149,6
1080280,4
1209583,4
1314084,4
1079398,1
1316389,5
1310761,5
1097058,4
1024996,4
1130945,6
1185893,3
1085533,7
1091204,5
1005380,3
1155080,6
1209924,3
1098190,6
1082077,6
1210657,5
1016207,3
1305868,3
1215762,4
1146259,4
1256729,4
1076109,1
1318435,4
1260317,4
1264866,6
1216488,5
1084644,6
1154966,4
1099842,5
1053596,4
1312655,1
1096938,1
1115947,3
1110708,4
1210194,4
1119543,5
1306733,6
1251896,6
1213149,1
1071383,4
1029905,3
1266583,5
1130523,4
1265776,6
1106605,3
1115543,6
1209409,4
1307919,6
1002079,5
1291937,3
1190094,1
1325712,2
1153939,4
1270334,6
1132357,1
1020217,4
1195451,6
1119720,1
1166849,5
1278780,4
1196126,5
1312987,5
1311465,2
1013106,6
1201303,5
1182168,4
1188982,4
1309692,4
1203221,4
1165988,3
1262708,3
1024672,3
1022865,2
1223487,5
1010342,3
1184792,5
1046837,5
1322965,3
1030416,3
1187072,6
1141844,6
1202871,4
1043258,6
1180805,4
1045041,4
1181580,4
1072029,4
1099701,4
1282211,3
1192063,4
1053412,4
1149797,6
1080159,4
1197953,4
1208405,4
1017988,3
1061483,1
1080142,1
1009749,1
1175951,4
1206919,4
1182943,4
1289619,4
1090426,3
1046392,3
1021014,6
1067705,4
1300359,4
1093909,6
1060684,4
1315637,5
1064268,5
1269120,5
1113160,3
1024794,3
1062267,2
1049960,3
1003493,6
1161280,4
1271413,6
1204717,1
1291021,3
1055891,1
1095563,6
1276953,3
1064166,4
1322390,4
1068580,1
1258930,6
1082941,4
1168425,6
1151284,1
1276798,3
1151572,3
1253879,3
1120872,4
1310241,3
1268319,1
1306588,3
1144397,4
1083143,1
1203937,4
1239804,6
1198305,4
1250889,3
1085882,3
1100327,4
1104109,5
1186159,3
1093091,6
1280779,6
1284103,1
1273545,1
1281107,5
1072826,5
1292030,6
1219027,1
1007037,6
1122288,3
1060977,4
1216210,3
1242885,3
1271931,6
1224647,4
1136106,4
1068386,3
1000281,1
1095660,4
1313599,3
1157025,5
1121668,6
1257348,6
1267089,5
1227841,3
1086161,4
1246329,4
1324427,5
1156566,3
1120465,4
1023553,5
1046342,6
1305838,4
1319374,4
1320431,5
1025891,4
1292928,5
1201724,3
1135857,1
1268525,6
1279891,5
1239304,5
1035971,5
1231698,4
1081426,1
1216316,6
1114639,5
1090289,6
1015509,4
1210007,3
1143496,6
1138758,3
1004107,3
1241183,3
1098350,1
1133050,1
1133903,4
1124790,5
1265060,6
1242333,1
1013706,5
1036082,4
1234290,6
1294818,6
1159282,5
1128046,3
1149744,6
1205247,4
1025810,1
1304042,5
1281575,1
1245334,6
1256001,1
1018735,4
1057615,4
1274337,4
1238520,6
1167712,4
1023343,6
1173861,1
1119612,4
1104237,6
1194232,4
1253333,5
1298628,3
1262294,4
1227510,6
1052879,6
1035519,4
1195243,6
1206535,5
1277130,5
1143012,3
1190862,1
1239461,3
1007269,5
1060233,6
1137453,1
1060768,6
1020442,6
1224024,6
1209342,3
1045660,1
1316576,5
1095369,3
1006300,1
1083742,3
1194798,5
1220646,3
1014775,3
1129820,1
1250796,6
1316337,1
1125553,6
1200996,3
1050773,3
1269817,4
1266647,5
1116971,3
1294127,3
1147206,5
1043835,6
1320181,3
1033036,3
1101530,1
1274211,6
1285235,4
1285872,4
1244353,6
1270388,3
1020054,5
1238362,1
1300221,3
1267383,4
1152115,6
1244190,5
1057112,4
1115460,4
1234495,4
1193679,4
1252241,2
1068332,6
1268337,5
1130976,5
1008087,4
1117261,5
1160542,3
1181235,6
1304208,6
1154097,1
1086676,4
1270871,6
1142563,1
1292887,4
1015846,4
1127755,4
1211984,2
1005281,4
1278971,4
1072116,1
1315313,6
1233400,4
1095666,4
1184846,4
1152030,6
1277698,4
1046747,5
1083841,3
1245392,5
1256787,6
1306595,3
1223601,5
1286929,6
1119870,4
1171996,3
1077060,1
1322432,6
1163537,6
1279732,1
1319177,3
1216709,6
1256002,3
1063315,6
1144192,5
1061506,5
1080156,3
1091655,4
1070954,6
1135372,3
1057374,6
1158749,4
1290785,1
1028575,4
1067785,3
1050406,5
1191734,4
1246218,1
1242061,3
1234871,5
1311996,4
1108529,4
1064701,4
1164684,3
1305459,4
1221943,3
1105092,3
1165293,4
1095873,4
1184678,6
1039676,3
1249738,3
1317809,1
1101508,6
1145383,4
1299013,3
1159456,6
1127838,3
1232188,3
1056161,4
1239971,5
1198035,6
1243977,5
1039622,6
1101979,3
1107230,6
1057264,5
1121572,4
1165155,1
1190081,3
1263951,1
1024325,3
1159134,3
1261941,6
1284020,3
1009436,3
1038881,6
1257038,3
1226488,7
1237862,6
1004178,6
1186006,4
1288621,4
1267554,5
1033292,4
1191467,1
1236606,3
1141578,3
1156250,5
1243748,5
1310618,1
1132899,6
1260834,4
1178900,5
1166418,3
1001453,1
1078336,3
1092083,5
1167356,4
1219782,6
1104575,6
1272288,4
1191064,5
1162287,1
1087334,4
1324510,5
1057464,4
1292277,4
1003320,4
1203201,6
1178761,6
1298841,4
1169877,3
1303079,3
1122851,4
1117118,5
1004094,4
1033844,4
1283063,3
1309469,6
1029053,3
1080944,5
1218240,5
1230932,3
1036725,1
1203859,3
1119130,3
1029326,4
1106781,5
1107463,6
1236479,3
1234101,6
1209962,6
1000670,1
1304932,6
1142714,6
1152377,5
1228841,6
1125915,1
1053121,3
1079912,3
1241572,1
1285756,4
1199243,5
1123756,6
1244662,6
1302940,2
1185848,3
1077156,3
1233848,5
1132669,5
1224751,4
1266735,4
1216221,3
1128512,4
1303913,6
1229875,3
1013188,3
1000869,4
1233455,3
1175732,5
1161646,5
1231361,5
1088017,6
1297272,4
1306658,3
1123518,6
1120667,5
1187437,5
1009945,3
1252676,6
1232760,7
1140212,1
1289303,3
1080025,4
1116134,4
1054619,6
1120738,5
1033958,3
1153025,1
1182541,4
1315283,4
1092473,1
1162254,3
1224610,5
1199519,4
1246071,1
1194687,6
1155961,1
1176676,3
1197112,6
1046597,4
1185322,3
1007378,1
1047086,6
1081446,3
1311826,6
1004429,3
1187391,4
1047915,4
1121521,5
1054198,4
1241753,6
1252355,6
1032271,3
1264591,3
1254439,5
1283517,3
1003622,3
1104378,4
1245902,1
1012050,1
1050068,5
1308832,6
1205687,3
1316376,3
1116216,3
1058357,4
1204221,6
1022689,6
1289743,5
1268361,5
1073449,4
1163154,6
1016752,5
1163447,1
1320651,1
1100146,3
1230502,4
1171811,5
1104095,4
1219131,4
1322686,5
1102019,5
1204548,2
1245697,4
1181265,1
1187681,6
1159026,1
1029612,3
1051831,4
1163372,5
1298885,6
1059580,3
1085741,4
1295500,4
1118526,6
1112721,5
1039923,1
1224819,5
1076731,6
1252995,3
1291976,3
1159396,6
1000267,1
1093632,4
1140470,4
1055557,4
1211297,3
1061786,5
1055537,6
1142928,1
1244447,5
1120894,3
1123195,1
1287225,6
1164387,4
1239128,3
1086127,5
1035942,6
1286176,6
1318913,4
1184208,1
1098644,3
1156497,3
1240799,6
1284419,1
1173823,6
1144131,1
1193956,5
1002544,1
1266067,5
1270254,4
1219031,4
1303049,3
1292275,6
1070532,1
1224611,3
1192002,4
1266236,4
1323634,1
1019208,1
1132727,3
1036580,3
1176668,6
1069355,4
1225781,6
1266412,4
1059503,3
1170456,4
1005538,5
1126198,4
1077107,4
1094238,6
1313930,6
1317930,5
1262914,5
1139080,5
1282402,3
1073848,3
1237303,6
1045435,4
1229002,4
1101458,6
1050809,4
1200294,6
1283926,3
1115084,4
1090156,4
1038024,4
1095220,6
1292460,6
1089026,5
1092378,4
1312235,4
1130928,4
1249614,6
1188137,3
1145178,1
1229739,3
1240395,3
1215294,5
1134181,5
1194893,1
1204283,1
1186351,6
1185357,4
1228087,4
1010365,4
1162796,5
1118921,4
1185368,6
1316335,6
1207018,3
1154095,3
1021563,1
1090431,4
1025507,5
1283901,4
1227962,1
1000791,4
1073514,3
1126497,6
1018603,5
1256044,5
1226184,6
1292981,6
1075576,5
1163979,3
1305223,3
1045450,3
1192432,4
1023003,5
1266765,6
1078838,4
1232434,4
1206050,4
1107007,3
1058107,6
1324013,7
1163235,4
1144666,4
1204202,3
1144006,3
1091393,3
1189321,4
1085799,4
1216306,4
1270286,5
1117937,4
1215558,4
1315054,5
1182705,6
1267280,5
1080813,3
1289961,1
1278919,5
1122317,5
1129177,3
1006234,6
1096188,3
1098763,1
1031531,6
1142281,3
1147193,3
1045884,4
1290050,3
1157300,5
1101448,3
1027350,4
1217232,4
1203847,4
1033440,3
1192076,3
1020520,4
1105015,4
1007784,5
1226439,6
1114050,3
1259313,5
1111407,3
1164312,6
1012226,4
1179802,6
1097534,4
1323385,4
1107411,5
1129530,6
1154718,5
1008917,1
1082486,3
1293469,6
1291297,3
1097499,6
1308800,2
1109226,6
1117807,6
1245680,1
1171063,3
1071442,4
1077977,1
1274982,3
1089871,4
1105702,1
1110579,3
1010400,3
1247059,6
1114439,5
1163957,6
1040663,4
1229088,6
1162128,3
1295328,5
1038420,4
1250024,6
1071232,5
1169968,3
1308439,3
1138739,6
1173212,3
1146459,6
1106924,6
1139469,4
1074570,4
1020839,3
1231268,3
1242480,4
1319702,6
1323488,6
1325529,4
1287920,4
1053920,3
1286414,4
1137204,6
1317430,1
1304415,4
1199319,4
1008238,6
1045716,4
1000990,6
1312565,1
1121749,3
1147582,1
1294335,4
1174086,4
1198419,6
1020111,1
1046374,3
1118860,4
1264427,4
1080526,4
1283639,3
1280917,6
1028535,3
1098679,6
1073755,5
1237446,1
1259495,5
1048206,3
1273359,6
1177845,6
1148303,4
1168162,4
1142505,3
1243400,6
1318206,6
1235775,1
1277339,4
1055612,4
1286841,4
1227046,6
1164472,4
1173102,5
1012333,5
1234539,1
1229825,5
1162466,6
1269365,6
1074142,3
1309440,1
1310629,3
1073364,1
1023654,6
1249091,4
1031308,1
1174318,2
1056887,5
1261286,4
1266683,6
1184579,4
1150598,3
1085280,5
1247288,6
1176039,3
1069187,3
1010780,5
1073797,4
1220615,4
1303574,5
1318618,4
1214081,4
1245771,5
1049330,6
1113147,3
1117371,6
1232431,6
1240538,3
1268692,6
1243673,3
1262179,6
1299706,4
1141647,3
1186627,4
1022833,4
1257881,4
1096668,5
1043203,3
1237467,6
1241981,6
1085693,3
1178434,6
1084735,6
1134178,6
1235791,4
1160935,4
1284057,5
1311678,3
1153663,5
1055713,6
1278075,4
1185889,4
1064130,4
1017770,6
1318198,3
1310256,3
1117052,6
1036861,5
1249232,4
1120957,3
1287602,4
1241915,1
1268910,3
1148502,3
1140536,6
1287716,4
1140514,1
1043488,6
1286032,5
1154323,1
1087528,5
1256064,3
1002356,1
1055398,3
1274846,3
1163016,6
1206550,3
1143998,3
1161515,4
1122597,6
1310868,6
1142827,6
1148957,5
1312896,3
1192852,5
1234781,3
1094412,1
1288753,3
1258402,6
1053932,1
1144629,6
1107546,3
1110745,4
1229752,6
1214759,6
1125546,3
1170515,4
1133042,5
1168047,3
1199484,1
1087410,4
1206922,6
1127896,3
1232460,6
1022435,6
1304038,4
1268179,2
1289872,3
1168713,4
1123083,4
1076100,4
1040510,6
1146861,4
1087147,4
1004982,5
1223388,5
1042214,3
1070219,3
1277601,3
1035259,6
1315447,3
1172839,3
1067718,2
1195437,6
1111007,4
1072470,4
1291429,4
1013943,6
1243651,6
1156436,4
1160704,6
1213025,5
1223127,4
1208540,4
1150796,1
1070559,1
1067724,4
1301024,5
1053386,1
1215805,1
1142347,4
1216054,6
1166693,6
1220115,4
1180844,3
1221777,4
1202885,6
1321256,3
1253822,3
1057817,3
1023393,6
1200287,5
1136794,6
1043933,3
1003239,1
1134882,3
1117504,3
1273768,3
1100742,6
1182944,1
1157303,3
1142726,3
1004806,6
1192112,3
1240288,4
1010208,4
1308003,3
1247760,6
1043723,6
1010708,4
1283908,4
1152788,3
1200484,6
1099683,6
1061838,3
1036617,1
1297684,5
1078410,3
1080597,4
1254432,4
1310072,4
1282156,3
1159813,1
1025400,6
1190486,1
1177548,6
1239738,6
1183285,3
1153652,4
1302768,5
1058229,3
1079761,3
1273218,6
1150861,4
1218746,1
1224742,1
1108825,5
1192436,1
1234075,6
1293231,6
1317668,4
1135291,4
1152714,5
1009655,4
1140307,3
1178336,3
1129487,3
1057504,4
1187899,1
1276886,4
1056629,3
1000949,6
1111008,3
1054089,5
1276119,1
1271676,6
1104771,6
1005874,4
1164729,5
1067862,6
1207917,3
1253678,1
1137778,4
1289519,6
1068966,4
1251378,4
1026250,4
1229352,6
1121410,4
1008815,7
1249696,4
1297165,5
1060230,1
1290698,6
1088238,3
1086168,4
1042613,5
1084351,5
1133845,6
1296323,5
1030844,3
1141738,6
1268080,1
1294850,3
1103189,3
1100666,4
1030874,1
1277641,3
1310708,4
1232322,6
1278985,3
1305799,4
1100106,4
1075060,3
1317701,3
1027548,5
1217888,4
1119267,5
1041859,4
1082695,3
1248927,6
1270696,4
1153229,6
1006580,3
1135674,3
1192537,5
1068890,6
1321113,7
1163371,6
1054784,6
1046867,4
1255913,5
1077283,3
1155852,2
1302703,4
1264664,6
1185533,1
1129390,3
1302773,6
1297488,1
1231312,4
1071425,6
1259486,5
1057401,3
1091272,1
1054287,6
1132438,3
1274503,5
1200143,3
1161338,3
1290020,3
1015794,3
1314561,3
1310993,3
1082525,5
1189752,6
1323097,5
1212481,1
1055523,3
1069866,5
1092501,5
1026170,2
1135777,3
1246477,4
1164303,6
1284146,5
1042476,1
1086915,6
1321624,5
1281491,1
1288750,1
1179758,6
1257195,6
1143932,5
1195372,1
1273836,1
1165574,1
1305158,1
1173599,6
1098733,5
1176626,1
1101463,6
1319649,4
1222787,4
1255311,5
1004175,4
1321553,5
1325337,6
1168135,1
1011473,4
1070402,6
1220921,5
1254639,7
1145907,5
1192068,3
1168990,6
1086350,6
1155907,5
1301726,4
1109916,3
1207627,4
1307359,5
1259049,5
1178051,3
1202621,3
1166796,1
1129398,6
1116698,6
1072514,5
1050460,3
1106454,5
1169120,1
1298231,6
1018423,3
1071948,4
1261864,6
1074513,3
1014576,4
1263486,6
1294917,1
1205259,3
1008039,3
1064532,4
1213650,4
1033161,4
1257299,5
1026733,6
1252626,4
1135790,1
1085671,1
1141263,5
1022193,3
1005413,5
1136893,6
1291105,5
1140716,6
1073175,4
1083906,2
1200353,6
1096999,4
1003983,3
1300401,5
1298935,6
1119413,1
1196729,4
1286869,1
1017334,1
1241133,1
1046522,3
1082403,6
1280310,4
1228719,6
1027572,3
1310175,6
1113860,5
1192694,1
1280498,6
1290741,6
1295489,3
1094723,6
1221349,6
1045779,4
1245052,3
1297760,4
1017293,6
1098908,3
1062082,3
1284814,6
1108124,5
1048344,3
1028948,4
1078470,3
1127344,3
1033723,6
1223028,3
1152249,6
1254851,4
1104755,3
1061520,6
1185017,3
1274219,5
1135994,6
1263684,3
1058284,1
1042592,3
1154692,5
1148442,6
1098525,4
1182995,6
1234930,6
1059869,4
1101674,5
1095404,3
1114188,4
1051416,6
1165093,6
1172914,5
1188926,4
1016564,4
1077784,6
1185433,4
1204542,6
1290791,1
1312136,3
1060183,4
1259346,3
1237473,3
1093385,3
1053480,1
1081052,3
1034420,1
1086170,6
1313401,4
1000799,1
1009925,4
1206255,6
1160652,6
1193589,6
1168912,4
1276378,3
1144361,6
1158294,5
1040569,3
1193703,4
1090574,1
1192806,6
1135641,1
1099844,4
1236334,5
1214214,5
1324005,4
1180212,3
1047576,6
1097488,6
1099354,4
1027481,3
1035167,6
1104299,1
1064006,5
1305094,3
1252926,3
1137093,6
1275052,4
1207886,5
1255081,1
1259679,4
1128113,4
1052426,6
1122099,1
1309694,4
1019495,6
1212155,3
1012466,4
1173072,6
1216610,6
1240871,3
1250510,6
1009224,6
1104568,4
1089528,4
1234689,1
1218472,5
1243310,6
1256859,4
1293066,5
1074097,4
1114715,1
1295915,4
1134631,6
1014567,5
1240853,6
1174611,6
1309776,3
1061314,3
1183732,3
1211959,5
1055326,6
1148407,6
1234058,3
1258961,4
1058821,6
1188375,4
1074363,5
1161483,5
1134738,3
1208508,6
1031710,6
1279164,3
1078124,3
1231924,4
1222668,6
1083295,3
1325050,6
1044039,6
1310831,3
1179825,4
1100475,3
1002525,1
1117894,1
1162472,3
1185062,6
1094454,6
1015031,6
1228641,3
1007914,4
1180193,4
1087736,3
1218330,4
1082352,6
1288323,5
1107606,6
1289007,3
1123452,4
1172798,3
1040455,1
1314188,6
1259070,1
1049035,5
1036827,6
1308621,5
1059818,4
1143506,3
1040658,5
1052537,6
1179516,5
1117939,4
1009430,4
1246579,1
1070256,1
1205725,3
1228936,6
1239307,3
1136602,6
1171184,1
1019251,6
1317077,3
1049529,4
1075987,5
1324507,4
1313835,3
1009423,4
1314875,6
1168109,6
1275825,6
1041811,4
1087978,3
1248496,6
1239949,3
1154014,5
1186823,5
1088487,5
1082002,3
1209285,6
1118604,5
1299221,6
1219175,6
1134664,6
1269155,4
1267611,3
1192365,4
1053383,6
1071527,3
1218753,3
1182356,5
1129059,3
1008353,6
1136884,7
1317542,6
1032843,3
1207815,6
1086074,5
1048147,1
1270772,6
1304045,4
1264408,3
1317995,5
1085596,1
1283532,3
1081693,3
1279097,4
1118018,6
1233190,3
1126632,3
1098281,1
1136201,6
1126428,3
1149695,3
1033785,5
1098804,1
1162630,4
1124045,6
1225676,4
1143380,4
1187056,6
1146060,3
1220969,4
1282199,3
1190800,3
1220473,3
1277702,5
1062366,5
1303114,6
1295123,5
1003943,5
1158687,7
1125869,6
1026663,1
1278268,6
1161892,5
1133684,3
1076264,3
1035038,3
1227571,5
1069003,6
1303887,6
1135732,1
1127195,1
1064376,3
1264280,5
1176886,3
1264341,4
1279454,1
1189089,5
1066136,3
1220340,6
1209926,5
1212998,6
1232370,1
1155008,3
1215556,3
1100823,4
1000211,4
1025641,5
1122514,3
1264937,6
1087420,5
1054987,4
1236626,6
1029271,3
1090665,1
1047955,3
1023102,6
1214067,6
1274610,3
1018472,1
1130123,6
1178607,3
1197614,3
1275060,4
1257653,6
1087288,5
1186382,4
1002496,3
1063263,3
1135539,3
1085746,6
1009444,3
1085592,3
1251062,1
1140221,1
1010846,1
1265701,4
1155295,3
1267591,3
1069310,4
1323905,3
1275777,5
1038112,2
1174223,6
1181654,3
1032960,4
1154423,4
1248733,3
1026677,3
1011268,5
1020036,4
1279887,6
1044632,1
1030329,6
1006739,6
1293230,4
1136778,4
1030514,6
1021717,6
1303898,4
1277081,3
1268432,6
1152549,5
1053253,4
1314364,4
1040769,1
1120708,4
1046309,4
1050300,4
1230083,5
1142528,6
1211517,5
1114255,4
1205105,6
1283624,1
1044084,1
1025530,3
1091695,3
1229664,6
1281501,4
1099323,3
1065131,4
1222678,3
1245371,4
1284065,5
1067165,6
1313993,3
1316958,6
1244434,4
1061120,3
1252777,6
1253543,4
1077686,6
1165900,3
1045469,4
1122365,5
1240436,5
1208025,3
1157852,5
1035469,5
1132825,5
1024828,5
1192383,5
1307451,1
1264098,4
1077265,3
1227529,6
1242499,1
1133922,3
1239151,1
1109735,4
1005819,3
1163020,4
1239118,3
1044837,3
1278525,4
1141106,4
1256903,5
1269694,3
1254923,4
1245623,1
1089728,3
1001169,1
1156109,5
1246640,3
1187250,3
1210930,6
1168884,4
1117426,3
1116350,4
1234884,3
1173007,3
1160560,6
1067639,6
1057182,4
1185189,4
1322720,6
1193614,1
1240441,4
1217134,1
1208444,6
1127428,1
1002310,6
1048531,3
1058100,5
1044932,3
1297260,1
1027533,3
1191564,3
1251780,6
1022048,3
1320183,4
1223505,6
1039468,5
1028078,6
1055264,5
1102055,3
1311145,2
1304082,6
1179818,3
1111882,6
1201276,3
1191864,3
1074358,6
1230626,6
1113340,6
1039352,6
1131445,1
1010523,5
1203089,1
1213088,4
1116260,4
1094034,6
1036748,6
1031119,4
1223275,5
1005069,6
1228016,6
1158958,3
1152145,3
1006579,4
1072774,4
1031110,6
1209953,2
1044449,6
1304106,1
1286378,4
1122481,4
1222488,6
1108248,1
1262137,3
1054984,1
1142070,6
1035000,6
1303004,4
1246090,5
1312745,1
1075671,6
1025664,3
1043857,6
1244757,6
1229969,3
1261269,5
1072278,6
1020683,2
1029143,1
1050913,6
1056733,3
1111289,3
1221322,4
1283934,5
1047618,3
1325465,3
1105473,4
1305786,4
1064343,5
1284085,6
1300387,1
1219252,3
1319236,3
1195659,6
1209796,6
1205729,4
1175824,3
1068175,4
1198767,6
1224023,6
1305236,6
1036387,3
1275214,5
1171129,2
1133010,6
1117881,6
1173397,3
1271031,6
1081395,7
1185970,1
1023345,3
1151588,4
1299532,6
1145053,6
1126286,3
1177301,3
1181617,5
1151628,3
1039906,6
1205329,5
1144037,6
1145485,4
1310060,3
1233490,4
1083354,6
1177615,6
1033734,3
1051490,3
1047566,6
1128785,1
1033944,6
1256581,3
1090882,4
1217827,1
1202899,4
1282853,6
1084723,1
1098740,1
1221869,4
1309088,4
1164213,1
1044213,6
1260324,3
1262795,4
1188782,3
1088879,5
1041182,4
1001983,3
1052666,6
1006161,1
1164002,4
1135621,1
1164458,4
1240024,7
1084579,6
1057881,1
1294330,6
1067058,4
1016899,4
1235094,1
1029802,2
1004758,4
1318394,6
1063884,4
1127483,3
1078454,6
1140496,5
1000362,1
1320905,4
1278939,4
1228166,6
1250833,6
1165932,6
1188780,4
1161421,1
1106583,3
1274179,3
1013991,6
1303270,5
1067691,5
1262484,3
1220670,6
1037974,3
1064719,4
1200274,6
1229479,6
1190818,6
1107895,1
1084187,3
1170818,1
1014227,6
1105301,4
1116659,6
1268967,4
1247981,6
1060732,1
1139242,6
1025721,5
1050390,3
1075882,4
1153889,1
1270478,4
1056214,1
1089653,4
1266316,1
1093236,6
1030470,6
1118467,1
1085382,4
1035683,6
1147085,4
1322036,3
1129280,6
1123507,4
1266192,5
1015608,1
1215028,1
1052706,1
1232736,6
1258373,6
1104057,3
1184075,4
1089666,4
1112076,6
1187626,3
1130960,4
1147556,4
1318955,3
1260849,4
1244962,3
1110156,4
1313355,3
1041103,4
1168227,6
1065976,6
1127649,6
1137392,7
1081210,6
1038134,6
1185223,5
1134659,1
1230835,3
1280706,5
1129638,3
1113991,6
1311108,4
1248921,6
1201244,4
1029926,1
1019023,3
1257575,6
1261474,4
1172105,1
1176497,4
1175542,4
1301574,6
1279435,3
1092561,3
1187296,4
1021838,4
1299213,4
1000685,6
1028019,5
1247705,3
1006674,6
1100808,3
1225352,4
1047788,6
1192978,3
1056801,5
1184014,3
1195247,3
1237648,4
1114904,3
1255791,4
1053216,4
1264687,3
1223967,3
1151995,6
1042954,3
1035060,4
1094584,4
1096551,5
1301559,6
1075468,6
1220583,5
1221872,6
1273760,5
1043727,6
1071013,1
1120044,3
1041408,4
1288913,3
1025913,1
1310814,5
1173439,5
1157009,5
1309718,1
1154112,4
1156942,3
1278374,1
1089918,5
1080551,4
1289237,3
1124152,6
1044201,3
1086685,6
1218953,6
1147151,5
1149686,3
1132389,6
1043399,4
1214709,3
1251318,4
1081107,4
1235256,3
1088897,4
1136746,6
1162067,3
1012602,1
1262355,6
1298256,6
1057497,5
1146735,6
1237912,6
1076927,6
1304097,4
1263839,3
1069328,5
1144430,6
1304335,6
1147965,1
1044857,6
1120499,3
1297598,4
1172919,5
1274896,6
1158071,4
1132479,4
1056300,4
1075401,3
1186879,6
1044238,3
1044665,5
1056511,3
1239817,4
1101230,6
1143730,3
1246130,3
1168604,4
1261073,3
1005362,2
1301764,6
1191134,6
1008413,5
1152279,6
1297232,6
1076775,4
1250721,6
1181251,5
1018637,4
1307578,1
1054820,4
1031198,6
1316668,5
1296550,1
1067412,4
1103696,3
1031465,4
1025441,1
1204033,1
1206771,3
1112924,6
1008775,4
1287763,3
1158780,2
1097359,5
1155823,3
1022906,1
1061740,6
1005365,6
1084055,5
1144179,3
1207380,4
1020326,3
1183898,6
1007211,5
1140755,3
1162866,1
1068403,4
1299318,6
1161413,5
1275029,3
1133411,6
1290512,5
1210123,6
1154901,3
1211167,6
1174097,3
1056678,4
1170389,6
1168233,6
1017456,1
1122717,6
1319878,4
1091964,4
1116615,5
1241007,4
1142467,6
1100387,5
1006866,6
1036281,4
1118327,6
1037434,3
1101587,6
1121237,6
1304258,6
1002690,1
1301113,2
1062651,6
1294039,6
1247818,6
1064928,5
1248844,5
1071322,3
1164750,4
1238054,4
1145478,4
1044564,4
1139222,6
1259893,6
1119516,3
1032954,6
1023555,5
1122670,5
1003868,6
1146081,3
1213357,6
1115542,4
1152987,3
1122845,1
1228829,1
1234801,5
1266103,4
1269206,4
1325757,3
1309848,4
1271719,6
1093673,4
1302333,6
1233919,5
1188719,4
1149588,3
1035321,4
1183466,4
1246744,4
1076604,3
1092718,6
1265186,5
1171454,6
1166312,5
1021381,6
1035094,4
1168400,3
1032346,6
1154837,3
1201451,6
1152782,4
1142351,4
1111751,6
1085125,2
1206577,6
1258652,5
1289160,4
1050030,6
1126449,1
1049559,3
1071575,6
1260859,4
1117895,4
1199097,6
1296611,6
1026752,5
1142202,4
1272073,5
1021642,3
1315022,5
1134328,6
1179391,1
1284207,5
1171228,6
1279463,6
1222616,6
1002620,4
1079109,4
1073125,4
1133055,6
1169805,4
1174397,6
1159739,5
1146641,1
1089296,3
1008359,3
1234606,6
1134770,3
1294659,4
1142719,3
1248981,3
1295386,6
1163306,4
1172089,6
1058598,4
1000363,6
1013934,6
1018973,6
1303769,3
1148872,4
1247328,3
1035622,4
1184959,1
1096221,4
1000789,4
1084020,4
1134342,5
1312019,6
1177367,5
1050644,3
1125609,1
1109409,3
1103622,1
1038547,6
1131480,5
1254205,6
1318669,4
1003667,5
1156589,3
1138590,5
1010906,1
1130819,1
1266930,5
1159555,4
1012074,4
1235049,3
1128873,6
1109774,6
1106411,3
1052728,3
1099231,3
1281037,4
1260040,5
1239343,6
1217574,6
1127643,6
1030223,4
1084153,4
1124138,4
1304539,1
1204106,3
1273335,3
1278915,4
1162689,6
1171006,4
1147750,3
1319862,5
1137274,4
1232103,6
1074300,4
1275175,3
1322416,6
1073009,4
1136942,5
1224452,3
1026796,5
1172767,4
1319369,1
1171918,1
1205910,2
1268499,4
1176429,6
1085336,6
1106466,3
1218836,2
1205367,1
1104641,3
1137083,6
1258622,6
1081698,4
1021266,6
1263465,5
1158355,3
1241914,4
1074106,3
1321545,4
1192368,7
1057744,1
1061613,3
1066961,3
1145202,3
1308654,3
1111833,5
1018234,3
1240615,5
1129260,6
1119517,6
1066524,4
1010131,1
1155043,6
1321916,5
1089813,1
1044988,4
1183322,1
1043564,6
1130937,4
1178333,3
1217333,3
1076721,3
1181154,6
1256577,3
1305610,6
1039021,4
1000023,3
1195288,6
1276025,6
1272076,3
1049470,3
1067498,6
1029501,3
1219831,5
1008369,5
1090090,5
1134457,5
1055062,4
1068836,6
1060651,3
1023902,6
1008960,6
1177382,6
1040273,3
1294621,1
1308860,3
1016779,1
1168509,3
1019025,4
1128833,4
1315694,6
1240319,3
1110851,3
1007943,1
1318174,6
1069293,4
1113549,4
1070957,6
1181865,6
1309877,6
1294440,3
1039245,5
1182330,4
1189182,4
1237617,4
1257833,6
1050177,6
1102243,7
1005946,6
1191847,3
1189447,4
1000521,6
1093101,1
1078906,6
1130658,6
1072895,4
1096008,5
1046299,3
1096153,6
1201580,3
1318525,3
1193499,3
1030960,3
1138894,1
1204285,5
1193872,5
1036600,4
1091258,6
1309800,4
1243596,3
1204563,5
1012214,4
1289375,4
1037053,4
1008830,6
1042788,1
1267362,6
1307114,1
1148612,3
1086148,3
1239876,6
1252837,4
1282229,3
1182621,6
1066564,4
1221021,3
1131933,4
1068807,1
1070205,5
1156850,1
1071146,3
1313146,5
1168474,4
1241664,3
1257981,6
1115584,4
1241389,6
1248978,1
1109852,3
1221517,4
1247285,5
1302592,4
1290880,6
1057778,6
1118788,5
1278519,4
1199910,2
1127231,6
1316761,4
1181755,3
1163765,3
1270506,3
1012569,5
1167667,3
1083894,6
1092636,4
1051026,4
1257149,5
1091763,3
1249055,4
1203914,1
1064624,5
1234286,6
1264652,6
1013245,5
1007813,4
1279168,6
1064875,3
1044233,3
1117472,4
1059565,3
1142896,4
1036036,5
1004849,5
1253427,6
1231654,4
1021772,1
1187439,6
1072719,6
1291443,6
1310447,4
1152527,6
1286517,6
1243880,4
1244418,4
1180626,6
1167462,3
1204779,3
1286461,6
1079431,3
1083382,4
1180184,6
1066943,6
1233313,6
1212084,6
1045312,3
1045028,4
1051579,3
1277906,3
1308246,6
1115965,5
1064274,3
1254048,6
1060972,3
1091970,6
1280282,3
1308758,3
1188572,3
1242477,5
1144816,6
1139100,3
1196121,1
1067499,3
1256920,4
1100550,6
1321888,3
1128840,4
1130654,6
1123321,6
1161503,1
1310496,6
1145835,3
1325334,6
1084989,3
1109992,4
1246578,3
1080242,1
1092412,4
1286973,3
1067881,4
1251982,3
1095753,5
1168688,7
1050755,5
1145804,6
1209744,6
1257216,6
1076698,6
1248134,4
1177349,6
1107562,1
1007967,6
1084049,6
1185630,3
1235451,1
1068352,5
1115851,4
1063968,6
1015248,3
1307147,4
1304227,3
1097836,6
1221310,3
1115760,4
1007068,6
1211065,3
1225441,3
1196750,4
1204965,6
1062518,4
1072735,1
1066854,6
1255213,3
1103515,3
1128882,4
1225668,4
1313477,4
1137124,6
1026487,5
1158920,6
1084660,6
1017765,5
1009840,4
1028469,6
1224413,3
1117938,4
1121032,5
1125563,6
1120203,6
1143643,4
1068524,3
1186012,1
1135407,6
1043156,5
1005204,4
1271815,4
1311022,3
1269856,6
1128425,6
1214997,1
1290846,1
1292627,5
1320056,4
1126398,1
1190669,4
1127744,3
1129524,4
1100096,5
1318374,6
1210998,4
1278675,3
1034011,6
1256586,3
1230866,6
1022262,6
1161598,3
1269695,4
1069262,3
1292691,3
1175366,1
1186834,5
1015466,6
1309076,1
1224985,5
1184545,4
1114770,5
1246055,6
1234765,3
1149711,4
1269119,1
1045186,3
1109279,4
1216258,4
1145156,5
1283323,1
1124133,1
1220118,4
1022332,4
1179278,5
1166095,4
1141993,5
1224545,5
1305726,4
1113429,4
1138438,6
1318924,4
1143882,1
1219714,6
1128908,1
1082600,6
1014792,1
1176142,5
1041367,5
1125826,4
1245826,6
1281679,3
1239253,3
1283429,4
1215736,3
1105882,3
1288811,5
1214754,3
1110572,4
1262891,5
1124482,3
1184605,3
1037542,5
1187485,4
1192869,3
1206632,5
1287162,6
1180030,4
1172949,3
1030238,5
1107143,4
1125836,3
1307554,5
1208256,3
1055734,4
1202668,6
1025398,5
1278873,1
1029851,5
1313054,5
1083724,5
1009983,3
1015765,6
1200725,1
1249258,5
1044775,4
1287927,6
1233380,6
1310790,3
1062688,6
1178512,5
1078039,4
1294780,6
1306704,1
1208890,5
1179344,4
1137504,1
1178436,1
1074446,4
1102677,4
1226682,4
1056333,6
1129105,4
1074780,4
1160008,6
1079888,1
1209699,4
1007465,4
1285321,5
1233689,5
1049029,4
1202995,6
1185304,6
1184857,6
1069222,3
1168360,5
1141335,6
1149868,1
1137918,3
1306081,6
1303220,6
1121440,3
1179844,4
1093701,3
1296333,1
1264461,6
1246312,5
1169044,3
1223026,4
1149810,6
1023790,3
1316952,5
1111533,3
1299206,4
1042675,5
1297360,4
1232332,4
1139896,3
1296278,5
1285990,5
1320042,5
1040147,4
1184121,4
1178448,5
1242962,3
1178001,3
1054451,3
1116307,5
1260063,3
1201516,3
1278752,4
1053752,6
1232905,5
1176352,4
1192307,5
1213325,5
1156183,1
1010472,4
1233902,3
1008812,4
1061189,5
1108130,4
1038488,5
1007424,5
1035890,3
1303369,4
1242979,4
1181211,4
1167959,3
1035631,1
1195219,4
1210263,3
1143708,4
1032200,3
1120939,1
1223409,3
1225469,6
1047927,4
1244886,3
1096215,6
1009284,1
1259543,1
1221756,6
1110425,1
1073296,3
1225912,3
1269124,4
1032462,4
1265075,3
1292403,4
1015895,1
1100768,6
1007711,3
1220030,6
1068451,6
1048598,3
1228353,4
1127607,4
1022291,3
1033387,4
1253194,6
1311415,6
1310809,4
1128592,5
1149946,2
1065518,6
1149934,6
1196351,1
1065421,6
1094194,4
1163109,3
1214055,5
1014693,4
1090568,3
1048764,3
1152465,4
1222411,3
1315291,6
1230630,6
1101069,4
1126540,3
1043999,5
1310110,4
1317053,4
1171617,6
1240163,6
1174099,1
1208989,3
1275961,3
1228170,2
1077800,3
1193424,6
1280028,6
1214632,4
1318226,6
1020504,6
1003028,4
1296823,3
1234497,1
1124266,1
1300883,4
1143268,1
1109654,3
1071331,5
1220349,3
1167000,5
1065674,5
1042386,6
1268382,4
1110292,1
1216951,6
1027642,6
1081349,4
1075566,5
1054109,1
1028954,3
1065365,4
1189736,5
1180012,3
1208006,4
1266451,4
1304151,6
1324253,6
1116542,6
1261484,5
1273445,4
1169104,5
1097531,6
1237807,1
1101735,5
1087616,1
1073503,1
1242316,5
1085252,5
1199911,3
1263522,3
1030385,3
1138484,1
1223857,4
1152917,6
1304309,3
1137174,6
1112363,3
1316478,6
1112854,4
1205284,4
1261415,3
1279488,6
1018283,5
1260664,5
1142140,6
1194486,4
1161353,1
1055630,6
1021605,1
1302469,6
1157620,6
1125577,6
1032293,5
1268883,3
1156519,6
1000806,3
1173099,1
1253093,3
1232220,6
1168937,5
1236225,5
1187420,6
1309282,4
1314924,6
1316277,1
1275826,3
1028659,4
1012942,3
1115190,4
1149561,6
1302917,6
1183778,4
1023150,4
1171444,3
1169397,6
1058365,5
1181062,6
1155658,6
1214139,5
1024343,6
1124982,6
1146297,4
1016474,6
1074745,3
1153015,3
1051014,6
1302928,3
1186875,4
1195826,5
1172212,4
1218736,4
1063883,6
1002819,6
1179775,3
1136075,3
1019729,3
1132046,1
1143186,4
1065862,1
1248646,3
1264522,3
1044114,3
1320501,5
1295893,6
1115366,6
1281791,4
1141743,6
1052682,4
1306784,3
1068858,6
1323643,6
1253815,4
1072893,1
1057519,6
1296980,3
1059903,4
1063160,6
1305050,6
1220412,3
1053910,3
1151096,6
1163174,6
1056499,4
1131522,4
1219833,6
1050941,6
1268838,3
1268374,3
1006838,6
1103404,3
1313491,5
1202030,3
1168600,4
1117558,1
1027012,4
1155029,6
1213260,1
1249207,6
1010199,6
1122084,4
1045260,6
1091034,3
1230521,1
1222198,3
1144864,5
1285786,3
1257530,6
1079439,3
1047061,1
1019790,3
1062902,6
1059184,6
1188849,4
1218814,2
1217884,6
1253189,3
1235583,1
1161146,4
1183360,1
1248013,6
1283711,6
1051860,6
1139097,5
1251612,6
1266525,6
1135044,3
1241145,6
1126463,5
1242500,6
1312210,4
1266049,5
1060104,4
1046603,4
1207800,4
1185719,4
1172794,4
1288471,5
1114798,1
1023569,6
1224841,6
1106792,3
1082586,4
1207570,3
1131212,7
1269152,5
1201472,3
1189613,6
1203505,6
1091410,3
1247097,3
1203564,1
1214678,4
1184346,1
1182317,3
1262187,6
1021557,6
1070875,4
1139058,5
1256976,4
1041436,6
1290383,1
1120895,6
1264355,3
1275592,3
1284145,7
1083467,1
1132334,1
1025848,5
1234611,3
1131134,6
1177947,3
1183458,5
1228305,4
1099929,3
1039163,1
1180119,5
1113858,6
1000867,3
1134382,3
1120548,4
1253775,1
1005350,6
1205343,3
1311205,1
1195580,4
1112806,4
1154209,3
1189539,6
1026559,5
1325057,3
1222597,6
1124563,5
1129069,6
1121120,1
1231144,1
1078052,3
1063839,4
1055221,4
1296064,4
1200582,6
1013595,6
1168943,3
1190850,5
1317968,5
1322587,5
1283614,4
1180116,4
1290525,6
1111640,4
1079180,4
1010469,6
1042339,1
1211391,6
1052403,5
1007209,3
1097798,4
1214831,4
1138330,1
1188708,1
1111303,3
1002864,4
1068017,1
1171433,4
1201200,4
1042760,1
1145080,3
1314884,4
1151188,5
1248956,3
1029294,6
1159749,4
1149138,4
1325388,5
1102558,3
1138666,1
1290776,3
1309659,4
1300898,6
1119150,3
1210476,5
1026166,5
1138061,6
1198566,4
1005116,1
1295279,5
1035977,1
1158848,6
1182373,5
1045216,5
1018919,1
1070211,1
1178876,5
1225029,6
1133045,5
1213353,3
1300947,6
1047448,6
1282446,3
1057562,4
1091768,1
1311138,1
1173075,5
1320303,1
1007268,4
1251275,1
1306870,1
1318495,5
1070790,6
1137463,5
1190201,2
1268962,3
1062406,4
1199876,3
1144387,6
1195170,3
1233167,5
1285476,4
1321189,6
1120680,5
1151420,3
1148922,6
1325279,4
1004962,1
1107286,6
1001442,6
1079219,3
1209499,1
1182506,6
1196443,3
1200365,1
1282388,3
1001537,4
1077239,4
1140251,3
1190723,6
1061738,4
1067224,3
1320701,6
1325322,3
1244604,1
1271538,6
1133130,3
1175510,6
1272549,3
1137365,3
1274875,3
1235442,1
1053751,1
1000878,3
1137147,3
1048729,6
1053182,4
1221740,6
1169771,4
1290954,3
1317175,4
1170132,6
1322504,6
1318014,3
1203037,5
1037427,6
1172513,4
1044258,5
1058946,4
1110012,6
1206768,1
1217525,5
1030936,4
1292704,3
1107148,6
1317717,2
1083785,6
1008341,5
1313905,5
1305791,1
1091107,6
1172478,6
1225394,4
1133819,6
1018411,5
1304990,5
1004430,4
1190055,3
1089164,4
1174037,1
1010109,6
1155945,6
1227591,4
1124331,4
1139739,1
1229382,5
1204513,6
1228707,5
1322144,3
1167492,4
1052620,1
1009033,4
1251620,5
1193128,4
1010388,6
1080687,3
1108736,3
1178679,6
1131463,3
1183548,6
1322722,3
1097969,3
1004564,4
1320182,6
1284058,3
1259653,6
1060222,1
1141739,2
1162027,4
1284768,6
1065667,3
1011597,6
1223879,3
1138187,4
1174420,4
1128480,5
1264755,3
1075880,4
1065607,6
1252875,4
1081405,4
1247088,3
1269303,5
1312260,3
1289029,5
1284453,3
1141756,4
1031241,1
1251562,4
1069783,4
1116883,4
1134910,6
1182550,5
1224977,6
1030143,4
1273241,6
1238628,1
1245542,1
1234926,6
1195272,3
1010490,5
1043178,4
1050410,4
1100121,3
1011680,3
1029355,6
1022993,3
1075124,4
1110138,3
1039327,3
1219745,3
1227819,1
1245969,3
1266066,3
1322696,6
1199191,4
1050710,5
1057376,1
1079313,3
1267555,3
1157628,5
1159369,6
1118055,6
1231589,4
1215843,6
1245163,4
1008552,6
1036537,6
1052236,6
1205565,6
1031883,5
1098942,3
1088988,3
1087828,6
1058039,5
1205213,5
1250601,1
1299982,6
1071664,3
1206670,4
1115707,6
1243890,6
1037613,3
1114590,6
1244444,6
1145864,4
1013611,4
1249485,1
1148978,6
1314666,6
1045152,5
1223351,6
1150931,5
1023210,4
1149024,7
1193764,1
1215702,5
1230575,5
1227794,1
1203942,6
1044804,3
1235481,6
1293938,6
1251554,6
1172686,6
1175857,4
1155663,1
1094886,6
1281660,6
1263718,5
1233684,4
1201549,3
1202285,6
1259326,1
1110786,6
1272685,4
1056201,4
1109006,5
1184815,6
1283015,5
1133347,4
1041512,4
1038722,3
1100422,6
1013578,3
1137798,3
1319480,3
1073754,3
1094877,3
1253527,5
1134656,4
1193522,3
1315983,6
1048364,5
1267533,5
1252679,6
1086179,4
1214866,3
1253839,6
1096418,6
1311423,5
1058758,3
1041822,3
1311372,6
1189098,1
1079803,6
1100848,4
1305707,4
1274809,3
1117772,4
1305522,6
1182153,6
1259804,4
1195592,6
1059327,3
1064108,5
1245167,7
1242101,1
1311641,4
1058638,3
1140110,3
1083132,3
1160346,3
1097922,5
1080460,6
1287131,6
1157420,4
1184823,4
1224324,5
1269847,4
1120061,4
1078678,4
1170444,3
1260851,1
1106945,4
1310212,4
1077266,6
1090277,6
1116295,6
1214932,4
1084257,4
1035498,4
1226035,4
1055587,4
1026126,2
1146652,6
1103511,6
1064438,6
1215157,6
1036542,4
1059221,6
1123312,4
1162483,3
1190382,5
1088010,4
1255898,4
1051054,1
1232013,4
1229565,6
1156567,3
1206514,1
1313698,6
1189531,6
1112660,5
1142772,3
1056092,4
1150899,3
1276732,6
1311567,6
1040566,4
1121677,4
1197258,3
1186234,6
1155993,6
1274900,6
1158725,3
1019396,5
1197450,3
1006602,6
1040272,1
1262684,4
1073852,3
1039241,3
1036998,6
1310983,3
1011210,6
1208116,1
1168004,6
1151262,3
1316765,5
1309420,5
1281219,4
1067445,6
1269950,5
1226960,5
1281168,5
1213596,5
1045785,6
1208379,3
1053439,6
1289364,3
1247234,6
1101593,4
1124020,3
1158144,4
1107345,5
1020033,1
1244318,4
1165752,6
1325539,3
1029561,4
1056998,4
1037908,6
1060490,5
1192051,5
1140783,1
1301571,6
1117232,3
1144292,4
1057149,6
1141835,5
1174989,4
1319205,1
1046789,5
1267182,1
1211541,1
1143499,5
1143172,5
1187620,1
1270805,6
1196915,3
1002868,6
1016276,6
1090910,6
1076490,4
1209261,4
1139412,3
1015670,6
1226500,1
1054807,3
1254535,1
1214816,6
1209614,4
1000182,1
1029871,6
1291364,5
1099153,3
1231502,4
1115361,5
1085634,4
1201213,6
1171805,6
1096281,3
1005772,6
1030529,3
1256495,4
1320653,4
1281777,3
1069466,2
1276702,5
1179577,5
1117436,6
1194262,1
1083306,6
1095158,6
1095740,6
1121151,3
1313277,3
1045652,5
1179786,4
1139880,4
1158754,5
1247206,6
1076020,6
1179147,1
1261152,6
1294303,5
1267573,1
1002927,6
1059415,1
1245949,3
1091680,5
1131657,6
1156979,4
1294220,1
1318467,1
1269030,4
1034636,1
1105941,1
1273024,4
1120599,6
1006526,4
1142841,1
1030055,5
1201570,1
1316055,5
1213477,4
1097772,4
1021429,3
1159889,6
1210942,4
1220391,4
1204349,3
1186718,3
1216012,4
1199210,4
1049160,5
1212594,6
1170774,6
1311948,1
1176003,3
1066034,3
1281720,3
1022433,4
1233502,4
1172716,3
1189546,5
1277718,4
1093847,6
1224556,6
1276894,3
1042473,3
1025628,5
1179929,3
1035690,4
1213543,1
1114851,6
1171553,3
1039537,6
1184977,6
1176605,1
1022404,3
1217459,6
1026029,4
1045890,1
1002918,1
1032035,3
1016008,5
1013845,4
1173420,5
1284906,3
1199838,5
1158903,6
1025114,1
1150889,3
1189411,3
1221288,4
1220457,3
1320721,6
1061470,1
1318460,4
1160507,6
1022319,4
1223408,3
1167216,5
1144650,4
1198292,3
1244203,4
1128390,5
1017149,1
1322255,5
1178648,6
1081811,6
1142264,5
1069602,3
1163693,6
1266591,6
1050437,6
1030607,3
1237819,4
1016715,4
1128106,1
1282016,4
1306749,3
1074549,6
1166837,3
1205006,3
1127687,3
1014699,4
1268984,3
1073414,5
1208515,1
1017314,4
1322282,4
1291277,3
1249448,4
1275876,4
1112364,6
1129384,1
1081460,3
1234217,3
1188055,4
1081193,4
1302784,6
1070396,3
1211031,4
1244231,5
1006831,1
1172950,4
1093889,6
1044092,1
1180834,1
1237838,4
1023863,4
1246520,3
1160576,4
1181370,4
1264740,6
1238982,6
1055003,3
1283044,4
1009916,4
1220058,3
1207655,4
1147567,5
1165647,3
1135428,3
1056279,5
1021044,5
1088727,5
1267620,1
1164908,5
1249361,5
1036303,3
1012896,1
1150138,6
1248415,3
1262322,6
1173725,6
1018764,3
1057204,6
1206537,6
1010647,4
1018858,4
1029697,6
1125371,6
1082487,3
1201946,6
1180997,3
1101192,3
1069068,3
1109313,4
1305529,6
1114604,6
1164151,5
1204474,3
1101916,4
1000942,1
1188468,6
1272029,6
1104804,4
1177857,5
1099504,3
1267248,6
1120283,6
1271230,5
1230734,3
1112608,1
1221287,6
1133666,1
1050403,3
1230583,5
1038448,5
1032667,3
1041465,6
1325577,3
1275549,1
1063291,1
1306804,6
1044806,6
1307260,4
1062447,6
1005242,6
1135984,6
1001238,3
1102712,6
1255716,4
1180017,3
1317993,1
1279125,6
1191516,1
1292041,4
1259012,3
1227844,4
1299983,3
1282974,5
1264836,5
1072177,3
1071963,4
1211726,5
1269074,3
1064245,1
1117509,5
1125941,4
1069249,2
1230275,4
1026122,5
1266596,6
1180035,6
1148037,4
1276114,4
1033838,3
1181724,5
1055228,6
1121982,5
1317874,4
1174829,5
1045902,6
1278645,1
1017034,4
1221663,3
1021202,6
1118866,4
1092508,5
1196821,3
1178840,4
1027215,3
1201191,5
1190638,3
1238995,5
1295914,4
1183327,6
1209692,3
1180710,3
1272945,6
1108571,6
1006825,3
1230267,3
1180546,4
1130785,1
1267370,3
1055110,4
1293201,3
1045751,3
1281265,3
1085630,5
1017277,6
1040071,5
1198107,4
1093806,3
1285571,5
1034118,3
1151027,1
1167586,4
1215323,5
1139846,6
1218325,6
1217445,1
1140637,1
1251515,1
1273460,3
1005385,1
1044048,3
1212636,3
1094608,1
1039731,6
1286861,6
1131033,6
1295283,4
1155172,6
1299845,5
1306342,4
1184485,6
1140631,3
1078611,3
1139171,5
1304811,1
1074673,1
1098378,3
1092312,6
1203861,3
1171442,2
1030446,6
1159014,1
1162708,4
1308877,6
1175641,6
1224620,6
1148150,3
1007251,4
1208378,3
1177748,4
1001833,4
1114306,3
1268989,4
1307056,6
1262629,4
1131969,6
1209943,4
1314662,5
1323479,4
1130242,3
1260188,3
1034006,6
1032252,6
1294042,3
1092024,6
1170532,6
1186059,6
1257196,3
1000336,5
1002759,5
1089225,3
1162449,4
1136082,4
1171583,4
1124360,1
1058916,4
1268802,3
1265041,4
1283785,6
1163279,1
1166507,2
1261812,5
1171115,6
1124871,1
1250857,1
1121751,4
1083857,6
1223048,3
1035541,6
1294697,3
1214856,3
1293408,3
1112371,4
1137024,6
1058201,6
1003942,4
1168860,6
1325121,6
1026482,3
1128601,3
1193974,5
1028561,3
1145501,3
1018053,4
1158761,6
1321899,4
1158536,6
1292985,3
1292561,6
1116334,4
1245942,4
1301449,5
1029750,6
1009809,5
1086826,5
1304676,3
1187590,4
1086786,6
1218622,3
1103321,6
1089100,4
1053648,6
1278058,3
1103758,3
1283669,4
1120320,3
1005178,3
1278427,3
1304920,5
1256502,4
1122040,5
1268678,6
1250668,4
1072413,6
1034962,3
1294870,4
1062915,2
1233511,6
1140464,4
1001569,3
1073270,3
1108564,3
1314117,6
1150224,3
1325252,5
1111558,1
1063825,4
1194498,6
1306934,6
1025090,4
1066441,6
1153698,6
1012319,4
1170457,4
1285426,1
1193187,4
1296289,3
1193957,5
1205041,6
1205568,6
1290545,6
1038178,4
1221842,6
1119717,5
1080890,4
1122916,5
1261656,5
1125025,4
1202370,1
1220651,3
1139645,6
1194763,1
1152687,4
1258741,3
1165181,1
1227651,4
1050262,3
1270694,4
1165271,4
1296828,4
1178702,5
1290233,6
1012456,3
1221121,4
1069593,6
1251874,3
1149472,4
1252259,6
1179681,3
1044062,4
1207670,6
1120687,6
1214133,4
1176822,2
1186991,3
1236393,3
1026871,6
1274825,3
1091500,6
1197372,6
1223544,1
1320339,3
1004738,6
1293042,5
1264294,3
1228872,1
1008204,1
1308808,6
1189774,4
1147016,6
1310323,3
1026469,5
1061472,6
1316601,6
1291321,3
1294048,6
1222621,3
1266007,3
1106459,4
1235390,5
1316919,4
1210753,3
1067155,3
1223842,4
1170295,5
1005423,3
1153664,6
1284630,5
1266253,3
1317471,4
1001855,4
1085918,4
1029492,3
1264902,4
1300074,6
1207455,6
1212621,4
1090077,5
1299096,3
1062136,6
1314129,6
1002570,3
1275057,3
1086661,6
1130320,4
1024260,3
1052535,6
1293975,4
1317972,3
1153767,5
1164611,6
1124769,5
1292514,6
1039200,4
1131812,6
1324181,5
1216301,4
1011426,4
1238661,1
1245744,3
1006396,4
1199679,5
1283322,5
1131336,6
1008548,6
1024326,4
1036558,4
1112122,4
1210837,6
1010852,6
1283271,1
1089378,5
1080227,5
1220162,4
1309854,3
1223673,6
1197463,6
1208622,6
1050681,6
1019158,4
1271505,3
1171061,3
1147056,5
1055723,3
1024132,1
1210264,5
1148260,6
1191690,6
1110356,6
1007156,1
1209332,3
1114663,4
1164511,5
1034289,4
1314848,2
1209184,6
1102879,5
1066538,3
1194688,3
1276381,3
1133416,6
1243198,6
1115664,3
1144642,2
1204972,6
1192503,5
1133407,4
1088683,6
1259045,4
1174749,6
1301598,6
1126985,5
1125083,3
1090399,5
1166642,6
1061155,3
1031462,1
1228674,6
1019628,6
1128589,5
1186222,5
1013900,3
1185492,4
1243979,3
1182485,5
1304720,1
1194440,5
1173142,4
1236805,6
1308106,5
1315183,4
1311672,6
1198915,5
1104829,3
1228095,5
1165235,1
1142219,4
1019413,3
1302112,1
1271009,6
1232387,6
1317121,5
1318236,4
1145567,3
1092811,5
1153425,6
1223276,5
1093471,4
1026381,5
1062892,3
1022595,5
1067396,3
1086307,6
1003503,6
1110598,4
1226876,4
1014888,3
1121669,6
1096595,4
1048982,3
1298400,1
1305226,4
1008690,4
1042179,4
1173066,3
1109382,3
1183398,3
1054505,3
1058802,6
1040611,7
1250085,3
1164528,3
1228346,6
1300706,6
1152260,3
1107733,6
1234219,4
1289532,6
1014621,3
1249998,4
1157126,6
1139196,1
1219762,3
1081199,3
1140816,3
1320369,1
1193100,5
1130418,5
1083474,4
1144493,5
1253993,4
1126872,3
1146313,1
1254317,6
1137103,3
1060782,6
1307571,5
1095593,3
1202426,3
1267165,4
1186749,4
1191784,3
1053296,3
1232161,4
1165370,1
1121097,3
1102764,1
1247714,5
1237433,5
1154089,6
1217512,1
1275360,4
1264707,1
1214098,1
1005028,6
1304155,3
1062205,5
1240346,4
1317569,6
1123069,1
1114035,6
1154822,6
1244683,6
1316475,6
1055150,5
1157989,6
1116886,1
1177161,6
1127620,5
1178454,3
1252738,5
1088707,6
1147284,6
1106259,5
1043089,3
1237750,5
1318257,5
1301794,6
1149739,6
1054704,5
1017981,4
1193327,2
1114937,4
1086643,1
1007574,4
1134506,1
1264405,4
1234806,3
1233412,3
1047620,3
1182555,5
1157301,6
1032650,6
1301444,3
1151954,5
1175381,6
1085814,1
1034866,5
1310266,4
1036466,6
1079378,1
1218729,3
1156701,3
1059958,3
1125672,2
1132132,3
1221619,6
1011838,5
1024447,4
1107584,5
1051905,3
1261129,3
1189380,3
1109875,4
1061626,4
1162358,3
1009605,1
1081000,5
1274946,5
1212220,6
1247117,3
1256204,3
1063298,4
1150673,6
1226954,6
1013006,6
1093361,4
1301197,5
1087808,3
1057986,3
1187988,4
1031352,5
1251926,4
1295103,6
1188220,6
1157777,1
1078894,6
1280065,4
1174346,6
1141889,5
1246608,1
1116857,6
1165892,6
1269975,1
1303851,1
1131370,4
1292588,6
1324330,1
1087463,6
1041174,3
1296649,3
1097407,6
1195932,3
1054899,6
1134335,3
1043781,5
1053895,6
1005855,4
1023473,3
1126326,3
1174416,4
1315924,3
1315444,5
1202488,6
1153122,6
1082241,4
1065697,4
1140627,1
1213051,6
1110807,4
1277609,4
1117254,4
1034411,1
1238432,3
1080980,3
1062080,3
1306068,1
1288156,4
1292659,3
1258486,3
1285574,6
1103470,2
1187303,3
1232690,4
1135853,3
1127756,3
1223784,6
1165200,1
1219894,1
1118584,6
1235153,6
1165183,3
1005300,2
1160430,1
1158364,2
1025459,6
1113696,4
1193225,3
1110062,5
1134721,3
1140593,6
1082203,3
1150290,6
1015775,4
1302657,4
1069670,1
1151034,4
1292281,6
1282743,4
1185335,6
1234062,1
1145069,4
1323973,3
1072718,1
1175560,6
1125665,4
1127516,6
1067787,4
1181639,6
1242362,3
1046973,3
1152610,3
1259272,4
1117578,3
1101670,3
1306829,1
1087563,4
1277734,4
1235233,3
1103242,5
1056559,1
1011306,4
1282616,6
1052145,4
1089969,1
1262848,5
1053742,6
1218011,6
1269556,1
1149664,6
1197075,4
1167639,4
1300283,4
1241499,3
1266223,5
1009665,3
1146029,3
1133744,6
1216219,4
1304587,3
1192356,1
1147660,6
1282557,4
1148106,6
1252815,3
1216984,1
1087123,1
1198391,3
1171771,5
1247922,3
1166057,3
1295887,4
1219514,3
1050699,4
1135450,6
1036863,1
1131823,5
1122824,3
1295096,6
1289011,4
1261649,6
1144286,6
1319829,1
1101358,4
1219155,5
1298508,3
1212858,3
1004169,3
1147970,6
1099967,6
1126305,3
1014365,4
1105966,4
1007644,6
1021770,1
1129202,4
1192850,6
1072274,5
1201879,3
1126019,3
1212834,3
1272176,5
1213394,1
1237837,1
1171643,3
1236323,6
1293225,3
1114822,1
1091485,3
1236053,4
1290232,3
1254643,6
1063175,4
1064486,6
1154531,1
1240469,3
1295250,4
1255041,2
1221357,3
1272148,3
1185655,5
1113262,6
1003733,5
1247569,4
1240471,5
1209547,6
1304484,3
1272314,3
1123367,1
1265593,6
1314889,1
1278606,3
1241810,6
1211157,1
1050826,3
1050222,6
1165989,5
1089643,6
1102496,4
1237519,1
1255671,3
1145064,6
1185270,6
1021263,6
1160968,4
1238068,4
1020345,3
1301257,3
1014360,6
1223389,4
1275344,1
1095971,1
1175147,6
1042483,6
1163831,3
1303794,5
1024644,4
1126770,3
1074432,6
1301681,6
1123170,1
1018118,6
1260296,3
1071840,3
1106190,4
1271953,4
1183337,3
1049560,5
1110837,1
1106983,6
1110022,3
1049382,6
1079862,5
1162963,3
1018944,3
1279342,4
1300338,4
1060691,5
1164814,6
1005089,4
1117251,4
1182464,5
1130812,3
1150070,5
1085721,1
1276474,6
1176377,3
1088390,6
1041656,6
1005948,4
1240528,3
1163402,1
1308659,6
1270571,5
1123318,5
1268176,5
1209630,4
1099638,3
1161619,3
1124548,4
1065704,4
1235117,3
1197958,3
1223429,1
1026177,6
1220172,4
1215783,6
1132949,3
1027912,1
1065241,4
1005884,3
1281353,6
1216355,6
1263342,6
1179634,6
1024947,5
1038355,3
1066397,4
1259718,6
1110556,4
1202600,3
1243911,4
1027314,5
1283338,3
1324703,5
1197312,4
1306911,6
1262087,6
1187012,6
1007623,3
1045864,6
1037957,1
1228216,3
1112629,6
1044779,5
1261996,1
1186262,6
1137472,5
1142322,4
1008725,3
1204928,2
1222467,1
1295426,3
1027179,6
1087876,6
1059791,4
1170361,3
1289388,3
1236981,5
1127085,3
1118352,3
1163755,6
1112659,2
1051966,6
1253158,4
1142921,1
1311238,1
1057645,3
1300591,3
1250009,6
1189789,5
1029644,6
1022398,3
1156362,6
1083844,5
1268218,5
1198917,3
1246620,6
1098794,3
1321408,3
1273642,7
1255528,5
1172640,3
1004017,4
1121457,1
1323032,5
1031886,1
1055247,6
1090219,4
1016454,3
1244863,3
1077712,6
1253454,1
1196265,5
1229741,4
1196021,2
1320545,4
1312353,6
1242023,6
1166932,5
1050369,6
1022590,1
1128751,1
1108047,3
1076060,5
1088771,3
1317962,5
1136452,4
1272337,3
1315950,6
1271406,3
1151175,1
1306299,3
1254749,6
1323535,1
1201666,3
1127115,3
1257513,3
1211110,4
1275047,6
1092757,3
1013433,5
1140250,6
1217479,3
1254734,5
1176861,6
1297746,6
1279703,1
1220092,2
1221234,5
1034671,4
1234456,6
1138891,3
1192679,3
1121753,3
1209835,4
1079717,3
1063126,4
1317225,4
1054730,6
1000017,1
1172720,6
1072364,3
1047555,5
1242393,1
1095738,6
1157794,6
1102390,6
1148459,4
1289942,1
1056889,6
1043157,4
1107971,4
1135678,6
1302099,6
1303282,1
1001682,6
1099297,4
1026946,4
1239988,6
1302049,1
1185472,3
1299714,6
1196745,5
1113065,5
1051542,1
1017592,5
1020482,3
1166237,6
1267405,6
1085680,4
1297405,1
1096171,4
1047260,4
1321771,3
1212785,4
1243486,3
1120703,6
1153406,4
1232052,4
1246625,4
1092693,4
1049632,4
1084427,5
1310860,3
1308136,6
1117915,6
1167379,3
1085544,6
1254303,3
1312554,6
1292847,6
1095868,3
1030138,7
1258298,3
1276150,6
1210716,6
1269739,6
1027101,3
1092377,6
1079241,4
1267056,6
1018589,6
1320891,5
1149215,1
1084870,6
1012723,3
1213858,6
1060455,3
1158275,5
1270392,6
1086955,6
1074871,4
1177802,6
1191113,5
1051252,6
1220879,1
1128291,3
1264830,6
1224857,3
1196968,1
1198365,4
1170832,3
1302459,3
1262273,3
1163352,3
1252561,6
1002963,3
1202719,6
1234810,4
1057747,3
1215141,4
1176756,6
1234428,6
1004745,5
1120897,4
1157772,4
1055416,6
1147841,4
1120579,6
1245410,5
1203976,3
1038516,4
1005983,6
1312493,1
1034525,3
1181629,5
1147012,5
1079507,4
1096501,1
1108399,5
1069522,3
1026741,3
1073254,4
1274193,3
1151116,6
1125735,3
1317877,6
1104041,5
1281243,4
1091008,3
1261696,6
1313553,6
1119672,6
1206800,3
1146788,1
1146934,3
1031374,1
1076825,3
1155887,4
1163103,6
1130366,4
1273058,6
1183564,1
1052075,3
1299943,6
1008938,6
1006754,3
1242082,1
1110190,6
1143082,3
1064219,3
1003095,4
1319623,1
1154997,6
1192207,6
1077716,3
1171164,6
1267819,4
1197843,4
1189892,1
1115904,4
1186746,4
1190072,5
1303376,6
1231736,5
1203788,4
1229791,3
1283578,6
1310304,5
1089773,6
1029701,3
1141995,3
1043846,4
1210816,4
1085248,6
1277385,4
1225680,3
1183027,5
1009933,6
1278346,6
1266566,5
1314742,6
1094064,4
1179672,5
1067569,4
1067659,3
1198602,1
1257423,4
1079869,1
1229693,3
1071238,1
1034928,3
1316876,6
1055394,5
1289608,3
1131172,3
1162029,4
1089324,6
1040726,3
1323761,3
1091078,4
1092333,2
1295354,1
1070566,3
1080265,6
1004805,1
1126085,3
1026158,3
1284344,5
1274322,6
1161946,6
1093844,4
1266370,4
1158315,4
1227228,4
1205424,4
1285466,6
1214705,6
1151439,3
1276137,6
1198420,4
1099843,6
1257785,5
1082796,5
1292716,1
1069337,3
1102204,4
1061310,6
1232610,4
1251614,3
1140042,4
1199195,6
1257832,5
1020414,6
1199979,1
1120427,4
1199868,4
1223511,5
1224702,6
1203566,6
1083885,6
1153945,5
1128867,4
1279553,3
1013179,1
1322387,3
1316392,6
1285083,3
1316111,4
1008317,4
1153718,4
1299963,3
1128327,6
1143546,5
1070667,6
1262755,4
1000400,6
1099562,6
1151567,6
1129184,3
1245905,5
1077362,4
1054997,3
1242106,1
1319012,3
1090486,4
1253054,6
1310774,3
1255390,6
1100302,3
1054314,4
1179903,4
1151540,6
1121849,1
1027563,5
1131818,4
1035278,5
1237554,3
1160062,6
1317364,5
1211317,3
1243185,6
1106658,6
1071579,6
1241569,2
1229045,6
1151736,3
1227378,5
1062890,5
1004362,3
1146952,4
1050746,3
1270483,3
1232852,4
1125471,4
1135255,6
1110999,1
1316257,4
1302869,5
1027155,3
1130205,4
1003620,1
1170903,6
1033588,5
1013507,5
1217073,6
1006744,5
1228977,3
1131292,4
1215135,5
1135837,6
1115343,3
1094990,1
1177824,3
1045316,1
1016749,4
1234408,6
1013031,3
1212646,4
1292453,3
1288524,4
1097876,6
1133802,5
1070008,6
1073675,6
1194693,5
1315728,3
1243262,1
1222580,3
1095174,4
1150885,6
1177300,6
1258586,1
1060221,3
1280481,4
1079513,3
1141488,5
1184161,4
1236987,6
1089133,6
1028624,5
1116289,4
1111075,4
1102004,3
1019896,4
1145536,3
1271062,3
1283164,3
1228161,3
1213739,6
1115563,5
1109856,5
1037386,6
1244629,6
1102645,6
1180998,4
1315379,5
1194443,4
1288622,6
1276023,3
1227684,6
1303681,4
1018313,3
1108009,4
1290241,3
1046061,6
1122628,5
1140842,3
1314059,4
1069788,3
1197814,1
1181626,4
1231751,3
1188884,1
1123313,4
1122850,6
1157760,3
1303499,5
1055850,6
1160210,5
1166406,5
1245438,4
1253787,4
1057846,4
1196158,1
1189900,3
1177881,5
1242911,6
1021656,5
1275526,4
1029721,6
1239032,4
1189967,4
1207847,1
1171188,6
1302635,4
1017537,3
1308526,6
1015043,7
1325705,1
1240744,6
1277463,6
1190749,6
1287489,6
1267598,3
1053642,4
1145320,4
1020343,6
1078443,6
1229688,3
1123556,6
1314022,1
1164810,1
1068762,3
1003698,3
1180180,4
1113520,3
1082025,3
1156158,4
1192709,7
1036950,1
1122929,1
1095320,6
1240751,5
1081095,4
1308184,4
1255654,6
1131660,6
1134451,4
1103669,3
1068278,5
1211329,3
1280637,3
1032186,1
1204603,3
1235701,4
1309666,5
1044721,5
1254452,4
1252045,1
1069833,6
1033262,5
1206772,4
1289157,1
1204227,3
1228390,1
1307780,3
1047930,4
1232132,1
1066125,6
1258347,6
1011814,2
1212898,3
1295927,6
1139429,4
1124102,5
1081103,1
1266354,4
1287561,3
1198969,3
1061448,3
1138446,3
1284335,3
1322194,4
1210479,4
1082167,4
1173255,2
1250235,6
1211262,5
1315643,1
1225914,5
1119012,3
1028434,6
1211384,4
1109174,6
1023434,6
1159103,3
1321415,3
1148662,3
1044915,6
1106940,1
1074004,6
1213453,3
1196186,7
1172987,6
1322346,4
1312866,5
1297119,6
1074485,6
1266275,5
1313289,3
1272024,1
1277730,4
1079642,6
1201013,1
1304453,5
1183660,3
1165288,4
1142413,3
1009095,1
1149088,1
1142917,5
1212638,3
1039164,5
1113306,5
1199509,6
1051699,5
1220588,3
1083248,3
1049407,1
1146693,3
1254356,4
1147351,3
1097383,5
1259740,3
1205690,6
1034947,5
1132249,3
1218247,3
1251180,4
1233345,4
1277549,4
1274897,4
1260285,4
1274233,4
1066009,1
1300586,6
1302575,4
1176669,4
1069985,5
1319331,1
1301369,1
1162869,5
1158688,3
1152422,3
1274445,6
1016036,6
1097245,6
1306237,3
1231439,4
1049781,3
1074366,6
1194285,3
1063218,5
1050050,6
1013454,6
1162557,6
1152974,6
1003201,6
1022933,4
1033845,4
1233560,1
1067379,1
1225269,6
1089379,5
1069194,4
1184415,3
1047215,4
1187402,6
1089504,3
1101305,1
1030701,6
1087934,4
1106070,4
1067664,1
1314227,6
1081544,6
1229633,6
1036788,3
1089330,4
1050163,4
1019699,3
1319011,4
1268776,2
1143634,3
1038527,3
1072374,3
1316948,3
1215694,6
1050720,5
1209010,1
1179533,6
1170116,5
1142603,1
1165982,1
1244332,1
1103804,4
1203659,5
1177110,3
1023322,1
1181089,3
1303233,3
1191552,3
1219979,5
1045750,1
1203003,4
1185078,3
1022086,6
1037692,6
1053518,4
1196496,3
1178669,6
1054768,6
1253737,6
1081444,6
1318357,4
1241132,3
1316083,6
1262827,1
1017111,1
1075103,4
1280602,1
1115859,3
1220542,6
1102247,3
1206527,5
1228328,6
1120978,5
1314289,6
1065219,6
1201713,5
1279340,4
1131654,4
1145158,6
1133145,3
1296187,5
1265091,4
1126954,5
1024280,1
1185528,5
1197172,3
1206624,6
1238183,3
1090259,4
1036872,5
1192698,6
1007320,4
1310840,5
1320419,6
1094948,3
1097430,6
1019542,4
1098442,3
1228620,3
1281640,5
1132974,5
1023636,3
1128026,3
1083262,4
1261315,4
1311354,4
1165317,4
1089168,3
1031111,4
1204852,6
1008368,6
1029265,6
1218621,3
1145706,3
1154498,6
1047163,5
1286508,4
1098082,5
1177303,2
1214438,2
1233931,1
1152228,6
1310277,6
1150160,3
1271808,6
1118398,4
1077927,6
1291508,3
1198279,4
1321405,5
1229659,5
1250562,6
1124944,3
1128549,5
1187900,5
1209157,4
1039920,4
1113479,6
1092306,5
1297552,4
1120033,3
1300474,1
1313831,6
1135713,5
1310263,3
1318647,1
1032707,3
1039915,3
1213131,5
1004695,2
1142791,6
1296690,1
1150554,4
1067775,1
1298087,3
1167281,3
1075948,6
1249125,1
1030758,6
1193947,6
1321911,4
1245222,3
1261537,4
1131113,1
1004934,6
1305744,6
1197234,4
1181396,5
1040694,4
1100911,3
1228128,6
1080790,1
1174671,6
1198281,4
1170799,3
1259235,1
1079575,4
1126005,5
1274071,3
1117755,4
1239655,3
1269429,5
1224279,6
1099292,5
1090113,3
1269973,1
1036230,3
1078675,3
1107686,1
1238066,3
1205670,3
1141094,6
1235477,1
1216227,3
1105124,4
1208315,3
1243671,4
1130874,3
1244955,4
1264827,1
1064593,4
1156732,5
1308190,3
1290639,3
1071854,5
1093745,3
1276524,4
1094907,5
1092469,3
1242825,6
1273050,6
1248705,5
1074630,3
1218576,3
1137596,6
1231026,4
1304806,5
1273746,3
1128285,4
1234064,3
1030620,5
1042056,3
1264406,3
1323324,6
1008961,6
1087134,1
1320159,3
1284722,4
1291453,3
1297401,6
1112895,3
1013931,6
1280558,3
1040330,4
1012768,3
1109210,6
1102203,3
1129505,4
1133399,6
1141491,6
1088207,5
1317947,4
1244006,4
1293000,3
1141805,4
1209127,4
1062133,4
1237610,3
1046262,3
1025354,4
1313847,4
1067978,3
1026999,6
1295715,6
1024026,6
1116380,1
1271172,4
1131372,4
1299594,6
1186918,4
1147632,4
1150227,4
1041337,3
1232020,5
1006542,6
1233331,4
1031968,6
1216599,6
1100473,1
1241736,5
1316387,6
1293060,6
1307218,1
1055579,6
1127307,4
1010592,6
1210735,3
1278636,3
1162663,6
1264132,3
1219563,5
1028831,3
1228706,5
1298804,3
1192877,6
1204056,3
1294801,3
1303753,6
1323887,6
1309568,3
1324325,4
1301054,5
1178734,3
1083380,6
1050963,3
1154974,5
1308970,6
1235762,6
1302986,6
1103717,3
1141521,3
1030468,6
1204868,3
1069115,1
1167297,5
1064631,4
1309293,1
1011348,4
1117207,1
1310330,4
1135055,3
1151497,1
1106732,4
1261013,4
1238337,3
1005137,3
1002445,4
1188303,4
1153021,1
1060744,4
1153770,5
1232174,6
1281585,1
1117423,1
1130015,6
1284509,1
1278431,1
1153163,4
1140095,6
1099118,6
1290115,5
1266250,6
1143761,6
1309417,6
1250099,4
1240358,3
1182986,3
1297141,3
1294430,6
1276931,6
1207672,4
1197100,1
1031956,4
1226674,3
1258977,6
1210767,1
1003916,5
1074229,3
1190316,3
1213778,5
1318538,4
1182244,5
1026523,6
1048907,4
1087482,3
1290136,4
1033751,4
1324647,4
1113191,5
1225560,4
1140760,3
1049609,5
1194712,5
1025703,5
1151881,4
1067431,6
1310354,6
1100015,3
1267746,5
1312256,1
1253464,3
1168373,6
1187374,4
1120679,5
1222058,1
1221947,5
1052102,5
1012344,3
1009166,3
1084176,6
1024551,3
1319416,3
1145108,5
1001029,4
1220657,6
1167744,5
1285012,3
1231459,4
1274439,6
1130757,5
1114842,1
1156636,4
1278548,4
1139224,4
1121194,6
1087092,3
1249288,6
1256229,6
1308908,3
1305137,3
1200593,6
1209921,6
1008537,6
1006473,4
1184970,1
1277056,6
1002917,3
1321988,5
1204296,5
1109758,2
1193449,1
1071684,2
1246399,4
1030732,3
1022415,6
1163984,6
1062548,3
1260309,6
1151415,3
1030278,6
1079655,1
1231068,5
1316927,6
1087753,6
1302756,1
1170875,4
1078538,3
1034323,6
1108142,5
1063949,4
1273249,3
1052546,6
1295242,3
1114020,4
1156298,3
1072600,5
1191290,3
1316084,6
1254847,6
1010539,1
1048740,6
1096712,6
1125450,4
1201843,3
1147974,4
1243907,3
1193579,6
1060383,1
1060281,6
1128195,3
1019857,4
1321480,1
1124772,3
1093616,4
1095992,3
1160262,4
1027336,4
1273698,4
1137479,5
1123915,5
1192408,3
1034551,1
1097394,6
1274742,3
1086061,6
1069563,5
1123385,2
1182987,1
1161307,5
1116039,3
1267358,6
1182151,4
1025461,4
1269223,6
1192055,5
1263066,4
1226207,4
1120329,6
1026770,3
1166858,4
1016093,4
1226516,5
1296412,6
1135555,6
1242806,3
1010697,6
1095582,3
1211547,3
1032593,4
1322900,4
1309580,5
1062880,6
1032096,3
1223834,1
1142246,6
1152315,4
1100261,3
1023299,1
1002450,3
1076314,5
1175319,6
1021942,5
1066715,1
1077248,4
1306055,3
1117366,6
1051920,6
1045202,4
1072301,4
1066022,4
1225767,6
1214581,6
1195865,6
1180371,4
1209444,4
1114266,3
1021644,1
1323040,1
1183675,5
1301739,3
1104743,3
1057534,1
1305412,5
1156135,4
1315227,6
1043546,1
1072273,5
1089605,6
1272674,1
1109811,4
1228260,1
1321023,3
1185793,6
1252554,5
1271951,6
1227728,6
1134864,6
1290068,3
1152218,6
1319232,3
1013209,4
1083932,6
1072123,4
1016556,5
1305494,6
1119613,4
1047316,3
1120577,5
1046850,1
1155039,4
1015903,5
1030422,4
1178414,4
1051828,3
1001961,1
1123860,4
1069475,5
1201307,1
1008991,3
1080264,4
1230491,5
1123664,3
1246717,4
1154189,6
1253422,6
1123642,5
1184090,4
1129255,3
1095569,3
1179600,3
1026384,3
1132832,6
1309777,6
1121258,6
1305754,5
1162795,6
1104163,3
1316980,4
1193150,1
1133084,4
1109618,4
1059996,2
1163082,4
1230657,1
1302546,3
1217639,6
1017207,1
1261664,5
1081015,1
1215930,3
1180871,3
1203531,6
1154424,3
1185358,6
1066620,5
1194024,1
1320113,3
1073547,4
1251223,1
1308409,4
1213360,6
1256837,3
1005179,4
1165721,5
1261059,6
1282823,3
1225893,6
1100872,5
1277843,5
1307330,4
1013237,3
1122878,5
1065644,6
1159531,6
1005729,1
1026392,4
1136475,3
1025766,1
1100677,1
1075175,1
1018992,3
1088541,4
1076689,3
1015266,3
1242899,5
1009850,1
1224030,4
1214642,1
1215263,3
1199992,5
1259344,3
1211436,3
1027218,3
1176673,3
1241556,5
1162235,6
1116530,5
1184547,6
1205419,5
1145093,1
1254105,3
1123279,6
1173529,2
1032093,6
1001828,6
1225222,6
1023216,4
1099771,6
1099607,6
1180761,6
1304438,1
1058050,4
1308892,5
1187246,4
1007095,5
1143197,6
1147925,3
1009854,6
1091867,6
1045067,3
1032485,6
1152334,3
1192557,3
1098813,1
1217252,3
1248233,6
1317255,6
1273009,6
1088856,5
1223233,3
1123793,1
1129552,6
1124174,3
1038368,6
1286352,4
1291823,3
1224418,1
1147439,1
1079817,5
1018599,5
1252086,3
1061101,3
1285171,4
1092208,4
1321646,4
1289491,5
1289458,6
1202133,4
1321216,1
1202862,1
1067399,6
1194726,3
1121691,4
1141585,6
1237197,4
1126393,4
1017148,4
1105034,4
1305892,3
1160110,5
1025117,6
1183265,6
1113647,1
1016599,1
1278207,3
1096787,1
1076539,1
1207484,6
1136171,6
1226944,5
1006137,6
1009164,6
1322069,3
1317853,3
1073240,6
1293072,6
1303616,3
1185800,4
1075592,6
1157644,6
1110601,4
1027241,3
1016592,3
1051961,5
1261644,5
1038256,3
1157250,1
1027364,6
1081171,6
1255347,4
1257329,4
1320588,4
1198388,2
1028525,3
1199052,4
1321884,6
1195295,6
1106703,5
1189879,3
1128215,4
1064119,4
1084157,3
1320875,6
1251032,4
1271651,6
1081377,4
1263755,6
1033939,2
1110657,6
1186086,3
1155500,4
1116596,4
1208250,6
1098937,4
1146092,6
1293876,3
1200271,6
1144577,6
1061900,2
1080600,5
1325045,5
1000391,6
1182794,3
1219159,6
1193403,5
1127667,6
1021195,4
1318672,3
1148568,3
1135086,5
1241886,5
1024320,4
1316161,6
1287390,3
1103313,5
1225846,6
1315641,6
1303932,6
1276787,4
1072373,6
1100038,3
1059853,6
1282790,4
1306640,3
1063166,1
1165902,3
1147075,3
1053470,5
1150069,2
1039918,6
1115126,6
1199154,3
1090920,3
1320450,4
1285312,4
1261718,5
1023826,6
1288315,3
1215274,6
1139537,1
1000576,5
1292016,3
1119171,6
1293775,3
1073831,4
1043433,4
1155714,4
1315185,5
1096431,6
1098037,6
1002150,3
1058217,6
1174470,4
1016573,4
1093048,5
1142119,6
1235981,4
1175805,3
1117908,3
1053745,5
1045382,4
1179130,4
1295584,6
1047573,6
1270070,4
1053162,4
1016453,6
1065845,3
1157435,4
1167798,6
1284277,1
1204330,3
1313264,4
1132255,6
1053003,3
1134427,3
1008030,4
1322369,6
1090834,5
1286081,3
1325813,1
1203876,4
1021426,3
1175193,4
1310425,4
1037708,3
1266505,3
1145382,5
1153765,4
1135685,6
1318199,6
1182904,3
1252475,1
1130006,1
1144477,5
1005953,3
1276627,4
1289989,1
1090763,2
1299597,6
1136512,6
1237064,4
1172953,3
1258176,3
1193507,6
1171613,5
1099576,3
1045164,3
1242747,6
1099947,2
1177089,3
1105452,5
1151433,1
1168537,4
1207721,1
1318288,1
1005728,6
1005900,1
1110670,3
1036667,2
1024142,4
1100188,4
1311790,4
1087585,5
1278467,6
1018264,3
1148634,1
1284156,6
1045811,6
1050269,1
1320693,5
1198842,4
1196498,4
1294126,3
1287756,1
1153674,5
1049267,4
1262106,5
1228225,1
1068110,4
1096290,5
1231046,3
1265550,3
1302304,4
1198857,4
1102958,3
1057381,4
1233759,6
1123461,3
1274944,3
1271070,6
1095018,3
1279745,6
1322692,1
1145586,3
1034351,3
1092366,5
1143855,4
1290809,5
1120726,4
1258704,3
1283009,4
1089110,6
1108203,2
1120193,6
1124214,5
1204655,4
1289853,4
1135328,6
1111427,6
1250798,3
1065452,1
1311336,6
1113381,4
1240261,3
1087598,4
1181564,6
1019634,3
1250367,6
1068128,6
1027766,1
1029637,4
1191537,1
1310207,6
1259196,5
1301140,3
1294682,1
1181999,1
1032131,3
1304667,3
1070335,6
1260554,4
1050852,4
1131923,4
1163559,6
1155836,3
1033813,1
1153459,6
1238805,6
1054608,4
1025857,1
1027937,1
1029043,5
1041728,4
1321544,4
1295855,4
1225077,5
1256584,5
1248887,1
1210800,3
1318367,1
1182966,6
1082819,4
1127022,3
1132941,4
1105462,4
1066278,6
1146747,4
1054509,6
1132446,3
1215734,3
1211828,6
1087948,4
1233355,6
1074594,4
1176919,6
1205346,4
1152744,1
1159307,3
1249594,1
1148626,4
1187591,4
1024387,5
1322714,1
1204085,4
1321204,6
1173905,1
1188280,5
1279701,4
1288633,6
1056697,1
1180307,4
1224527,3
1301483,3
1007463,3
1056849,4
1004634,6
1193546,4
1292564,4
1305541,6
1210619,4
1241029,3
1110434,1
1232377,4
1040719,6
1219317,6
1254584,1
1315186,5
1016336,3
1177626,6
1310542,3
1299225,6
1280486,6
1059398,6
1313290,4
1123546,6
1132015,6
1191021,3
1211969,4
1305135,5
1055565,5
1157676,4
1007381,3
1275553,6
1145346,5
1307726,6
1028201,3
1089423,1
1090769,4
1161827,5
1177078,6
1144296,4
1164581,5
1038072,3
1174126,6
1071493,6
1060963,3
1191379,6
1116419,4
1122308,6
1038534,3
1204483,4
1116988,3
1230385,6
1177754,3
1138577,3
1195834,5
1081910,6
1102741,1
1218520,4
1059962,1
1169714,3
1304104,4
1223863,6
1089516,3
1022763,2
1001219,6
1185050,5
1087853,5
1274285,6
1062524,4
1323410,4
1093921,4
1141628,3
1093496,3
1179390,6
1073430,5
1259540,3
1016314,1
1269783,6
1280968,3
1018854,6
1044728,4
1308615,6
1213937,4
1304895,5
1109944,4
1210602,6
1120528,4
1288902,4
1139555,3
1258904,6
1207568,4
1220772,3
1245270,5
1244652,5
1076192,3
1003972,5
1135418,6
1090009,6
1034299,3
1077889,6
1106439,1
1039598,3
1264357,3
1096667,3
1036095,4
1198111,6
1157497,3
1105179,4
1210514,6
1073737,5
1283986,6
1320416,6
1109926,1
1128672,6
1148225,3
1063377,4
1321764,5
1159393,3
1123935,5
1173840,6
1226342,4
1021470,3
1083587,3
1324884,5
1137330,1
1152742,6
1176738,5
1023266,4
1271587,5
1230747,6
1223362,3
1003507,6
1100447,3
1174596,6
1206304,7
1034454,3
1068768,4
1152096,6
1129322,4
1312549,5
1137937,6
1030077,3
1010288,4
1064997,6
1019395,6
1166024,3
1127736,6
1007267,6
1191451,1
1241013,6
1180172,5
1100670,3
1301437,6
1277383,3
1033938,5
1000231,1
1125203,1
1197920,6
1199062,4
1141076,3
1231858,6
1206565,3
1294642,1
1020529,4
1275221,4
1047209,1
1081885,3
1020202,6
1072332,4
1213128,1
1064630,6
1205899,3
1286707,1
1267390,4
1222381,6
1079363,5
1051555,6
1283316,3
1223066,1
1070952,3
1004866,4
1290951,3
1316850,6
1055686,3
1290904,3
1237382,6
1257074,4
1223182,5
1314026,3
1144084,5
1016857,3
1158842,3
1244841,4
1126635,6
1190573,6
1311438,5
1140502,3
1272420,4
1066963,6
1043745,3
1286719,3
1157348,6
1209040,4
1048601,6
1029038,1
1197085,6
1032106,5
1174808,6
1286477,6
1261028,5
1185821,5
1006400,3
1201491,6
1022739,3
1175305,5
1289500,5
1066731,6
1119562,6
1040287,3
1283205,4
1250057,6
1315999,5
1074482,6
1324389,6
1243848,4
1032654,3
1230048,4
1186636,3
1323378,1
1316505,1
1236179,6
1260529,3
1129417,6
1180234,3
1300720,5
1192256,4
1108963,3
1165345,5
1037596,4
1325390,4
1051158,3
1188118,6
1143173,5
1152335,6
1255896,2
1279191,3
1058124,4
1166165,3
1197875,1
1050751,5
1323154,1
1070663,3
1260637,4
1312112,6
1184904,3
1165996,6
1283430,6
1193724,6
1054922,5
1147554,5
1268126,6
1305474,3
1003515,2
1141550,4
1228672,6
1142235,3
1108094,6
1295725,6
1034619,6
1093789,4
1012450,6
1045764,4
1144035,4
1314226,5
1277292,6
1102377,4
1124985,5
1299331,6
1085274,1
1001679,4
1003570,4
1129135,4
1022502,3
1011041,5
1186630,1
1210038,4
1276400,3
1301297,4
1105381,1
1062168,4
1119856,4
1033411,5
1239287,4
1090319,6
1074834,3
1230017,3
1026018,1
1016619,3
1040081,1
1177259,1
1293376,4
1061678,1
1185623,6
1054839,4
1268810,4
1295420,6
1132843,4
1317702,6
1187829,5
1186537,5
1094436,4
1258184,3
1135498,5
1319039,5
1138329,4
1262978,6
1119637,5
1057052,1
1325215,6
1296757,3
1099154,3
1131843,1
1069895,4
1054528,4
1307065,3
1211794,6
1307551,3
1124282,4
1287404,3
1319518,5
1065993,3
1061441,3
1015963,4
1113879,3
1126060,5
1280377,5
1228771,3
1295106,6
1019740,3
1189019,3
1085625,3
1299702,5
1003887,4
1199071,3
1019410,4
1260251,5
1042532,6
1042466,4
1035463,6
1108605,3
1132701,6
1070585,6
1161987,4
1162804,3
1279839,4
1188587,1
1295233,6
1045869,5
1284491,6
1120244,5
1006905,4
1271110,6
1037456,6
1117651,4
1068088,4
1037718,5
1194606,1
1218833,4
1174390,3
1299649,3
1190250,5
1231679,3
1037643,3
1216179,6
1130004,1
1265544,1
1170437,4
1270826,6
1122882,6
1017151,5
1105841,5
1011846,4
1025355,3
1121722,6
1189714,3
1249708,1
1254990,4
1170534,2
1097549,6
1261485,3
1260634,1
1192308,3
1302383,3
1184989,6
1004131,6
1247441,6
1288217,5
1187457,5
1239870,1
1081241,3
1105656,3
1094189,1
1263245,3
1252205,1
1212083,6
1084258,4
1075168,6
1155398,5
1305560,6
1206598,5
1191046,6
1272385,3
1254393,4
1007104,3
1172730,4
1187838,1
1068951,5
1164255,5
1256483,4
1317233,1
1250406,4
1189034,6
1057745,3
1234337,1
1123885,4
1121215,4
1159076,1
1325071,6
1189540,3
1243783,3
1030358,4
1002358,4
1118443,6
1049896,4
1006475,3
1125027,4
1276830,4
1118276,3
1043430,3
1135563,5
1309218,3
1076281,4
1186452,6
1085128,5
1253255,3
1322610,5
1209233,3
1181727,4
1186589,3
1255880,6
1283234,3
1189684,6
1167177,4
1069886,1
1286040,6
1137262,1
1105917,1
1066533,4
1089646,4
1315323,6
1279159,4
1131870,6
1024452,1
1032708,1
1104810,5
1076389,3
1177228,6
1274962,4
1259917,1
1190108,1
1276039,3
1069168,6
1210495,1
1185191,3
1087892,1
1198534,1
1197013,4
1047282,3
1091761,4
1251461,4
1149246,6
1050120,3
1008154,4
1236968,1
1160144,6
1165277,2
1045240,1
1240369,6
1010731,4
1264287,4
1166238,3
1188988,4
1305257,6
1266799,1
1274299,3
1124468,6
1005571,1
1193054,4
1095641,6
1245637,3
1278891,5
1139226,6
1158296,6
1253566,4
1131187,3
1198172,3
1075727,6
1180635,4
1193482,5
1027804,5
1028428,6
1168603,1
1164634,6
1022904,3
1007077,6
1049282,5
1242908,5
1012437,1
1322935,3
1251182,6
1177662,5
1154980,5
1119977,6
1122553,4
1297694,1
1141561,4
1125821,3
1076765,5
1100036,6
1276403,3
1313027,1
1175549,6
1118923,5
1280094,3
1274696,4
1089545,6
1212859,4
1213298,6
1180433,4
1131667,3
1081778,5
1149741,6
1261526,1
1013136,4
1120584,1
1239190,6
1152245,1
1117876,5
1206658,4
1285912,6
1183679,4
1032898,3
1094904,4
1269756,6
1160241,2
1034906,4
1251914,3
1074522,3
1300379,4
1323742,6
1225570,6
1209597,4
1312884,6
1223050,3
1313962,4
1055602,4
1290164,3
1102519,4
1219313,6
1062156,6
1268113,6
1076296,4
1015286,4
1304525,4
1203709,4
1126719,3
1182714,4
1245989,3
1163542,4
1307818,6
1180025,4
1065294,3
1018342,3
1093664,3
1045360,6
1057079,5
1309266,6
1079714,4
1256120,3
1286115,6
1173056,6
1272028,3
1061633,1
1174004,4
1050069,3
1017547,4
1192565,5
1164046,5
1114553,3
1102218,4
1143304,1
1306856,4
1311778,5
1218040,6
1095023,6
1209230,4
1088051,6
1009613,4
1200728,5
1270188,6
1127107,5
1126903,6
1185030,5
1116351,4
1086658,5
1277089,1
1196313,4
1003466,5
1132606,3
1044799,4
1262180,2
1258962,6
1093754,6
1237426,4
1202400,5
1208322,4
1084905,6
1113673,4
1100000,6
1088780,6
1252493,6
1105114,3
1035700,6
1181887,3
1147520,4
1220893,6
1090784,3
1006977,1
1119947,1
1203292,3
1319729,6
1307509,3
1208148,1
1085172,3
1021354,6
1079586,3
1050065,4
1134326,6
1078990,1
1157076,5
1200097,5
1134886,6
1324051,5
1304573,1
1220831,4
1236263,5
1079411,4
1076097,6
1086949,3
1134998,4
1179639,6
1032376,6
1163880,5
1146341,3
1101803,3
1218361,4
1319556,6
1118080,6
1058807,1
1175869,6
1147960,4
1232703,4
1010614,3
1134194,3
1133478,5
1061862,6
1203896,6
1091668,3
1107332,3
1085888,3
1044207,3
1056928,1
1261022,6
1037690,3
1160668,5
1211683,4
1271726,5
1159527,3
1143771,4
1316562,5
1038947,5
1284714,4
1024475,3
1230731,6
1274176,6
1304724,6
1242800,6
1267070,6
1138025,4
1208236,6
1019756,3
1236490,5
1112654,5
1296517,1
1145831,6
1016713,1
1200675,3
1305111,5
1273503,6
1052353,1
1213666,6
1280823,3
1000788,3
1293719,3
1236429,3
1131975,6
1194537,5
1253541,1
1167168,6
1323425,4
1196731,7
1050394,4
1065739,1
1322758,1
1112594,6
1252835,1
1146870,5
1135500,5
1171821,6
1217088,4
1046193,5
1108594,6
1027930,1
1003332,6
1179053,5
1007053,6
1135213,4
1096807,5
1290612,1
1291060,4
1170549,1
1190643,6
1303988,3
1174329,3
1226721,6
1060192,3
1146323,6
1137428,4
1221868,3
1078027,6
1070941,4
1245761,6
1218479,3
1073171,6
1155660,4
1005244,4
1117199,6
1228857,3
1191616,4
1204915,4
1067831,1
1127420,3
1019899,6
1280412,1
1121502,6
1142424,4
1236390,5
1307914,3
1254231,4
1116850,1
1269252,1
1266418,6
1138259,3
1187196,1
1240051,6
1226974,3
1001432,6
1201508,5
1173414,3
1073499,1
1234694,3
1014210,4
1258713,6
1233496,5
1059949,3
1086649,3
1191377,6
1054567,1
1320246,6
1100833,6
1073946,4
1254254,4
1162331,3
1051189,3
1032574,1
1070821,6
1156309,6
1278514,3
1092973,6
1064632,5
1147815,6
1248404,3
1128530,4
1240532,5
1282926,6
1232172,1
1191658,6
1301851,3
1297285,3
1240044,6
1085658,3
1011610,6
1121008,6
1104820,3
1187260,6
1140484,3
1159426,1
1021213,3
1124895,4
1132600,6
1275830,6
1231690,1
1112622,1
1291969,6
1211458,6
1143411,6
1127804,4
1014431,6
1215137,3
1017432,1
1200533,6
1005688,4
1280263,4
1155780,6
1237752,3
1293780,3
1267860,3
1173733,3
1269277,3
1080900,3
1111419,4
1001309,5
1125374,6
1022718,6
1062906,5
1285931,3
1291717,6
1214441,5
1070647,3
1189872,1
1297458,3
1187554,6
1176722,6
1044863,6
1125533,6
1172737,3
1040655,6
1258943,5
1005811,4
1270541,4
1283142,3
1119673,6
1071413,3
1297344,6
1071705,3
1240394,3
1137088,3
1216608,6
1116715,3
1306756,5
1225245,4
1080478,3
1204833,1
1270406,4
1287004,6
1145276,1
1255817,3
1109296,3
1013505,4
1131680,6
1170767,4
1210480,3
1041908,6
1038390,4
1152223,6
1232634,6
1108056,3
1042886,3
1096193,6
1043051,5
1102209,6
1124687,4
1222172,5
1273909,4
1089869,6
1040961,6
1289527,6
1138835,5
1215313,3
1113390,6
1294090,3
1296843,6
1041785,5
1135011,1
1290581,4
1176331,4
1100939,3
1309442,3
1321716,1
1142944,5
1150722,5
1285043,3
1114484,4
1151214,4
1322357,5
1080134,5
1061943,3
1148028,5
1196363,6
1264677,3
1254957,4
1323997,6
1170888,6
1269628,4
1241817,3
1051957,3
1121988,3
1077330,6
1160735,5
1207587,3
1156717,3
1084072,5
1223723,5
1074502,5
1216760,3
1283341,1
1138402,4
1199376,3
1226810,4
1237986,4
1181343,6
1256040,6
1016515,4
1111370,6
1209267,1
1190662,5
1260949,3
1023311,5
1309713,4
1095649,1
1271338,1
1292172,3
1115228,3
1045431,3
1101303,5
1086811,6
1157790,5
1273154,1
1283352,5
1008146,6
1020388,4
1069025,5
1054842,5
1212552,5
1189450,3
1307905,2
1268070,3
1040308,5
1205305,6
1316154,4
1122054,4
1241037,3
1227612,3
1291430,3
1060367,3
1246295,1
1036432,6
1201281,6
1291914,5
1300174,5
1010330,5
1229487,3
1002498,3
1081234,6
1013012,1
1309087,3
1064134,1
1023895,6
1003284,4
1241165,1
1194708,3
1250471,3
1014269,4
1136810,6
1262921,5
1093181,6
1254539,6
1056577,3
1005068,6
1229677,3
1112817,5
1234654,1
1226986,5
1212833,5
1301310,3
1113836,6
1097626,3
1162636,3
1028190,5
1090737,3
1279129,5
1231773,6
1301399,3
1190086,3
1076847,1
1080378,6
1166085,6
1196618,4
1042118,1
1215611,3
1203940,4
1274658,5
1053624,4
1279326,3
1023074,4
1207765,6
1071451,5
1177487,6
1044739,5
1093069,3
1058500,6
1040783,6
1125307,3
1216113,6
1283590,6
1192364,4
1249358,3
1198774,6
1093076,5
1195133,5
1312298,5
1138132,1
1095272,6
1292120,6
1147352,5
1324882,3
1248292,1
1257719,4
1009056,4
1199467,4
1065424,4
1237478,4
1238044,4
1294853,3
1211125,1
1238011,3
1018128,3
1139584,4
1197290,5
1189429,6
1182493,4
1090644,6
1239693,5
1182817,1
1040884,4
1249766,1
1221848,4
1187682,6
1128797,4
1128870,6
1094786,5
1264870,3
1132960,3
1045778,4
1022116,1
1105561,6
1087303,1
1124007,5
1305455,5
1164132,4
1169720,4
1021564,1
1314861,3
1144210,4
1111521,5
1121364,3
1296714,5
1206326,3
1266089,5
1119564,4
1210008,3
1205072,3
1254272,5
1145941,5
1107309,3
1131729,3
1213139,5
1322227,5
1144110,5
1244981,4
1110768,5
1006689,5
1087047,6
1144462,3
1244442,6
1308468,4
1042542,4
1051078,3
1044291,5
1072348,4
1138094,3
1057197,4
1222205,1
1301342,6
1067618,1
1030824,4
1006759,4
1258484,4
1143526,5
1165188,6
1197332,3
1238902,4
1317839,6
1294213,4
1222988,5
1317616,6
1218057,4
1272249,4
1157523,6
1213925,3
1121808,6
1120332,5
1269931,1
1224932,4
1231647,3
1277090,4
1190920,4
1047067,3
1014552,6
1028583,1
1188732,4
1173366,1
1308606,4
1085518,1
1171507,3
1219192,4
1314401,4
1128031,4
1019167,4
1202588,3
1189913,3
1028353,5
1171368,1
1293058,5
1292715,6
1048822,6
1148429,4
1173297,3
1173635,3
1195185,4
1102498,5
1268041,4
1146980,6
1187636,4
1249979,5
1077204,3
1054328,4
1166075,4
1310995,5
1273242,6
1141992,3
1069275,3
1190138,4
1138136,3
1012464,5
1207430,4
1027317,3
1064038,1
1319004,3
1134189,4
1051807,4
1002662,4
1031373,1
1154581,4
1019474,3
1218319,3
1318646,4
1187669,3
1097492,5
1179863,3
1314863,4
1219278,3
1302776,4
1214245,1
1235656,6
1258671,5
1047018,5
1181736,4
1086709,6
1318482,2
1236539,1
1212077,5
1257654,5
1051774,5
1040811,5
1127945,4
1287864,5
1116622,4
1157477,3
1012018,1
1228587,3
1144207,6
1047970,4
1183550,3
1241031,3
1176426,6
1075078,5
1141777,1
1016629,5
1140235,3
1090033,4
1028302,3
1008332,1
1303018,5
1250429,3
1000997,4
1125859,5
1061007,5
1228541,4
1283829,1
1095315,6
1247050,6
1132298,6
1008060,5
1066131,6
1019957,3
1061277,4
1274516,5
1265013,4
1288017,3
1176939,3
1114246,6
1164208,6
1057547,3
1029554,4
1212485,6
1135023,4
1101477,4
1025264,4
1315676,5
1188152,6
1206508,4
1165126,1
1053467,4
1153764,7
1221100,5
1072311,6
1185136,1
1035484,6
1009242,6
1279203,6
1243089,3
1173817,3
1040006,4
1204642,6
1239673,5
1272276,1
1158049,6
1126926,4
1050707,1
1081381,3
1322906,4
1194361,3
1221870,1
1208410,4
1009903,4
1176865,3
1235234,4
1239382,5
1135528,5
1289412,6
1022407,3
1319664,1
1076672,3
1039127,3
1117765,4
1048020,4
1167982,1
1129422,1
1258430,5
1123213,3
1266589,5
1246746,6
1209542,1
1227836,1
1320317,1
1113446,7
1232713,5
1017077,3
1252608,4
1005087,3
1016048,3
1255110,6
1260021,5
1112306,4
1319042,1
1317399,6
1235808,6
1211733,5
1056413,4
1114695,6
1192129,6
1043122,5
1202122,2
1180509,6
1259612,4
1158264,4
1044284,1
1245226,4
1246456,6
1097125,4
1226630,4
1273542,2
1161084,5
1221526,4
1196549,4
1091352,6
1146797,6
1144083,3
1223571,5
1017951,3
1189668,3
1115736,5
1081162,6
1324010,3
1276216,5
1000962,4
1227095,1
1322799,3
1104605,4
1272450,6
1193137,6
1308434,6
1032311,3
1021385,6
1101316,5
1162423,6
1211438,6
1176385,5
1319564,6
1308953,5
1199089,6
1221388,6
1016322,5
1103672,6
1305270,4
1154459,5
1072391,1
1185696,3
1262584,5
1110870,3
1235565,5
1157535,4
1307795,5
1140208,6
1245021,6
1006594,1
1171825,5
1057033,6
1036979,6
1317634,5
1204904,3
1004446,3
1045047,4
1288685,4
1160942,4
1120230,3
1264162,2
1011755,4
1032682,4
1123675,3
1295237,6
1053035,4
1275045,3
1265265,3
1250029,1
1213404,6
1145559,6
1155534,1
1062035,3
1139744,1
1204387,3
1181375,3
1214172,3
1135845,6
1237787,3
1301005,6
1126786,6
1064914,3
1046550,3
1269743,6
1261806,6
1004579,4
1201690,4
1114878,6
1175899,1
1217102,3
1274290,2
1030664,1
1315174,4
1165858,6
1196707,1
1259411,4
1174991,3
1243359,3
1281578,3
1096040,5
1144983,4
1214126,3
1185396,5
1120262,3
1265316,3
1285299,4
1146146,6
1293474,4
1186709,4
1210985,4
1083126,2
1177986,3
1126357,6
1052613,3
1087908,6
1187602,3
1135549,4
1043021,6
1324576,3
1003952,6
1214136,5
1246748,3
1204079,6
1011499,4
1037468,5
1310497,7
1161225,4
1276173,4
1126472,3
1250281,5
1168481,3
1235188,3
1075481,5
1005085,4
1263565,6
1138619,4
1320718,5
1040855,4
1128260,6
1151088,1
1196798,4
1306493,3
1060048,6
1132502,4
1006964,5
1212884,5
1202499,3
1287944,4
1073288,3
1214040,1
1259166,4
1198692,5
1067376,6
1254175,5
1057962,4
1210601,3
1176529,6
1017597,1
1221844,6
1309010,1
1164212,3
1126736,3
1295442,1
1234644,6
1237443,1
1079349,6
1194040,4
1195783,3
1027725,6
1269164,3
1302708,4
1177911,4
1087911,4
1091689,3
1195327,1
1228603,5
1096152,4
1272039,6
1195825,6
1263901,3
1008950,4
1304300,5
1193987,5
1066850,1
1034763,6
1065198,1
1169461,3
1136892,4
1306853,4
1200507,3
1052530,3
1027818,3
1173029,1
1224277,4
1141927,6
1215077,1
1128336,3
1063989,4
1271036,1
1022414,1
1249097,6
1198055,6
1265532,6
1251792,3
1193270,2
1003897,4
1190775,6
1176951,3
1036711,5
1121524,5
1299159,5
1015521,4
1258997,6
1108818,2
1234745,4
1183326,3
1181453,1
1192510,3
1311197,3
1095600,4
1262732,5
1208087,3
1317517,5
1016414,3
1272954,5
1314148,4
1086406,5
1077522,1
1001934,6
1183240,3
1204267,6
1319799,4
1110316,3
1187509,4
1048396,6
1051428,1
1097890,3
1198763,6
1059592,6
1177293,6
1306530,1
1179784,6
1263201,4
1017884,1
1134628,6
1286183,4
1214223,1
1323198,6
1318096,6
1309080,3
1196305,5
1029566,6
1320930,3
1237305,4
1087582,3
1152187,6
1192614,5
1282772,1
1085503,5
1177643,3
1209998,3
1085154,4
1079981,6
1267828,6
1001414,6
1178651,4
1085508,6
1013823,6
1152596,5
1089590,5
1046743,6
1068369,1
1200588,4
1226512,4
1094813,6
1303141,6
1146443,4
1227597,3
1014788,4
1018296,3
1219231,4
1102174,5
1074842,6
1049481,3
1003089,4
1156940,4
1232773,5
1071973,4
1273794,3
1097941,3
1286350,5
1221339,1
1030749,4
1233217,6
1158734,6
1296705,4
1306721,3
1252927,6
1099071,1
1290646,3
1185377,6
1280166,6
1008962,4
1250609,6
1038937,3
1202853,4
1262807,6
1102352,4
1117786,5
1078182,3
1276805,4
1268603,6
1311228,6
1086851,6
1128593,1
1227717,6
1149939,4
1248685,1
1311586,5
1028452,1
1268866,5
1053820,4
1313081,4
1250580,6
1039868,3
1298025,3
1092470,5
1222847,4
1009179,5
1302724,3
1186388,3
1206440,4
1195803,4
1157987,5
1324604,3
1199551,6
1261605,1
1088372,6
1117079,6
1155507,4
1161426,3
1021617,3
1155530,7
1218022,4
1289464,6
1018855,5
1153374,3
1055285,5
1227347,4
1254563,4
1048298,4
1285878,1
1060353,3
1008294,1
1112109,6
1269090,3
1302658,5
1031358,5
1262473,6
1090836,4
1228837,3
1124220,4
1219475,1
1196539,4
1187558,6
1038780,6
1065215,4
1277566,1
1086716,3
1036814,3
1297908,6
1276109,1
1139203,3
1325814,5
1178120,4
1042758,1
1261281,6
1303205,3
1275584,5
1293972,3
1275982,3
1281544,5
1047820,1
1002513,4
1158471,5
1176885,6
1084215,4
1015346,6
1272231,6
1186666,3
1115918,3
1089093,5
1242140,3
1190716,6
1138779,6
1314476,3
1225756,5
1160335,4
1004415,4
1031030,3
1077260,3
1315656,6
1325450,1
1047218,6
1261141,4
1076907,6
1148786,6
1321890,4
1215416,3
1041498,4
1258264,3
1264334,6
1050130,6
1074234,5
1040524,5
1158859,4
1047493,6
1159004,2
1129702,5
1103662,5
1104950,4
1161291,5
1118645,3
1190075,4
1207385,1
1032826,3
1295501,3
1031300,2
1304620,1
1115588,6
1160451,5
1090693,1
1292698,1
1210886,4
1199320,3
1021797,6
1204423,6
1316174,4
1191016,4
1277523,4
1239007,3
1206103,1
1249181,6
1029360,1
1090122,4
1309810,3
1160579,4
1207949,4
1279186,5
1066545,4
1176284,3
1279172,4
1285167,6
1140928,1
1123022,5
1145268,3
1291669,4
1162255,4
1044500,4
1244914,6
1232575,6
1133522,5
1221387,3
1220449,6
1272856,1
1050333,3
1025191,6
1031762,3
1002599,6
1307318,3
1236351,4
1318994,3
1258304,6
1110982,5
1278183,3
1013941,3
1285761,1
1244159,6
1088525,5
1198321,3
1276896,3
1201392,5
1264513,3
1027567,5
1097582,3
1288863,6
1141460,6
1027139,6
1175200,6
1036956,3
1174148,3
1165358,4
1255221,3
1277569,4
1258013,6
1220579,4
1245464,1
1229191,6
1226413,1
1049767,3
1324187,5
1070852,5
1002833,6
1060101,4
1284609,6
1077302,6
1051962,6
1013059,6
1215266,1
1084491,3
1284693,6
1051464,6
1178611,3
1246859,6
1162455,6
1115916,4
1255399,6
1145289,2
1215118,6
1289202,6
1310536,4
1178230,6
1047681,3
1269488,5
1217334,6
1030813,2
1235125,4
1258423,3
1227120,5
1196092,5
1051812,6
1187286,3
1072300,6
1013408,3
1135895,6
1218010,6
1029021,6
1021793,4
1120416,1
1168784,3
1088415,4
1310816,5
1125795,1
1176932,6
1314090,3
1239120,6
1012891,4
1166454,6
1079641,6
1177027,6
1049479,6
1258159,6
1267821,6
1198684,6
1227498,4
1069503,1
1312735,3
1197304,4
1147396,4
1289117,5
1054036,3
1182006,4
1265819,5
1083119,6
1191853,4
1261128,5
1166133,6
1109515,3
1060348,4
1286963,3
1211451,6
1091496,6
1023323,5
1043470,3
1213194,6
1187493,3
1202878,3
1301834,1
1219915,4
1325760,6
1007402,4
1002475,3
1286101,6
1183330,1
1059081,4
1021933,6
1217497,6
1247078,6
1081153,5
1171761,6
1071849,1
1234673,3
1249990,3
1264117,4
1057448,6
1049661,4
1112499,4
1165451,4
1251847,6
1306769,1
1275599,6
1057863,6
1033913,6
1069693,5
1191587,1
1259219,5
1180106,5
1221981,3
1145164,3
1250392,3
1006267,4
1247473,3
1241931,6
1126272,6
1315330,3
1262480,4
1319574,5
1027882,4
1015302,3
1207992,1
1074161,1
1272573,6
1264197,5
1119445,5
1020823,6
1162007,4
1150141,6
1029090,4
1192291,5
1211111,5
1000887,1
1157180,3
1212669,4
1118763,6
1181728,6
1167448,1
1129052,6
1285952,3
1004883,4
1002624,4
1112277,5
1104139,4
1132734,3
1001895,4
1082699,4
1071192,6
1097803,3
1049965,5
1266609,6
1230184,1
1162641,5
1140139,3
1165554,3
1262761,6
1220333,3
1113359,5
1116220,4
1058651,4
1281490,3
1046294,3
1022227,5
1240855,6
1172246,4
1237476,3
1209378,6
1075311,5
1115082,3
1278500,3
1258754,4
1158224,4
1153267,3
1314723,5
1120215,5
1091398,4
1105096,3
1042004,6
1131282,6
1161546,3
1323825,4
1017091,4
1168013,6
1000442,5
1084763,6
1231508,3
1141938,6
1101526,1
1081864,3
1229696,5
1038460,6
1289977,1
1316309,6
1071478,1
1108611,6
1115870,3
1097463,4
1300580,4
1175246,3
1280947,1
1091972,3
1242415,6
1003915,5
1252513,5
1039503,4
1313231,6
1260607,4
1240474,4
1055006,5
1051257,1
1273138,4
1116154,1
1107582,3
1114141,4
1311327,4
1264909,6
1283806,1
1170893,4
1187212,3
1071078,5
1171024,4
1116298,3
1166074,3
1152282,6
1023048,5
1072094,1
1097007,6
1287806,4
1063467,4
1156959,2
1056394,4
1104807,4
1164261,6
1302344,4
1067604,4
1203873,5
1053781,3
1100616,3
1298778,5
1010831,4
1035864,3
1104375,6
1154912,4
1154338,4
1280728,6
1208565,3
1066697,4
1124665,2
1077991,6
1022920,1
1149220,6
1003396,5
1170562,3
1048816,6
1199721,4
1101635,5
1024776,3
1166451,4
1058426,3
1138012,6
1163534,5
1109373,6
1231770,5
1323477,6
1044635,3
1257940,3
1067953,6
1258320,6
1023420,1
1022399,1
1244262,1
1244361,1
1150629,3
1124589,4
1147733,4
1032292,6
1194405,5
1125419,3
1286140,5
1145431,3
1092631,4
1238997,3
1275985,3
1210864,1
1144590,6
1176903,3
1040403,6
1124753,1
1078103,1
1190332,3
1115271,4
1066255,5
1052106,5
1233574,1
1056658,6
1052980,6
1051531,4
1030370,4
1216860,3
1214985,4
1030502,4
1124394,3
1272275,6
1220284,5
1089149,1
1169790,5
1073978,1
1070015,6
1289504,6
1019270,1
1135610,6
1092548,6
1013146,6
1296160,5
1291308,1
1257322,3
1224506,6
1186996,4
1248784,5
1174695,4
1240285,6
1313724,1
1195017,6
1088260,4
1282751,3
1264182,4
1205834,6
1074405,4
1176268,1
1171977,3
1097952,3
1041186,6
1015025,3
1174344,3
1018486,6
1277632,6
1298307,6
1256548,4
1076167,1
1011921,1
1083622,6
1085806,6
1188924,4
1280371,5
1173358,3
1204027,6
1093173,4
1075831,5
1071374,5
1024316,5
1190010,1
1168885,6
1145596,4
1177936,4
1224627,3
1294563,6
1034997,6
1008053,4
1029216,5
1255783,1
1200802,4
1076399,1
1074290,1
1257307,6
1254661,6
1102002,3
1199282,4
1155296,4
1308317,6
1074356,3
1041349,4
1256086,3
1046150,1
1099477,4
1240769,6
1038382,4
1040360,4
1225120,4
1319450,3
1289349,4
1306682,3
1299917,6
1230145,6
1229345,6
1018762,3
1120633,6
1162403,6
1289248,5
1286106,3
1322609,6
1083415,3
1299491,5
1185804,4
1216907,4
1020760,1
1233912,4
1311509,3
1073999,4
1094428,4
1319551,4
1004795,6
1103566,4
1061445,3
1044143,1
1100451,3
1064735,6
1180536,6
1001561,4
1257434,4
1223072,5
1299934,1
1318229,3
1114189,6
1097039,3
1122835,3
1076376,3
1104712,4
1322195,3
1113019,4
1205654,3
1224825,1
1160126,5
1012143,6
1245588,1
1183375,5
1221498,3
1095493,5
1164355,1
1220653,4
1068190,6
1099650,5
1207301,6
1097291,1
1200396,3
1290816,3
1304388,6
1276434,3
1144817,4
1061164,1
1139642,6
1255048,5
1261799,1
1034246,4
1022621,6
1216969,4
1320475,6
1124668,3
1123765,4
1289329,6
1240076,3
1059192,6
1102487,3
1066988,4
1286425,4
1162113,6
1048672,6
1087993,5
1228851,5
1181372,6
1197292,3
1230570,4
1155635,3
1246075,6
1220751,4
1281513,3
1281377,5
1310811,5
1304310,6
1023721,4
1313226,3
1194779,1
1046278,4
1099038,6
1244667,3
1314207,5
1112697,6
1085925,6
1063468,3
1151154,6
1088522,3
1083963,6
1266113,6
1103762,6
1242816,3
1153407,3
1092595,1
1078818,4
1238813,4
1184199,3
1155958,4
1175303,2
1193710,6
1183157,4
1310406,4
1136530,1
1291347,1
1318032,6
1288048,6
1023263,5
1160268,3
1066120,4
1291907,5
1179933,4
1210924,6
1017855,3
1203471,4
1067610,3
1079492,6
1234755,3
1163903,6
1019712,3
1168492,4
1214182,4
1298481,4
1203140,5
1236523,4
1233743,3
1197197,5
1256406,3
1284150,3
1063537,6
1071204,6
1020757,6
1314801,6
1204979,5
1272749,4
1274682,6
1106863,5
1259422,6
1240765,1
1279259,4
1295739,3
1048017,2
1073573,5
1205465,4
1300582,6
1204021,5
1122375,6
1001980,4
1003331,6
1287576,4
1196852,6
1068988,6
1283676,3
1071975,1
1198236,5
1163908,3
1096065,1
1116649,5
1162891,1
1235626,4
1314946,3
1112543,2
1271244,3
1176665,4
1031613,5
1003381,3
1114861,6
1239039,4
1288298,5
1267264,3
1047715,5
1220953,4
1051654,3
1185313,6
1176966,3
1007035,4
1213288,1
1051823,4
1061802,4
1189700,5
1172132,3
1291349,4
1287692,3
1169636,4
1075678,5
1084208,3
1254891,3
1146713,6
1194966,5
1304413,7
1016593,3
1225884,6
1251762,3
1252820,5
1262153,5
1049730,3
1104390,4
1246790,6
1309954,4
1013286,6
1146434,5
1013716,6
1277402,5
1138648,4
1146293,5
1324061,4
1111493,4
1007992,6
1127646,5
1089352,6
1086272,5
1251116,4
1078176,1
1197465,4
1065874,6
1047092,5
1224755,4
1043087,6
1285470,4
1069065,4
1306628,3
1306574,6
1069342,6
1172486,5
1311625,1
1204162,3
1095264,4
1090544,3
1047457,3
1027677,3
1234909,6
1306720,4
1097929,6
1279173,3
1017488,6
1254818,6
1295891,4
1162302,3
1008360,4
1105910,4
1296242,3
1247571,6
1249277,6
1140550,6
1115341,3
1204716,3
1154426,6
1144506,1
1272727,3
1038220,3
1093690,3
1248462,4
1149475,1
1059859,3
1163523,1
1047986,4
1250055,4
1120251,6
1191867,6
1107483,5
1159775,3
1204151,5
1166650,4
1310929,6
1301438,3
1078804,6
1160101,5
1210679,5
1056000,4
1019511,3
1174028,4
1033557,5
1024187,4
1118240,4
1221930,6
1061640,4
1110736,4
1167009,4
1206279,4
1012884,2
1255326,3
1247948,4
1153508,4
1245804,2
1202508,4
1251863,3
1295252,3
1156817,4
1073299,3
1300489,6
1275843,6
1016151,5
1243964,5
1090863,4
1295438,2
1147424,6
1170188,4
1279485,6
1223731,3
1299304,6
1321317,6
1215829,3
1205640,6
1064865,3
1209598,6
1162814,3
1235272,6
1083814,6
1148796,3
1022528,6
1287405,4
1000924,1
1299426,6
1188758,5
1020696,1
1314943,4
1226114,6
1132276,4
1289203,6
1287891,3
1185154,4
1248772,4
1139566,6
1183593,3
1104529,6
1102505,6
1264179,4
1162771,4
1224350,3
1112106,4
1130983,3
1026945,3
1261335,5
1073696,6
1239909,6
1207611,3
1095217,4
1150739,4
1227383,6
1003665,6
1135080,3
1299324,6
1114527,4
1037526,4
1299314,1
1066935,5
1174923,4
1245022,1
1110349,6
1298605,4
1100900,3
1318063,4
1139989,4
1235729,6
1168572,6
1098655,1
1143655,6
1074119,6
1223759,5
1152363,6
1019085,5
1293378,3
1249011,4
1010717,1
1079343,4
1204189,4
1128264,5
1183338,1
1126189,1
1159852,3
1236732,4
1152947,4
1186158,3
1112464,4
1085327,4
1108272,3
1073217,3
1118516,1
1121810,5
1080039,5
1224475,3
1084611,5
1251596,6
1295710,5
1222704,3
1064072,3
1190483,5
1179061,6
1244364,6
1242397,3
1074248,5
1005971,4
1314374,4
1293181,5
1120904,6
1133017,4
1049538,1
1179045,5
1126068,4
1176051,5
1234213,5
1159956,1
1103794,3
1322834,4
1092959,4
1108304,1
1299389,6
1200298,3
1058708,4
1017604,6
1304574,4
1171694,6
1144714,1
1045153,3
1092732,6
1261857,1
1129605,6
1007666,3
1105382,1
1124268,6
1118462,6
1178785,6
1276130,6
1220459,3
1215287,6
1120802,3
1280146,5
1025007,6
1315622,3
1213537,6
1176112,4
1104206,5
1137402,1
1076594,3
1158365,4
1020240,3
1105089,6
1164416,6
1254347,5
1118089,6
1050910,4
1157460,3
1291153,4
1126127,4
1094065,5
1284765,1
1058512,6
1113460,4
1182230,6
1165222,4
1014043,6
1121005,5
1046506,3
1134853,4
1257283,5
1067081,5
1293136,3
1144949,6
1076390,3
1242605,4
1074723,3
1044929,5
1076859,3
1161322,6
1238658,6
1236364,5
1005397,5
1065085,4
1075380,6
1238418,1
1058344,5
1244525,3
1136573,6
1029902,6
1317264,4
1194278,3
1108116,4
1050884,4
1104403,3
1220705,6
1217712,6
1207284,3
1252422,4
1188119,2
1313323,3
1307935,3
1078641,6
1165128,4
1317208,1
1056103,4
1216148,1
1008422,5
1079395,4
1051211,5
1040444,1
1177360,5
1078968,3
1280864,6
1280381,6
1093331,4
1041743,4
1271456,1
1139985,6
1267150,3
1087975,1
1129324,2
1304025,5
1303273,6
1049811,6
1074319,5
1165549,1
1247639,4
1232171,6
1168741,3
1087252,4
1036172,3
1047672,4
1277008,6
1135538,4
1118395,3
1206860,2
1192349,6
1023574,6
1147730,3
1265227,5
1319869,3
1167732,4
1300421,3
1203997,3
1289809,3
1256676,6
1194442,1
1087383,4
1134500,3
1178494,4
1022977,6
1017298,6
1211543,3
1042531,4
1160807,6
1150960,1
1252879,1
1018904,1
1114776,3
1248115,5
1271809,6
1305686,4
1052965,5
1212866,3
1237791,3
1160859,4
1228240,5
1011084,4
1107706,3
1245714,6
1179905,3
1029918,6
1229057,6
1257327,6
1087265,3
1097804,3
1154464,6
1130979,1
1028290,3
1042501,6
1148738,1
1112150,6
1285909,3
1313830,5
1264822,6
1152666,1
1108739,4
1044687,4
1309413,3
1263328,1
1055504,1
1223475,4
1119711,4
1134174,5
1015432,3
1254477,4
1004823,6
1068939,6
1031394,5
1041900,5
1158982,6
1038466,3
1308741,5
1236159,6
1211194,6
1134199,6
1313298,3
1003746,6
1240345,4
1090455,3
1181344,3
1143820,6
1043169,4
1069867,5
1229241,3
1174574,6
1114745,4
1075743,4
1168451,3
1098853,6
1302667,5
1215032,5
1039527,4
1188482,6
1168539,5
1110719,5
1045636,3
1304144,6
1037369,4
1141691,3
1020840,6
1023696,3
1257468,5
1215828,2
1015788,4
1172174,5
1285020,6
1173920,6
1015579,1
1291363,5
1041201,3
1239499,5
1214955,6
1119933,6
1132871,3
1016506,4
1267266,6
1226949,5
1151541,3
1002295,6
1061524,4
1006959,6
1166052,6
1025363,1
1304100,6
1202579,3
1036229,6
1045272,6
1138579,4
1036121,4
1321118,4
1081459,4
1322028,4
1053330,6
1290262,6
1325404,4
1220610,5
1246369,4
1043090,5
1240473,4
1283772,3
1292763,1
1122036,4
1232982,1
1003256,5
1185457,6
1220624,6
1052425,1
1156111,5
1316682,3
1281941,3
1229749,6
1228446,6
1237900,5
1053720,6
1243096,4
1086511,4
1228908,3
1175206,6
1274077,4
1047661,4
1033887,6
1159510,6
1233483,1
1191549,6
1059564,4
1018185,3
1311289,4
1242124,6
1205722,4
1229115,6
1273049,1
1247172,2
1050824,3
1178942,4
1026626,3
1046486,3
1225970,4
1166336,4
1135806,1
1152428,6
1290475,1
1214525,6
1117710,5
1225095,4
1001798,4
1262638,3
1291889,6
1106910,4
1248741,4
1243481,3
1016770,6
1005451,5
1047392,6
1047024,4
1044771,6
1247426,6
1132294,4
1247471,6
1298057,3
1162248,4
1110487,6
1133321,4
1303691,1
1202275,5
1134890,5
1279300,6
1052388,3
1180537,4
1046325,6
1014877,3
1179274,3
1214312,4
1316621,6
1226421,6
1123763,6
1185642,5
1306313,6
1034574,4
1090662,4
1230306,4
1144993,5
1006888,6
1025179,3
1282575,6
1076616,4
1129896,4
1043278,6
1211061,3
1117056,6
1132007,3
1312638,4
1208818,6
1070471,6
1008102,3
1178903,3
1234960,5
1309396,6
1035504,4
1282962,6
1276588,4
1185946,6
1112726,4
1001927,3
1175691,5
1145308,5
1038438,6
1111511,3
1266856,4
1176704,5
1223860,3
1086993,1
1088528,1
1186826,3
1045488,1
1200949,6
1271780,6
1229185,6
1178447,4
1237813,4
1158023,5
1201894,5
1205703,1
1159153,1
1031622,6
1152236,1
1272051,3
1214159,3
1267794,6
1225082,6
1193466,4
1101272,1
1139548,6
1001364,6
1102877,4
1086409,1
1259865,5
1176246,4
1090598,1
1168380,3
1291710,4
1252917,3
1292116,6
1034222,5
1221170,1
1172060,1
1161552,4
1311796,6
1000775,6
1236980,1
1290654,5
1199925,5
1078698,5
1122785,4
1136379,6
1084964,6
1240714,1
1185464,4
1064143,6
1168179,6
1079133,3
1052124,6
1197217,4
1087879,6
1025424,4
1019762,4
1208030,4
1060723,5
1140179,4
1175021,1
1092332,1
1310652,4
1314423,3
1252551,4
1163764,5
1142076,3
1177309,3
1065336,1
1131630,6
1033943,6
1288093,4
1196097,3
1294299,4
1043002,2
1300296,2
1108958,6
1000247,4
1155335,3
1073395,6
1087985,5
1290981,1
1302320,4
1096469,7
1278876,1
1212095,3
1025770,4
1081514,4
1213802,5
1264249,4
1259286,5
1249865,3
1103255,2
1205626,6
1144920,5
1122887,6
1293934,5
1084378,4
1234609,6
1272360,4
1187608,6
1188473,4
1244021,1
1293993,5
1053962,3
1263039,6
1209294,6
1036244,6
1101839,3
1109017,3
1047355,3
1186005,6
1248207,3
1015050,6
1309796,4
1209567,3
1103546,4
1055941,6
1037738,5
1039399,6
1193965,3
1066933,6
1226859,3
1086501,5
1269169,4
1111347,6
1216391,4
1042622,3
1009362,4
1302530,3
1248355,6
1074454,4
1075355,3
1171415,3
1088322,3
1106672,1
1026586,4
1054522,6
1055593,5
1080691,5
1065803,1
1209122,3
1302611,6
1160580,6
1020901,4
1194640,3
1285576,4
1105028,1
1100918,3
1133963,4
1301155,3
1164562,4
1104177,6
1179117,5
1280787,6
1245582,4
1237889,3
1086128,3
1256037,1
1312312,4
1243971,6
1134142,3
1031256,4
1062008,6
1120440,6
1304332,3
1029393,3
1099337,6
1258818,4
1015398,5
1297196,4
1241015,3
1279670,3
1289062,1
1155331,4
1228875,6
1250141,6
1310237,5
1237943,4
1296108,4
1261766,3
1107339,6
1179230,6
1201872,4
1104972,3
1178378,1
1210146,3
1212054,5
1135075,6
1063734,4
1302691,4
1260592,6
1006120,4
1134693,6
1211675,6
1101239,4
1216492,4
1029479,6
1269130,6
1309630,6
1191092,6
1283952,6
1021073,4
1232537,4
1311674,1
1188362,4
1319198,4
1262399,6
1132740,6
1072548,6
1013725,3
1275427,3
1226287,4
1293789,4
1315034,3
1132368,4
1043177,4
1264984,5
1084191,4
1067236,6
1133949,3
1169699,6
1031045,5
1193184,4
1220493,1
1098625,1
1069856,5
1301393,6
1280943,1
1133686,1
1275928,6
1213138,6
1042024,3
1285949,4
1176611,6
1134524,4
1222637,5
1049232,3
1231567,1
1014193,6
1254446,6
1110811,4
1121000,5
1226763,3
1117370,4
1175850,4
1056288,1
1240242,4
1083242,4
1265539,1
1158248,5
1192995,3
1241034,5
1126275,3
1044507,4
1021415,6
1132777,6
1083555,4
1230329,1
1218748,4
1240496,4
1220460,1
1014438,3
1248144,5
1248683,3
1049000,4
1071095,3
1234328,1
1229199,1
1170844,5
1310508,1
1261383,6
1093324,4
1031408,3
1187942,6
1279037,6
1080883,5
1219386,5
1135926,3
1169119,1
1237421,3
1123388,6
1134929,1
1171600,5
1265753,6
1090583,3
1291693,6
1065958,6
1000862,6
1072933,6
1308866,5
1133915,3
1060716,3
1262544,3
1017325,3
1111227,4
1224231,3
1322024,6
1089771,6
1263743,4
1237067,5
1089126,3
1269012,1
1058470,6
1058056,3
1042560,3
1035687,6
1044762,1
1064371,4
1233763,1
1244063,6
1320447,6
1078752,6
1180477,6
1132195,3
1179372,5
1255470,5
1215321,6
1071406,6
1030015,3
1175191,3
1281872,6
1145872,4
1184410,4
1156410,4
1216458,3
1080617,3
1184908,3
1222472,4
1209274,4
1104030,5
1271108,1
1282239,3
1239276,6
1026270,5
1289274,1
1254234,5
1012371,5
1147981,6
1069662,3
1231612,4
1012336,6
1105881,6
1221314,4
1124355,6
1219970,3
1236192,4
1214818,6
1267841,1
1307423,4
1077847,4
1049910,3
1007708,4
1323333,4
1310565,5
1158194,3
1037343,5
1216926,5
1275567,6
1221149,5
1002430,6
1221681,5
1137965,3
1214218,5
1143240,4
1062314,4
1108625,4
1264716,4
1202012,1
1059092,6
1142085,3
1019461,3
1174705,5
1280010,3
1253878,5
1021406,3
1165296,3
1009350,4
1224933,4
1089332,6
1142042,3
1113126,6
1268293,5
1299615,5
1127798,1
1017883,4
1262599,4
1071796,5
1248053,1
1053455,6
1310006,4
1105437,3
1050922,3
1047719,6
1222331,5
1293279,4
1046996,5
1053174,4
1305797,1
1171106,4
1234740,4
1024018,6
1115463,6
1045014,4
1011429,5
1257166,3
1210340,4
1007125,5
1316814,5
1130397,3
1307164,3
1093476,4
1290943,5
1249836,6
1289049,5
1302051,6
1096035,5
1022195,6
1205645,6
1134244,3
1081953,4
1083390,6
1105724,4
1270988,4
1110604,6
1066586,1
1243322,6
1285667,4
1004734,4
1316088,3
1022970,3
1185686,4
1117446,4
1018165,3
1109446,3
1211906,7
1208669,1
1153171,4
1263059,3
1167691,1
1094234,6
1234070,6
1135965,6
1006331,6
1047533,4
1317119,3
1177189,1
1101680,2
1074637,4
1100876,6
1179990,6
1136302,5
1323243,3
1307019,1
1250416,1
1203738,6
1076996,6
1171269,4
1059190,4
1060918,6
1303830,3
1242565,3
1267992,5
1128223,5
1257385,6
1323786,5
1250396,4
1105175,4
1253125,4
1195918,4
1190678,3
1253113,3
1296913,6
1115833,5
1301331,6
1106369,1
1139453,5
1256053,4
1122380,3
1187413,6
1121867,3
1258061,3
1251672,5
1130122,4
1045158,5
1004938,5
1230625,4
1141770,4
1171631,1
1065061,6
1237110,4
1281512,4
1139579,6
1202418,3
1198912,5
1111523,6
1005285,6
1165842,6
1295202,2
1145419,4
1278600,6
1064405,1
1058398,5
1258626,1
1233884,5
1216959,3
1113018,4
1054251,1
1181855,3
1127573,4
1189660,6
1309485,6
1169242,3
1200321,1
1056343,3
1171432,3
1205572,4
1170756,1
1139057,6
1184012,3
1179787,3
1178609,6
1192263,3
1228424,5
1013925,6
1144476,3
1254992,6
1226843,6
1246673,6
1314191,3
1045833,1
1151694,4
1290852,6
1258366,1
1094599,4
1306402,3
1306838,4
1105385,6
1191542,4
1062202,6
1030942,6
1146362,1
1145451,4
1275378,2
1209534,5
1179287,3
1237088,1
1231038,4
1068592,1
1157088,4
1080456,6
1292032,4
1222656,5
1056406,4
1296488,4
1293119,4
1277538,4
1117161,5
1016540,5
1013952,3
1135063,4
1108249,6
1231402,5
1248306,5
1097674,6
1189707,4
1093956,3
1219667,5
1079051,6
1218961,5
1032303,5
1038993,1
1049323,6
1151051,6
1009402,3
1278635,6
1128689,6
1006075,1
1203749,6
1225131,4
1195875,2
1200755,4
1048549,5
1281975,3
1233564,5
1002692,3
1321217,3
1012741,3
1257573,5
1026754,3
1278934,6
1211134,3
1046282,5
1312685,6
1221952,4
1176799,4
1272127,3
1231528,3
1129855,4
1241934,6
1312301,6
1181467,6
1018149,5
1325338,6
1187456,1
1197178,5
1226783,4
1154953,4
1272842,5
1066520,5
1046790,5
1301617,4
1126912,3
1226740,6
1076460,5
1185452,1
1307385,5
1022810,3
1140665,6
1306957,5
1139593,3
1205669,3
1033622,4
1070137,4
1165726,4
1018619,6
1144350,3
1165459,3
1268740,6
1320985,3
1316214,3
1052343,6
1214394,5
1052183,6
1024572,5
1144365,3
1005056,4
1184080,3
1068370,3
1191408,3
1113441,3
1250717,1
1186458,4
1110563,4
1292013,6
1135243,4
1000877,6
1300264,1
1196331,6
1071521,3
1032049,3
1157161,3
1255034,4
1249849,6
1027501,3
1239771,5
1167246,6
1266126,6
1196455,4
1014151,5
1323687,1
1031011,3
1152561,4
1263143,7
1112510,5
1057862,6
1189748,4
1054830,1
1005925,4
1229402,3
1281778,4
1197259,3
1282994,6
1259210,3
1056151,1
1016325,5
1004669,6
1241434,6
1034549,3
1000497,5
1161336,5
1047187,5
1191479,6
1260535,5
1293954,6
1077564,4
1093953,6
1121607,4
1147409,4
1193642,6
1064517,6
1128468,4
1113571,5
1195463,3
1244897,1
1055183,3
1298921,3
1032913,4
1192842,6
1132285,4
1108680,4
1139840,3
1093439,3
1215335,6
1230318,4
1196108,1
1111728,4
1281824,6
1165081,3
1285604,5
1056463,1
1316118,3
1273071,1
1109031,3
1259664,4
1065101,6
1183890,3
1222310,6
1121729,3
1179176,1
1081967,6
1145448,1
1001080,3
1175512,1
1154686,3
1061372,3
1163276,3
1273349,3
1194822,6
1290637,3
1250042,5
1055483,6
1237388,3
1127417,7
1080957,4
1302510,1
1197173,1
1302444,1
1305451,4
1022126,4
1034157,1
1190623,6
1303341,4
1300543,6
1186846,5
1165041,5
1124620,5
1059684,4
1324752,3
1018006,6
1030860,3
1052582,1
1157775,4
1205376,3
1130561,4
1218096,3
1139256,3
1084880,4
1162824,4
1026433,6
1300314,6
1248445,1
1071624,4
1291628,5
1182021,6
1277891,5
1236175,4
1281828,1
1102345,6
1151494,5
1118712,3
1003117,3
1205429,6
1167459,6
1038929,4
1148878,4
1043931,2
1186196,4
1140576,4
1143281,6
1184201,6
1224663,4
1324162,3
1091431,4
1317254,4
1290419,3
1286772,6
1001636,5
1199908,2
1312212,3
1047314,3
1007152,4
1029536,6
1270387,3
1279329,6
1137742,4
1062730,4
1060090,2
1119900,5
1031556,4
1212357,5
1113397,5
1075039,4
1224579,1
1204788,6
1054940,2
1243776,3
1245322,3
1015904,4
1053074,4
1220048,1
1019880,1
1191766,5
1018982,4
1054628,3
1286060,6
1254865,6
1168028,6
1203376,3
1003705,5
1059349,1
1079711,6
1200515,5
1129306,3
1038969,4
1203812,4
1119006,3
1193603,1
1322907,4
1186633,3
1299549,3
1104034,4
1139217,5
1195059,6
1163904,1
1006914,3
1260590,4
1313840,4
1198509,4
1006731,6
1106821,6
1143892,1
1278960,3
1324182,5
1288864,6
1052137,3
1203590,3
1080530,4
1322297,6
1296910,6
1119170,4
1168368,3
1121700,5
1103451,3
1200583,3
1271545,5
1212130,6
1116526,6
1118887,3
1174019,3
1095765,4
1313851,5
1005051,5
1100073,3
1111168,3
1090567,3
1140874,3
1073511,5
1266199,6
1279936,1
1039285,4
1254247,6
1292107,3
1181688,3
1193930,6
1016652,6
1288053,4
1305156,3
1184370,4
1219342,6
1067753,4
1160597,6
1090288,3
1010380,1
1237073,4
1089925,1
1133954,6
1220464,6
1325394,1
1097648,3
1092194,6
1243140,4
1107882,5
1231969,6
1138440,6
1175052,6
1030059,3
1080016,5
1253257,3
1022847,4
1219053,4
1248579,3
1253986,6
1160760,4
1083416,4
1255271,6
1039260,4
1318915,4
1033166,1
1032567,4
1160869,3
1042147,4
1210335,3
1141634,4
1033198,5
1292538,6
1083765,6
1016498,5
1101908,6
1024865,3
1315877,2
1055417,5
1046087,3
1027783,4
1289268,6
1239702,4
1032603,5
1059992,6
1177203,6
1049636,3
1161903,4
1115901,3
1318422,6
1084261,6
1025589,3
1076133,6
1041176,4
1317131,3
1299054,5
1304697,3
1130452,3
1052556,6
1202710,6
1031737,5
1039278,5
1084604,1
1313388,4
1089597,4
1214247,4
1272471,4
1140319,3
1112072,3
1190485,5
1019272,3
1046049,4
1221962,6
1100135,6
1193479,3
1036439,6
1098992,5
1213809,6
1212187,3
1035656,1
1042835,6
1036207,5
1198164,1
1010927,6
1077623,4
1072117,1
1255719,4
1160256,3
1283045,3
1107724,3
1027942,6
1200748,1
1299453,3
1290724,4
1149405,1
1153874,2
1017898,6
1112390,4
1223454,4
1014263,6
1314892,5
1109465,3
1234170,5
1221181,4
1271805,6
1244095,1
1159120,3
1181470,1
1047277,1
1322165,3
1215367,4
1320838,1
1251811,1
1119792,5
1278309,1
1163266,1
1178482,6
1213552,6
1237068,6
1222327,4
1163283,6
1243077,6
1149607,5
1010287,4
1072147,3
1016447,4
1102583,3
1293902,4
1123338,1
1078447,4
1171464,6
1072476,3
1253950,3
1058786,6
1106158,5
1115874,4
1042185,6
1138550,6
1042730,6
1217235,6
1311766,3
1139186,6
1130231,3
1104159,6
1194299,6
1127925,6
1080560,3
1276002,6
1040342,4
1035585,3
1180910,6
1089794,5
1127014,3
1045920,6
1175302,5
1055271,6
1271461,3
1006023,5
1288402,1
1162404,6
1266288,6
1292811,6
1019679,3
1247446,1
1090240,6
1100908,6
1221107,3
1140880,3
1276029,1
1204690,4
1067617,4
1021488,3
1098012,3
1204585,6
1072866,5
1121826,6
1064649,6
1035531,2
1104377,5
1274887,4
1208901,4
1078058,4
1288414,4
1025915,4
1258045,4
1170091,6
1143342,6
1159487,3
1065145,3
1056020,3
1294238,1
1258129,5
1133297,6
1197393,3
1144220,6
1143134,5
1035965,4
1075735,3
1071816,1
1092316,3
1226651,6
1282059,5
1029011,4
1295491,1
1266733,4
1164683,3
1251227,3
1278762,1
1038442,6
1294703,1
1149823,5
1003526,1
1140995,6
1177867,5
1036071,6
1005348,7
1316744,6
1029322,3
1231358,6
1010328,5
1081952,3
1067470,3
1159721,3
1092290,6
1039011,3
1017478,4
1115806,4
1191872,3
1027092,3
1127713,3
1189354,3
1026271,5
1274594,5
1311033,6
1067343,3
1148205,1
1253265,4
1272981,5
1193178,3
1246125,6
1124469,4
1198599,6
1033092,3
1142427,1
1234754,3
1267097,4
1252731,4
1160307,3
1305340,6
1239321,5
1233134,6
1261922,6
1048126,4
1041035,3
1251414,3
1193317,4
1098153,4
1245531,2
1305611,4
1195276,3
1117334,6
1175055,4
1310888,1
1125302,6
1201991,4
1288396,6
1042963,1
1197404,1
1274826,3
1272688,3
1128716,1
1032055,6
1311081,5
1110796,3
1307760,6
1270303,5
1325554,6
1297463,3
1055004,3
1260058,6
1258492,3
1059664,3
1177950,5
1127917,1
1077872,5
1110981,5
1261921,4
1131515,6
1296719,3
1144724,2
1261016,1
1293166,4
1013840,1
1055743,5
1102028,7
1048068,3
1089373,6
1094446,3
1262883,3
1118431,4
1005309,4
1277074,6
1273574,6
1260790,3
1286328,5
1226928,4
1181015,4
1236306,6
1220924,3
1211508,6
1093961,6
1240175,1
1246499,3
1012461,3
1212935,3
1154733,3
1250008,6
1193577,1
1291990,2
1273381,6
1107961,4
1024388,5
1283747,4
1306979,1
1102514,3
1223711,5
1100841,3
1303956,5
1077403,4
1055920,6
1109202,4
1006641,5
1285996,3
1309406,3
1041068,6
1212630,6
1103528,3
1241198,4
1288673,6
1325059,6
1250718,6
1144766,4
1053871,4
1079130,3
1321410,1
1091514,3
1150220,3
1251162,4
1291452,3
1241949,1
1317621,6
1216519,6
1161521,3
1042028,4
1154290,4
1035969,3
1142171,1
1323102,5
1019709,4
1286608,6
1191168,5
1309054,4
1237057,6
1286618,3
1060059,4
1109086,4
1035495,4
1042500,3
1275738,6
1154958,4
1227011,4
1120796,4
1155898,2
1150336,3
1036390,6
1202879,4
1086827,1
1174542,1
1161651,5
1191477,6
1271555,6
1264659,4
1302441,6
1037050,5
1031584,6
1121021,5
1088939,5
1146283,3
1137879,4
1252973,5
1297810,3
1300086,4
1103334,6
1228021,5
1299713,6
1099376,3
1146894,5
1080610,3
1054152,5
1285803,3
1002829,5
1173600,1
1201256,1
1051786,3
1080651,6
1161806,6
1164350,4
1135970,5
1311189,4
1116006,1
1079265,5
1044865,4
1158766,3
1319652,6
1230653,4
1202036,3
1085842,3
1192455,6
1011859,3
1028637,3
1108614,1
1286187,3
1136691,6
1070699,6
1140708,4
1025237,6
1308302,3
1293200,4
1210681,3
1246233,1
1051414,1
1283864,6
1022583,3
1039017,1
1053589,4
1249903,3
1300654,5
1297434,5
1025091,3
1292162,3
1192462,6
1272854,3
1198988,6
1201657,5
1068837,6
1090159,6
1259735,3
1089006,5
1272089,7
1199416,3
1120114,3
1119072,6
1098682,6
1305389,3
1155067,4
1273657,6
1064573,6
1114815,6
1137785,5
1074803,3
1026567,4
1105529,1
1059877,3
1055828,6
1163040,6
1173177,6
1273942,6
1079129,6
1216964,6
1321703,6
1146510,1
1016387,5
1239868,5
1291353,6
1123877,1
1103956,3
1293732,5
1205502,5
1182658,6
1224222,3
1289804,1
1020741,6
1135021,6
1288557,3
1022799,3
1010537,3
1017920,6
1087238,3
1321957,5
1028980,3
1044451,5
1215864,1
1112887,4
1136483,4
1025308,4
1191394,6
1126695,1
1264770,6
1091880,5
1087220,4
1045237,3
1027178,4
1164149,5
1252714,6
1234418,4
1173136,5
1033817,6
1045069,3
1234362,7
1163123,6
1222059,6
1053658,4
1322804,6
1109693,6
1002473,4
1042182,1
1217987,5
1188839,4
1130283,6
1132908,5
1217610,5
1187673,3
1017133,1
1228645,3
1055657,1
1314370,1
1262810,5
1058198,6
1304755,5
1124081,6
1051424,5
1144244,1
1064055,6
1288698,6
1235970,4
1203388,5
1044248,6
1205471,6
1110026,1
1033609,3
1241814,5
1042813,3
1223259,6
1039645,3
1048013,3
1210566,4
1134992,6
1296546,3
1148839,1
1324905,3
1142975,4
1227021,1
1093960,3
1127101,1
1129778,5
1271798,4
1305592,5
1179774,3
1316382,3
1011311,3
1195268,1
1131530,6
1121775,5
1118656,3
1030017,4
1035349,3
1158492,4
1053210,5
1233718,6
1274471,6
1219776,4
1069501,6
1265115,3
1302920,6
1033426,5
1005551,3
1265370,5
1215161,6
1073997,6
1074994,4
1088966,6
1284122,4
1257173,6
1310586,3
1184123,3
1276472,5
1290143,6
1151596,4
1029425,4
1250567,4
1266873,6
1152114,6
1043189,5
1062055,1
1080626,1
1255409,4
1076988,3
1035811,3
1082191,4
1267954,5
1185709,3
1011785,4
1184982,4
1161917,4
1069149,4
1216043,3
1294865,5
1204144,5
1289210,3
1322619,4
1290421,4
1318256,5
1187994,6
1118820,6
1028862,6
1260720,5
1098372,1
1006943,3
1270004,3
1047464,6
1162274,1
1125268,4
1200438,5
1066423,6
1096247,1
1239912,6
1042956,4
1264131,2
1186332,3
1174713,3
1182642,4
1114469,6
1308691,4
1213233,6
1251550,3
1215621,3
1056220,6
1015980,4
1087810,4
1151493,4
1230606,4
1197845,5
1150369,1
1010815,4
1166997,3
1252122,3
1101242,6
1148938,6
1281399,5
1020190,3
1123909,6
1107876,5
1090392,3
1048479,4
1278319,1
1258057,1
1221580,6
1270142,1
1192579,4
1036716,3
1146342,6
1221367,3
1020113,5
1003824,3
1315158,3
1230456,5
1105700,4
1064379,4
1294925,3
1183394,3
1311169,4
1049717,4
1298485,6
1021869,6
1275768,4
1166724,6
1147636,5
1011436,1
1015758,3
1015957,5
1104699,3
1120314,4
1105350,4
1149078,4
1226926,3
1319081,5
1164567,4
1136743,4
1061214,6
1038426,4
1167748,6
1152727,1
1039179,3
1321719,3
1222401,3
1155275,3
1255418,5
1136885,7
1032499,6
1082844,4
1080315,3
1171816,6
1138398,3
1241919,4
1187668,6
1048297,5
1035377,4
1265016,3
1277975,2
1150696,6
1071439,6
1291637,3
1122473,4
1050282,5
1226042,2
1185904,5
1165302,6
1157612,4
1066805,4
1104048,1
1143004,4
1064594,5
1067576,3
1241281,3
1029412,4
1284529,4
1135602,4
1322813,6
1234994,4
1226673,1
1035740,1
1105891,3
1319594,3
1207968,1
1045324,1
1119707,4
1146042,6
1085463,4
1134057,4
1220944,1
1208200,1
1029426,3
1241552,5
1295141,6
1129883,4
1101346,6
1262171,3
1176947,5
1202233,3
1154045,5
1290089,3
1127585,6
1229804,6
1295311,3
1110900,1
1071688,6
1070286,6
1107823,3
1295264,1
1089069,3
1198860,3
1209813,5
1162050,3
1113281,6
1274186,3
1022317,6
1313799,6
1165193,4
1192370,6
1179612,3
1170154,6
1049022,3
1010982,5
1180654,6
1298704,5
1045638,6
1296891,3
1080332,5
1288225,3
1111378,1
1180884,6
1029301,1
1038928,6
1054788,6
1131649,6
1126457,4
1102378,5
1113862,6
1114793,4
1047228,4
1087946,5
1159610,5
1045263,1
1045366,6
1085584,5
1168275,3
1106851,3
1315463,5
1068393,5
1128817,3
1007856,3
1185933,6
1204312,4
1069017,6
1040809,4
1286710,4
1198047,6
1011714,6
1290018,4
1321525,4
1077401,4
1163417,3
1046420,6
1154504,4
1148900,5
1301603,1
1253301,3
1015597,4
1182219,5
1267239,6
1186280,5
1291109,3
1069749,5
1119305,4
1075475,4
1137953,1
1268488,6
1026947,5
1227007,6
1003420,3
1092484,3
1058022,5
1221031,3
1003568,6
1082805,6
1322755,3
1067020,3
1057609,5
1204575,6
1242041,5
1213185,2
1302015,4
1189470,6
1034774,1
1142430,4
1242188,6
1226881,3
1265053,4
1141886,1
1308537,6
1050708,6
1149061,5
1185842,3
1255132,4
1138434,6
1011361,6
1290775,6
1049041,4
1250733,4
1298437,7
1204732,6
1185884,4
1319058,3
1286969,1
1257072,6
1219768,4
1182796,6
1146586,5
1062278,6
1065904,6
1310634,5
1223840,3
1080654,4
1199582,1
1066534,5
1206803,5
1042916,3
1238440,1
1272691,4
1313549,5
1073155,4
1048181,4
1011579,5
1211145,4
1050730,6
1209152,6
1306262,6
1217533,3
1258019,6
1259557,6
1284421,4
1318285,6
1034753,1
1280628,4
1047366,6
1167133,6
1249210,5
1170526,4
1233086,5
1187495,5
1267072,4
1175027,3
1210572,4
1139178,3
1134816,3
1042856,6
1008446,5
1311128,4
1222627,6
1290103,4
1222413,4
1303068,3
1260393,3
1146854,2
1012860,5
1040312,5
1271992,1
1259884,6
1158419,4
1056482,6
1061244,5
1279518,4
1168140,1
1159763,5
1278841,6
1166914,3
1074611,4
1232471,5
1103987,3
1036627,6
1219798,5
1142987,6
1132593,3
1020959,1
1317535,6
1310557,4
1093824,6
1015639,4
1086822,4
1274818,1
1059803,6
1187160,3
1074579,4
1293721,5
1308214,5
1205313,1
1078815,6
1112523,5
1162836,6
1281877,6
1311938,5
1208063,6
1323597,1
1149705,4
1045590,6
1196888,6
1304885,4
1054725,6
1205135,6
1003907,3
1125662,4
1106630,4
1235054,6
1086689,3
1003079,3
1275263,6
1171899,3
1249416,3
1225966,6
1275800,4
1219553,5
1223924,3
1129739,6
1084693,5
1234078,6
1113925,5
1136121,3
1220988,5
1189970,1
1304217,3
1169577,3
1213094,5
1161633,4
1204537,5
1268317,6
1175607,4
1172750,2
1013306,5
1322377,3
1277673,4
1146509,4
1278708,6
1020566,1
1029709,6
1050008,4
1155279,5
1047688,6
1152185,6
1204992,4
1112265,6
1157550,4
1003194,6
1159593,4
1317116,5
1052039,5
1221198,4
1098310,4
1105339,3
1134761,2
1029508,6
1318378,5
1248816,6
1004024,4
1031184,1
1166748,5
1085254,4
1317311,1
1083708,4
1028518,3
1133861,6
1192612,5
1267754,2
1319176,5
1248781,6
1092089,3
1011236,3
1031301,6
1272270,3
1219411,5
1070980,5
1149512,6
1039682,3
1253221,5
1280194,1
1036888,4
1008809,5
1076642,6
1163825,6
1089191,6
1316417,4
1011638,4
1210384,1
1322490,5
1100363,4
1226411,5
1173854,3
1130167,1
1012071,4
1028043,2
1226652,3
1215642,6
1095246,3
1215343,6
1302598,6
1128784,3
1183406,3
1303915,4
1144020,6
1026362,6
1010786,4
1170340,3
1292170,4
1260121,3
1073467,3
1091397,6
1169433,6
1292632,4
1247588,6
1307079,4
1122764,6
1315501,3
1037313,6
1109303,7
1146691,4
1289448,6
1263065,5
1138286,4
1176745,4
1258443,6
1256951,3
1215964,3
1157811,6
1113649,4
1322232,6
1073416,5
1242905,5
1032374,6
1101102,6
1080933,6
1117402,5
1246782,3
1183734,3
1213373,3
1116648,1
1061556,3
1239557,5
1130000,4
1322767,5
1057980,4
1134996,4
1145155,1
1169032,6
1215970,1
1028431,5
1318781,3
1071345,3
1242157,3
1314257,3
1313213,3
1318694,4
1223355,6
1004909,6
1204669,5
1017138,1
1109657,4
1156733,5
1010969,1
1307334,1
1132758,4
1299032,6
1177577,4
1140202,6
1056813,5
1077175,1
1153683,6
1160298,4
1089013,6
1183203,4
1025020,6
1070745,6
1027487,4
1216560,3
1184949,3
1301999,6
1100286,4
1150140,6
1055482,6
1061645,5
1193448,6
1299561,6
1173954,6
1185370,4
1133505,3
1322446,3
1083173,4
1014050,3
1004043,4
1250598,3
1201771,4
1236451,1
1161101,6
1064647,1
1140419,6
1147261,3
1156569,6
1324598,1
1270487,5
1144819,3
1012111,3
1305828,3
1226303,4
1299581,6
1144512,3
1236537,5
1133605,6
1215409,4
1119982,6
1317083,1
1090106,3
1220687,5
1223579,4
1039277,5
1124042,3
1103463,5
1117803,1
1137200,3
1136849,3
1088677,5
1145776,5
1097968,5
1008057,3
1149834,5
1101715,4
1083133,5
1306822,4
1054076,4
1028146,6
1221022,3
1242275,3
1138562,6
1196819,4
1022383,3
1020378,1
1195976,6
1195921,1
1035272,1
1035328,3
1086497,1
1180229,3
1103931,6
1028243,3
1141719,3
1070938,6
1290988,5
1133870,4
1016019,6
1259923,6
1000217,3
1310771,4
1280080,3
1021520,6
1280817,5
1295703,6
1309125,3
1021493,4
1212355,6
1241241,3
1058576,3
1219851,6
1025815,5
1033918,3
1167227,5
1044044,5
1106180,3
1008980,3
1090114,4
1242546,3
1020330,4
1224087,1
1141476,6
1084287,3
1048450,3
1077809,3
1063877,4
1094709,5
1061460,6
1040481,5
1287565,3
1153643,5
1151992,1
1207466,5
1308213,4
1162263,6
1276126,1
1197047,3
1089681,3
1230746,3
1146152,3
1155726,4
1089690,3
1272660,3
1025493,6
1147798,3
1232570,4
1141495,6
1172599,4
1061851,3
1070058,5
1179971,6
1092496,6
1313203,4
1135578,6
1206164,3
1162682,1
1101386,6
1253077,4
1206289,3
1214887,3
1217000,4
1284998,6
1286711,3
1076697,6
1078138,3
1120824,6
1066197,6
1325478,4
1253590,1
1060211,1
1021498,5
1187773,6
1090950,4
1133909,1
1194293,5
1082353,6
1311662,1
1144440,5
1071876,6
1025828,6
1022694,6
1224739,3
1036184,5
1282011,3
1016316,3
1208722,4
1045288,6
1206619,5
1009234,3
1127284,6
1166042,4
1090956,6
1296979,5
1277692,4
1136442,3
1277308,6
1068062,6
1043355,3
1199556,1
1120515,3
1078085,6
1255611,6
1194326,1
1017576,6
1267509,4
1043900,4
1077476,4
1259164,1
1077589,5
1049935,6
1026650,3
1033547,5
1105870,5
1255139,4
1260932,4
1164786,1
1295920,6
1269775,3
1102536,6
1170474,3
1325624,4
1157139,4
1229131,3
1126394,4
1146753,1
1323061,3
1228496,1
1222274,4
1150937,6
1235851,3
1181533,5
1319154,6
1056615,3
1027123,4
1244460,6
1051469,4
1162359,4
1197939,3
1090337,6
1037165,6
1270285,6
1288843,5
1254678,3
1234371,5
1230771,6
1100020,4
1084059,5
1057820,3
1095467,4
1000929,1
1155324,6
1237929,1
1139444,1
1148718,6
1029347,3
1188620,5
1128378,3
1248111,3
1077565,3
1169153,4
1197146,6
1029777,6
1317975,3
1050131,6
1032249,6
1100046,6
1089387,4
1136405,4
1063956,4
1306521,4
1094359,3
1091288,6
1236123,4
1225930,3
1254683,1
1168121,1
1145589,5
1280758,5
1133477,6
1210846,4
1292215,3
1116016,3
1294463,4
1146682,3
1231302,4
1223161,4
1289495,6
1170828,1
1199847,4
1169217,3
1163891,4
1014654,1
1317142,4
1113848,4
1017284,5
1043725,3
1226387,5
1258535,6
1208084,4
1244719,4
1219361,6
1156727,5
1317392,4
1220881,6
1207491,1
1148762,5
1092267,1
1219821,4
1254081,6
1287048,6
1269444,1
1249491,3
1134450,3
1180599,6
1286157,6
1182041,4
1031585,3
1023735,4
1117775,6
1029823,6
1178688,5
1240644,6
1099752,5
1033646,4
1169058,3
1005560,5
1019188,3
1030063,1
1071632,4
1286162,6
1139612,5
1279427,5
1096493,3
1249015,4
1152795,5
1072059,4
1174959,5
1236814,3
1059815,3
1184504,5
1106445,5
1165423,5
1311955,1
1284086,3
1256345,3
1166030,3
1275822,6
1009316,6
1066691,3
1186847,4
1089877,7
1052259,3
1081923,4
1287450,1
1233300,4
1306397,1
1109249,2
1206425,6
1203141,6
1192250,3
1217896,6
1224199,6
1091222,6
1284235,6
1143914,3
1173377,5
1071996,4
1258887,3
1218454,4
1061275,5
1040770,2
1133636,6
1199390,4
1268741,6
1187366,3
1168879,6
1006485,3
1284913,1
1244717,3
1272521,4
1196973,6
1204865,5
1129747,1
1268515,6
1273936,6
1109536,6
1187645,6
1302274,6
1167228,6
1317172,3
1324689,5
1081541,4
1117414,4
1220752,1
1245506,4
1103320,5
1129144,5
1125949,1
1291125,1
1019258,6
1022950,3
1236181,5
1295986,4
1138310,4
1049495,3
1014692,1
1266595,1
1154526,4
1170918,4
1208788,2
1079310,5
1140855,1
1025729,4
1060811,4
1040082,6
1020126,1
1241190,6
1132371,4
1263510,4
1235376,5
1132367,3
1068530,5
1063132,6
1006716,1
1257437,4
1185100,4
1234451,6
1283444,6
1095087,4
1306204,1
1077321,3
1169007,6
1043231,1
1069902,3
1210232,5
1205337,2
1199130,5
1310458,6
1320525,3
1035254,6
1144182,6
1055031,3
1174619,3
1057931,5
1083577,1
1151031,6
1189630,4
1014925,4
1016563,3
1017471,6
1004742,4
1221522,1
1015457,4
1160753,4
1195082,6
1242696,6
1142985,3
1136710,4
1322726,5
1172532,3
1278445,6
1236341,6
1001383,4
1310532,3
1200095,6
1181530,6
1220794,4
1140947,3
1068676,4
1091717,6
1022995,3
1244565,4
1148188,3
1137712,6
1122331,6
1323659,6
1277691,3
1051766,4
1015888,1
1004172,6
1120683,6
1000753,4
1089099,5
1280666,1
1120596,5
1026484,6
1288034,6
1039783,6
1202767,4
1170122,6
1118216,4
1114110,4
1003818,1
1225176,6
1163334,6
1249453,4
1238781,3
1023634,4
1176844,5
1104860,6
1187556,1
1300653,3
1056498,3
1068394,6
1272995,1
1295347,4
1101231,4
1148642,5
1264831,3
1132107,6
1231573,4
1150654,6
1095606,3
1155624,1
1133331,1
1290380,6
1254552,1
1136548,3
1231621,6
1117500,6
1068294,5
1241042,6
1003759,5
1183994,5
1288923,6
1036072,6
1157455,4
1109018,5
1137817,5
1040105,1
1082679,3
1194601,3
1235503,3
1226119,3
1306319,3
1140625,6
1153528,4
1153135,3
1053664,6
1113073,6
1239482,6
1123522,3
1227390,5
1253012,5
1155173,3
1066587,5
1056416,5
1248963,4
1051215,6
1241647,3
1138378,4
1287835,6
1211213,3
1224837,4
1201180,6
1254630,3
1307459,1
1289238,3
1005834,4
1041541,3
1220770,6
1080393,3
1296973,3
1236779,4
1070979,6
1042247,3
1064989,4
1102215,6
1021234,3
1175065,6
1149882,1
1164746,6
1091281,4
1183740,1
1222256,6
1285743,6
1259874,3
1319929,5
1048830,1
1307454,3
1019217,6
1306767,3
1118878,6
1099212,3
1128794,6
1012834,5
1258504,4
1252765,1
1062027,5
1323623,3
1256513,1
1099688,4
1252425,2
1072755,6
1152042,5
1297455,4
1257368,4
1279130,3
1315740,5
1223851,4
1095981,6
1145808,3
1119796,5
1032313,5
1253884,3
1254339,5
1282919,6
1262114,3
1027529,5
1015516,6
1143385,6
1298217,6
1181073,3
1157874,4
1061998,3
1039198,5
1123604,6
1194989,4
1288789,4
1063272,3
1086553,4
1081555,4
1122884,3
1079375,4
1244170,4
1003009,6
1307621,4
1290374,6
1274142,1
1270689,4
1196241,4
1163250,4
1088210,6
1064731,1
1130550,5
1113246,3
1154382,5
1319111,6
1168738,4
1041940,4
1231092,4
1174744,6
1250583,5
1150685,3
1227208,3
1214781,6
1077740,4
1048802,6
1006725,6
1173125,1
1180049,4
1112303,4
1148145,5
1137199,3
1182607,6
1119086,5
1154287,6
1266864,1
1072142,5
1212583,3
1149408,4
1135415,6
1168803,3
1050001,4
1073957,6
1084782,6
1207044,3
1216899,6
1053297,1
1230790,4
1010268,3
1180288,3
1072585,6
1058954,7
1187426,5
1175272,4
1322310,6
1191514,1
1280293,1
1264588,6
1177938,3
1312589,4
1322114,3
1171323,6
1088978,6
1299353,6
1081516,4
1159558,5
1017778,4
1086332,6
1160682,6
1159812,6
1156736,1
1124400,3
1082786,3
1145965,5
1118776,4
1198942,6
1064957,6
1080647,6
1135050,6
1222791,5
1258757,6
1308684,4
1003027,5
1240838,4
1174606,4
1176967,4
1201342,6
1149908,3
1306361,1
1006540,4
1009710,1
1228712,5
1188829,6
1255394,5
1135898,1
1034099,6
1048248,3
1030140,6
1128121,1
1125276,1
1292056,4
1304821,3
1050882,6
1249425,6
1030679,3
1224259,4
1013989,6
1007927,6
1224737,5
1034740,3
1312419,6
1144242,3
1093362,3
1225942,3
1269664,5
1001140,5
1212832,4
1038632,4
1010979,5
1000160,5
1176129,5
1246199,1
1166435,3
1271804,5
1066861,6
1038522,5
1168582,5
1257551,3
1175539,1
1112192,1
1138954,1
1234455,1
1255098,6
1005964,1
1106430,5
1292143,1
1258583,6
1023215,3
1211159,4
1181964,5
1319779,6
1055546,1
1288594,6
1203127,6
1247055,6
1253557,5
1260920,3
1250514,3
1279610,4
1190326,6
1193318,6
1071067,3
1170347,1
1068843,6
1243063,1
1060075,1
1059577,3
1302823,4
1095922,6
1158166,4
1300457,6
1026137,5
1160742,6
1111928,4
1176057,4
1114673,4
1127346,1
1318209,6
1324723,6
1249222,4
1290749,6
1141252,3
1245984,1
1011678,6
1156590,1
1304928,5
1151409,3
1020801,1
1180661,3
1310561,5
1210948,1
1177117,4
1113884,3
1281606,3
1281940,6
1264663,4
1035384,5
1274732,3
1302538,4
1251379,3
1169265,6
1156858,1
1100117,3
1142361,6
1082939,1
1160601,4
1066243,4
1281908,1
1140938,3
1065794,4
1115327,6
1205340,6
1082989,1
1206123,4
1169745,4
1104040,5
1022608,4
1103860,5
1231760,6
1087559,6
1021719,4
1099045,4
1261344,6
1035782,3
1130817,6
1101122,5
1117536,6
1173738,3
1209468,4
1086197,6
1099634,4
1148640,6
1173170,6
1232958,5
1023683,5
1147318,6
1041828,6
1290940,5
1294937,6
1075503,6
1241997,6
1051092,3
1086966,4
1118365,4
1230420,6
1156440,3
1221117,6
1085092,6
1046002,6
1311655,3
1198424,1
1164566,6
1057499,3
1284015,6
1091638,3
1057006,4
1199722,4
1308927,1
1281591,6
1019480,1
1229509,5
1015661,3
1254569,3
1156456,4
1063841,6
1195627,6
1158169,6
1199485,2
1138998,4
1174686,5
1047000,6
1078105,3
1174286,6
1115133,4
1143218,6
1268561,3
1003346,4
1053830,1
1323569,3
1282318,4
1087091,6
1085170,6
1276741,4
1262284,5
1194093,4
1126916,3
1002905,1
1141526,4
1043662,6
1311551,5
1212099,6
1092342,3
1220570,3
1180530,3
1108098,6
1093070,6
1220114,1
1033749,6
1320126,4
1103422,4
1070077,4
1243355,5
1134200,4
1123563,4
1104627,3
1058881,4
1252065,4
1167275,5
1323344,5
1097996,1
1056323,3
1154344,6
1302222,4
1286047,4
1215480,5
1242409,4
1239283,4
1090536,3
1023268,2
1081889,5
1041341,6
1085180,1
1276601,6
1070838,3
1038752,1
1018862,6
1167184,6
1277798,5
1198131,6
1071475,4
1106065,1
1308971,6
1075034,5
1136518,6
1270348,3
1243717,6
1058645,3
1090449,5
1043858,1
1289598,6
1210674,5
1075340,4
1153053,5
1177338,4
1325233,4
1151702,3
1187453,4
1042249,5
1241240,6
1023257,3
1183177,3
1179329,1
1015967,6
1298727,4
1300288,3
1050745,5
1217296,3
1058594,1
1192295,4
1197468,3
1228129,4
1313646,3
1230473,5
1229164,3
1208822,4
1063927,4
1185651,3
1083195,4
1191153,3
1241601,4
1179690,4
1253212,5
1178282,1
1188777,4
1122782,1
1004039,5
1099590,1
1138494,5
1298436,5
1032400,5
1306433,6
1032554,3
1097207,3
1068318,6
1201551,6
1280511,3
1211006,5
1250624,4
1135945,6
1066758,4
1229413,5
1094123,3
1064107,1
1254328,3
1066862,4
1087752,4
1038495,3
1188873,1
1173746,4
1062356,4
1308569,4
1007401,4
1197670,3
1299668,5
1078780,1
1108019,5
1253759,6
1139487,4
1255293,6
1085331,5
1224778,4
1269698,4
1066843,5
1260053,5
1272975,4
1122532,3
1084789,4
1000624,6
1133625,5
1092528,6
1190144,3
1222817,6
1028608,6
1055541,5
1029434,4
1015386,3
1004998,5
1298860,6
1319845,3
1128175,6
1178792,4
1175744,5
1103712,6
1310023,5
1015205,3
1283201,5
1113938,5
1314487,6
1280108,4
1042071,5
1258289,6
1011973,3
1026641,3
1011940,5
1300956,4
1220099,1
1163021,6
1262741,6
1211310,1
1144953,3
1085234,4
1010769,3
1165321,6
1250878,1
1232876,3
1246968,3
1211506,3
1209038,5
1272812,1
1170578,6
1117829,5
1272095,4
1200811,6
1269348,6
1151342,6
1169454,3
1234964,1
1321291,4
1126757,3
1127777,3
1142459,1
1095597,1
1176736,5
1139590,1
1073471,4
1069123,3
1256609,4
1059219,6
1181866,6
1105797,3
1230088,3
1106566,5
1057433,3
1239866,1
1248485,1
1107872,5
1069896,6
1213000,6
1261453,6
1184126,6
1124280,3
1058206,3
1231422,4
1313481,4
1246704,5
1220877,4
1133123,1
1020091,4
1195762,4
1280047,4
1057757,1
1269176,4
1125251,3
1182836,3
1263388,1
1188364,6
1034431,4
1297064,1
1261136,6
1216237,5
1069931,3
1249585,6
1141999,3
1020027,6
1125640,6
1135891,6
1032519,4
1040879,4
1284959,1
1009698,4
1062369,1
1146916,6
1071081,6
1113985,6
1319710,6
1038950,6
1045882,3
1115402,4
1176110,1
1022873,3
1309496,4
1065982,4
1210888,5
1196891,1
1325690,1
1017937,6
1284229,4
1076348,6
1196390,4
1309898,6
1001482,6
1081578,5
1189266,1
1220456,4
1071092,4
1281691,1
1134254,3
1046251,6
1162807,3
1146371,2
1155927,6
1302662,5
1256474,3
1088973,3
1105643,4
1146672,6
1119239,6
1044562,3
1303832,3
1157349,4
1221569,3
1312330,4
1211375,6
1307635,4
1100256,3
1239242,5
1299282,3
1070655,3
1114921,3
1064851,3
1133326,5
1301859,5
1145610,6
1092162,6
1162202,5
1246136,5
1115446,5
1262044,6
1249621,6
1181482,6
1225409,1
1252071,5
1308195,4
1047474,4
1258820,4
1061271,6
1130567,3
1246585,3
1262422,6
1216743,1
1312801,6
1265195,5
1146512,6
1038698,4
1311992,6
1093966,6
1241484,5
1185325,3
1271147,3
1227586,3
1325033,1
1037662,1
1055488,5
1298539,3
1010590,6
1013283,4
1104909,3
1029136,5
1197831,5
1109403,6
1054257,3
1193607,4
1293773,6
1305378,3
1154196,3
1197730,6
1288072,6
1041305,6
1025798,6
1320311,1
1292542,3
1097175,3
1045870,1
1093270,5
1212994,4
1218117,3
1229755,4
1220479,6
1032670,6
1236755,6
1185569,6
1136660,6
1059162,4
1182602,5
1012132,4
1301661,3
1075264,6
1270818,3
1270660,3
1280551,3
1116514,3
1244104,5
1067760,1
1274783,3
1250975,1
1290777,4
1051196,5
1169844,4
1189460,3
1009222,4
1256752,6
1265892,6
1151790,4
1186984,4
1036800,6
1323041,4
1075212,3
1070533,5
1161339,5
1212270,1
1016751,3
1303424,4
1087746,3
1041425,4
1164306,5
1161890,5
1003085,5
1233717,4
1144613,3
1075332,4
1218368,1
1160283,6
1136586,4
1041888,4
1207085,6
1254940,1
1054723,4
1266762,6
1020979,3
1187981,1
1029306,3
1000116,5
1222650,6
1118679,4
1002696,4
1296729,6
1094631,5
1299562,1
1116958,4
1188046,3
1251583,5
1050488,4
1121776,6
1201094,3
1313522,4
1188643,4
1059161,1
1219471,3
1323480,4
1197712,6
1076232,3
1071878,4
1270742,3
1257920,4
1041075,4
1288900,6
1255363,6
1194732,5
1066088,1
1220083,6
1199859,1
1323876,3
1015789,6
1029677,3
1318287,3
1265653,6
1302503,4
1203137,6
1301805,4
1040780,5
1146493,5
1007015,6
1183803,5
1252265,3
1156248,1
1308208,4
1281332,5
1239896,6
1133724,1
1107550,1
1283859,6
1282808,3
1001695,6
1200173,6
1105986,4
1091331,3
1286760,3
1123157,4
1292695,4
1050721,3
1244451,6
1125116,1
1106963,3
1087133,5
1166142,3
1227755,3
1022206,6
1111087,4
1304324,3
1211824,3
1100428,2
1225706,4
1314234,3
1286977,5
1036458,6
1014761,4
1104955,1
1065751,6
1284680,4
1273943,5
1316364,6
1325082,4
1041777,1
1234559,1
1241536,5
1133591,4
1091886,1
1125352,6
1287581,6
1064586,6
1079425,3
1135173,4
1059013,3
1013011,3
1158047,5
1084444,3
1073128,5
1117716,6
1290224,3
1087052,2
1182923,3
1257625,4
1005435,3
1035128,1
1181312,4
1034577,6
1035165,3
1026896,1
1205778,4
1040064,4
1025131,6
1144446,4
1308296,6
1094737,6
1009297,3
1253049,6
1115499,3
1132254,4
1087783,4
1145187,1
1000858,6
1284318,1
1153403,3
1076518,5
1321479,1
1314864,4
1297143,6
1268647,4
1281611,3
1204318,3
1125344,6
1317362,6
1027521,4
1152163,3
1281689,4
1062758,6
1204420,6
1213361,6
1225690,6
1309902,3
1132180,6
1174000,3
1204924,6
1075073,3
1010141,6
1101884,3
1166007,4
1224873,3
1276289,6
1077612,5
1069066,5
1103484,3
1009699,4
1124956,7
1312808,6
1115320,1
1228320,4
1038509,3
1303264,3
1283640,3
1044179,3
1270041,5
1054698,6
1112550,3
1134090,1
1085879,5
1033392,3
1065025,5
1136653,1
1130586,4
1317224,4
1057508,6
1088011,6
1241421,3
1019221,6
1227864,1
1009758,4
1270447,4
1204935,6
1122508,5
1243009,1
1278836,6
1211817,4
1288810,5
1308586,4
1224770,4
1120940,4
1235463,4
1225145,3
1111261,5
1175806,1
1168163,3
1003687,5
1063534,4
1226079,1
1297987,5
1240628,6
1230836,3
1200625,3
1008259,4
1135422,3
1119276,6
1014686,4
1218473,6
1118800,4
1064692,6
1315810,4
1304942,3
1255412,1
1029736,5
1221611,6
1207076,4
1093651,6
1131485,4
1240018,3
1048236,6
1048817,6
1242578,3
1311129,4
1318709,3
1043732,3
1047158,3
1290714,3
1245385,4
1018067,6
1214921,6
1278978,3
1067246,4
1297155,3
1004018,3
1051873,4
1115180,5
1225654,6
1027751,6
1266771,3
1078888,3
1317990,4
1011258,3
1247803,6
1062796,3
1176496,6
1037491,4
1185440,5
1201768,1
1248755,4
1111608,4
1023945,5
1267448,4
1123543,1
1085009,3
1220667,6
1125485,3
1220753,6
1050346,6
1265309,6
1012993,6
1205521,4
1081646,6
1042685,3
1019394,4
1223598,4
1220205,3
1068343,3
1010538,6
1000538,3
1268252,6
1242043,4
1112719,2
1113598,1
1051660,6
1051440,3
1041751,5
1180178,5
1182147,1
1101020,5
1268445,6
1180634,6
1271025,1
1274073,5
1074795,6
1021811,5
1005510,5
1253766,6
1098649,3
1307618,6
1313454,4
1167339,1
1286410,4
1289006,4
1011082,3
1284485,6
1322656,6
1143536,4
1296557,3
1098452,6
1087445,3
1278237,1
1158175,6
1186304,6
1305967,1
1172078,5
1298490,3
1107565,4
1133287,6
1098972,4
1024351,5
1246613,3
1200229,3
1038117,6
1254467,6
1139677,3
1211713,4
1191207,3
1163960,6
1058526,4
1187119,1
1029706,3
1065225,4
1254369,5
1057801,3
1048840,4
1108806,4
1292944,1
1112596,3
1047708,1
1060951,6
1074054,4
1243532,1
1319604,5
1102078,5
1095136,3
1308902,1
1047572,4
1256177,1
1015336,6
1081341,3
1090148,3
1126293,4
1016055,4
1007787,5
1045080,3
1116574,4
1144190,5
1208435,4
1249309,3
1230663,4
1108600,5
1066752,3
1316481,6
1027288,6
1225110,1
1255321,4
1096037,6
1294271,6
1053245,6
1179035,4
1292322,3
1265936,6
1226692,4
1123394,3
1092824,1
1075419,6
1023592,3
1047201,4
1173743,4
1206332,6
1266429,3
1298602,6
1182496,6
1096722,5
1035122,6
1314792,2
1054770,4
1093371,5
1305942,4
1320520,5
1268852,5
1041890,6
1228928,4
1264711,4
1284429,3
1031841,5
1306635,3
1241342,3
1255617,4
1058383,4
1237770,5
1017115,5
1042462,4
1171407,6
1255206,6
1037520,4
1170965,1
1138547,3
1163709,6
1151327,4
1288023,3
1128342,4
1283765,1
1264346,1
1100625,1
1227368,1
1231669,4
1134179,4
1240149,5
1157622,3
1323952,3
1050331,6
1254285,6
1131230,3
1149183,4
1244019,6
1010336,3
1252976,6
1209142,3
1259939,3
1016042,6
1212028,6
1295474,4
1322640,4
1041150,3
1007270,3
1075659,4
1213112,6
1105145,6
1025571,4
1144612,6
1313743,4
1002874,3
1299276,5
1185531,5
1029793,6
1171197,3
1102828,4
1106548,6
1187307,1
1172433,4
1190608,4
1166395,6
1324203,6
1294579,6
1290074,4
1061897,3
1168544,1
1303522,4
1203741,1
1165734,6
1132874,5
1246855,1
1228339,6
1208817,1
1097758,4
1017035,5
1112621,6
1262957,6
1221809,6
1220679,1
1244671,4
1186423,6
1235142,3
1217684,3
1107020,4
1199225,3
1133942,1
1308938,3
1007147,5
1004983,3
1173695,6
1323253,3
1237438,1
1054050,6
1213066,1
1228842,6
1251778,1
1282419,3
1219263,3
1175639,4
1184754,4
1269384,6
1101420,5
1220024,6
1029311,2
1320786,3
1001731,1
1188874,6
1035099,3
1235025,4
1090817,1
1299470,1
1198600,6
1058347,5
1257825,3
1014585,4
1222373,5
1291489,4
1217763,3
1308150,6
1178503,5
1140765,4
1297787,3
1116329,6
1094422,1
1005709,4
1208713,6
1314467,4
1032286,4
1032736,6
1232840,5
1105760,6
1291911,1
1202239,3
1072097,3
1247321,3
1096203,6
1139644,3
1271080,6
1096982,6
1252133,3
1315260,6
1270443,4
1131775,4
1302189,3
1197219,4
1043129,4
1209873,2
1111782,5
1023124,4
1275321,6
1107773,4
1261102,3
1084106,3
1206596,1
1220804,3
1263144,4
1234302,6
1149591,4
1189854,5
1277482,4
1235306,6
1225251,4
1078923,4
1212950,6
1015351,6
1278073,3
1309803,4
1132027,6
1235246,6
1292767,6
1322961,4
1324242,6
1129633,6
1246622,6
1019135,4
1001740,4
1306308,4
1184106,4
1140362,4
1021897,4
1234642,1
1315818,6
1307948,3
1108757,5
1182435,6
1151164,6
1175438,5
1074669,3
1174411,1
1298984,1
1297584,3
1168851,6
1218623,6
1127782,1
1312882,6
1130576,6
1114310,6
1103690,3
1172061,6
1214383,4
1296807,3
1258764,3
1051931,1
1243954,6
1271058,6
1184113,3
1039574,5
1308447,6
1195792,4
1314004,1
1150079,4
1006472,3
1121065,3
1084727,5
1318165,5
1306048,6
1232242,6
1228486,6
1073261,3
1138466,3
1301581,4
1218579,6
1219067,6
1027008,3
1320390,3
1024461,3
1013685,3
1235443,5
1060948,3
1191709,3
1126920,6
1119451,6
1019227,3
1029775,4
1313272,4
1012612,6
1133778,4
1174366,3
1262526,6
1204602,1
1219631,4
1284412,5
1159683,3
1167460,6
1208238,3
1184626,6
1297461,5
1078938,1
1237364,5
1158634,6
1070709,5
1265328,1
1160629,4
1314383,6
1047151,4
1229523,3
1144567,4
1177279,1
1141883,6
1006495,4
1314693,1
1267534,2
1169063,6
1175552,3
1298357,1
1323781,1
1262131,3
1062861,4
1026425,4
1143321,4
1142906,5
1080231,6
1134876,4
1130016,5
1062462,3
1173135,3
1002030,3
1247731,4
1215601,4
1313825,6
1086802,1
1249640,1
1102323,6
1075152,6
1197961,3
1022507,4
1295178,3
1254082,3
1140719,3
1076904,5
1045832,5
1114377,5
1033952,2
1127727,6
1220658,6
1310871,6
1062370,3
1163942,4
1166637,6
1277925,3
1099375,4
1181694,4
1139170,6
1155946,5
1195985,4
1266640,6
1295323,4
1142878,5
1267770,1
1269831,3
1241039,3
1046161,4
1273556,4
1186389,4
1153116,5
1076950,6
1250231,5
1169311,4
1045095,1
1092855,4
1287694,3
1168888,4
1025803,5
1160322,1
1308322,5
1272904,5
1084703,6
1061621,1
1195739,6
1254034,6
1017651,5
1227867,3
1196229,3
1027674,3
1024818,5
1103352,1
1183752,5
1312341,3
1224394,4
1247131,3
1136494,3
1022096,3
1020177,3
1191494,3
1026176,5
1241877,5
1015359,4
1085344,6
1150154,5
1129885,4
1301121,3
1139239,6
1203486,5
1056391,6
1190651,1
1152138,5
1088303,5
1064933,5
1034667,3
1113653,4
1162873,3
1080038,6
1196026,1
1020262,6
1012421,3
1263966,1
1212013,3
1056838,5
1005286,1
1129804,4
1212000,3
1302057,4
1238316,4
1053059,5
1137645,1
1001610,1
1243018,4
1002008,1
1267891,4
1313308,5
1288641,5
1203840,4
1260073,6
1277240,6
1213075,1
1132359,4
1058517,4
1131698,6
1203693,4
1266805,3
1135677,2
1185945,4
1313567,5
1253836,1
1040145,3
1099757,3
1161574,5
1064872,4
1160623,5
1008839,4
1300295,3
1149971,3
1115895,3
1248529,5
1303200,6
1278523,4
1207300,4
1325194,4
1084888,4
1170003,6
1207028,2
1312415,1
1007907,6
1061042,6
1139301,6
1098083,5
1303178,6
1125774,4
1167714,4
1241246,5
1117696,5
1155342,4
1062778,4
1000001,4
1122990,3
1176445,6
1146578,6
1053390,5
1157839,3
1128191,3
1087452,4
1108134,6
1046112,4
1102811,6
1271551,6
1077455,5
1079166,5
1289810,4
1325678,6
1295206,3
1124408,6
1311536,4
1189587,1
1030557,3
1309392,6
1141534,6
1084602,1
1146032,6
1053272,6
1169979,3
1239786,4
1304381,3
1005055,1
1169763,4
1182930,5
1088819,1
1206355,5
1153199,6
1072468,1
1070769,5
1004752,3
1130469,7
1183426,3
1135706,5
1138195,6
1209358,6
1274228,3
1151803,4
1198052,5
1295344,3
1047116,4
1269722,1
1154720,3
1231811,4
1009645,4
1166762,3
1031946,4
1220498,6
1059467,6
1108970,5
1112382,5
1312058,3
1072568,5
1038208,5
1110485,4
1212512,1
1065442,4
1099573,5
1284459,5
1191878,3
1185450,3
1046276,4
1013664,3
1127436,6
1002898,4
1016841,6
1091690,5
1091021,1
1243981,6
1212760,5
1319690,1
1258841,6
1317628,3
1173720,1
1244718,3
1032306,6
1044180,3
1251433,5
1219787,4
1279138,6
1199569,3
1205835,1
1142249,5
1109881,4
1093347,5
1276619,4
1051897,3
1236320,5
1206364,5
1153669,3
1057542,3
1296766,4
1094923,3
1308576,4
1162998,4
1081559,1
1127323,6
1248766,6
1295203,4
1070001,4
1043752,6
1263474,4
1122123,6
1271035,4
1243525,6
1006156,6
1105049,1
1059376,1
1052825,6
1106550,7
1124130,4
1323383,4
1051055,6
1211934,6
1067087,4
1135149,6
1109411,6
1256334,2
1168670,3
1197477,3
1035207,6
1082985,5
1278436,4
1229787,5
1135878,1
1309238,6
1037412,6
1094926,1
1167973,1
1288606,4
1079242,6
1152718,5
1216323,6
1044860,1
1320850,4
1103844,1
1137864,3
1124279,6
1155764,1
1309437,1
1313964,4
1288279,3
1247979,5
1273550,1
1170744,3
1098023,6
1134960,6
1280062,3
1259561,1
1281530,3
1165831,4
1082434,3
1175398,4
1225339,3
1005432,3
1271776,3
1167868,3
1055846,4
1162592,5
1224490,4
1241358,6
1061572,3
1034051,6
1143329,4
1042815,6
1113641,3
1045144,3
1313459,5
1198936,3
1255565,5
1057681,6
1025462,2
1258710,5
1212682,1
1298582,6
1141442,6
1305337,6
1072223,3
1215539,4
1266727,4
1207882,5
1104776,4
1256262,2
1274239,2
1303594,1
1269591,5
1125629,1
1227222,4
1054681,3
1023137,1
1195363,5
1301492,3
1286460,4
1023421,6
1076024,4
1193639,4
1318330,3
1261216,4
1171940,6
1199716,3
1036349,4
1216018,6
1172832,4
1014135,4
1262824,1
1067687,5
1121323,3
1201834,4
1122741,4
1319514,4
1193903,5
1129612,4
1119633,3
1001951,4
1248108,1
1013755,4
1130709,3
1046436,5
1024301,5
1229729,1
1132592,6
1307012,6
1033203,4
1009963,6
1016246,1
1256580,5
1033068,5
1085333,6
1113278,6
1077144,6
1297416,3
1051098,4
1028144,6
1165634,6
1205526,5
1175942,3
1252690,4
1119270,3
1057711,6
1175044,4
1293180,5
1157567,4
1014160,6
1302221,6
1156572,3
1325462,5
1068164,3
1277279,3
1109522,4
1019373,4
1227538,6
1224357,3
1134561,4
1224265,3
1176100,3
1132380,1
1252231,4
1013075,1
1045239,1
1240117,6
1011762,5
1032836,4
1166677,4
1245505,3
1259004,4
1012027,5
1323138,6
1074759,3
1203622,5
1014725,3
1224332,4
1110639,3
1267257,3
1095415,1
1262496,4
1031361,6
1239767,4
1067040,6
1217338,1
1127439,1
1211256,1
1230461,4
1193917,1
1164187,4
1117978,6
1096378,1
1102303,4
1075759,3
1204637,3
1207406,1
1272333,5
1208286,6
1125472,4
1077689,6
1006535,1
1178499,6
1010421,3
1060822,4
1256925,1
1277289,6
1261755,6
1263655,6
1174568,3
1269851,4
1242907,6
1026923,4
1001253,4
1202113,6
1204942,6
1054424,6
1051327,3
1067973,3
1179726,6
1294844,6
1096301,6
1215573,6
1008068,5
1089563,3
1000127,6
1065189,4
1323691,6
1245327,4
1310624,6
1097662,1
1055405,4
1200744,1
1282233,4
1057131,6
1223107,6
1203231,3
1221436,6
1053449,4
1250373,6
1045745,6
1148855,5
1277065,4
1189720,6
1197003,4
1243066,4
1304756,5
1216948,3
1153853,1
1150320,4
1066704,6
1155268,3
1020490,3
1035667,6
1039585,3
1313048,6
1136657,6
1000301,6
1221351,3
1050583,4
1288322,5
1196344,4
1085139,5
1046298,4
1254576,3
1307448,3
1275015,1
1197480,6
1035152,6
1140890,5
1249345,6
1108555,3
1143204,4
1249961,5
1084694,3
1034195,3
1144491,3
1229895,4
1270686,1
1193387,3
1268535,5
1207791,6
1318877,1
1137403,5
1062401,4
1065055,4
1257531,6
1321378,3
1266880,4
1063305,3
1212333,5
1244634,1
1270950,3
1154477,4
1132627,1
1264713,4
1032821,5
1020523,4
1317958,4
1148632,4
1046534,6
1321437,6
1177814,4
1121576,3
1316386,6
1025446,3
1034572,4
1277907,6
1211627,6
1149775,6
1260506,6
1152526,5
1063633,5
1043636,5
1276060,6
1070297,3
1253112,6
1124716,3
1031369,3
1195070,6
1252817,3
1141898,6
1276013,3
1039253,3
1292622,6
1260514,6
1323624,4
1233140,5
1077719,6
1037942,4
1267726,1
1046913,4
1102648,1
1103230,3
1029138,5
1193504,5
1252758,6
1209602,6
1045359,6
1167238,6
1109476,6
1036995,4
1260802,6
1289819,6
1145253,4
1140843,6
1307040,3
1133671,7
1062903,3
1115879,5
1299505,1
1269563,1
1186066,1
1026720,6
1064229,1
1206442,4
1051207,6
1103393,1
1228720,3
1286895,3
1174187,6
1259743,6
1080782,1
1081659,6
1032423,6
1000595,6
1028999,6
1269404,4
1261988,3
1284488,4
1014729,4
1244939,4
1154488,3
1075352,6
1058711,6
1209325,4
1018317,3
1272188,3
1001443,4
1162844,3
1053264,4
1185803,5
1207314,6
1292268,3
1166331,5
1159672,5
1199193,3
1094335,6
1087454,6
1173492,6
1068942,1
1125441,1
1272516,1
1248455,3
1274430,3
1142014,5
1236458,6
1147691,6
1083011,4
1168023,4
1178832,5
1110592,3
1225013,4
1032450,5
1045036,4
1256795,5
1265709,3
1314754,3
1280045,5
1272982,1
1247203,4
1195568,3
1313609,3
1324291,6
1054688,6
1181236,3
1196333,3
1001754,6
1189070,3
1244055,5
1196697,3
1179871,3
1229706,3
1133228,1
1024283,6
1308553,5
1010022,6
1299654,3
1218711,6
1058911,3
1306537,4
1176674,6
1211842,3
1099467,6
1112268,4
1280884,3
1082301,5
1018615,6
1205454,1
1136101,3
1173642,4
1213443,6
1016874,3
1151598,4
1311562,4
1241080,4
1299189,5
1119045,3
1053576,4
1042650,6
1323125,6
1036043,3
1302701,5
1045494,4
1051656,4
1243919,4
1066696,4
1001896,3
1217560,3
1212183,5
1067555,4
1157940,4
1052147,6
1040489,1
1075121,3
1081138,5
1184531,5
1232330,5
1207858,1
1141786,3
1307835,6
1165285,3
1137127,3
1015543,1
1017918,4
1182615,3
1108322,6
1125219,1
1027011,5
1241612,3
1276980,4
1104014,3
1048107,4
1293321,6
1211421,4
1235316,4
1077830,5
1218838,6
1075835,1
1025986,4
1226318,4
1186560,3
1001815,5
1023415,1
1254523,6
1191756,3
1052588,4
1145438,1
1049211,4
1082228,1
1003226,3
1260674,5
1098949,6
1198584,5
1018517,5
1216944,5
1024275,4
1199470,5
1224645,1
1250053,6
1153113,1
1135584,3
1194815,4
1178031,4
1105679,1
1289185,6
1218131,4
1232221,3
1040995,5
1239424,5
1015239,4
1037117,5
1277687,5
1206722,6
1253831,3
1009973,5
1050017,5
1168495,2
1325767,3
1175725,4
1267807,3
1124069,4
1219438,4
1158786,5
1253997,4
1310302,1
1320547,4
1149115,3
1004725,6
1242525,6
1250809,6
1039775,5
1206464,6
1242917,3
1119723,6
1077164,3
1213635,4
1256841,5
1107385,5
1158823,4
1100471,4
1294789,6
1040595,5
1295614,4
1218671,1
1306913,3
1229323,1
1098061,4
1281078,3
1060096,1
1298535,4
1002235,4
1098818,6
1129391,3
1213224,1
1132823,3
1306469,4
1068833,3
1069179,4
1277956,6
1000760,1
1146374,5
1014315,4
1264860,6
1260543,6
1023612,3
1002732,4
1262811,3
1189936,4
1221721,1
1308332,3
1011545,5
1163868,4
1109727,4
1031387,3
1151955,6
1125936,6
1292852,5
1200912,3
1133873,3
1189652,3
1179433,1
1270795,1
1199405,4
1283007,3
1110300,6
1141081,1
1158763,3
1148907,6
1317426,3
1320636,6
1160780,3
1085268,4
1174821,5
1041438,4
1113969,5
1258363,4
1089450,3
1077761,5
1270759,7
1251913,3
1073748,3
1277058,6
1157001,3
1047686,3
1246440,3
1281150,4
1257974,1
1097988,1
1272599,4
1051169,6
1013835,6
1202583,6
1172719,6
1149432,4
1253832,3
1162259,6
1103013,4
1119795,6
1267018,3
1200422,6
1324381,6
1147932,1
1084082,1
1248128,3
1188346,3
1077691,5
1080063,4
1280212,6
1071021,1
1183009,1
1225866,3
1108253,6
1087884,3
1227279,4
1122924,1
1060277,1
1154704,6
1180205,6
1148712,4
1190291,6
1204813,4
1195385,6
1303015,3
1090767,4
1264370,5
1296961,4
1314152,4
1074785,5
1315488,6
1062289,5
1245097,4
1050783,6
1104305,5
1078302,3
1036705,6
1244472,3
1151236,4
1185048,6
1185174,3
1251060,6
1195964,4
1180689,4
1075223,4
1302584,4
1180457,5
1159086,4
1234375,1
1208620,4
1247721,3
1236573,3
1081323,3
1089041,5
1144221,3
1229157,4
1178387,6
1005256,3
1264241,4
1000355,3
1240675,3
1227694,6
1023038,4
1110383,3
1115314,6
1261173,3
1116399,4
1226149,3
1305361,6
1229463,5
1181940,4
1050366,6
1006316,3
1272117,5
1307745,4
1083778,6
1267144,1
1156455,1
1012380,3
1119478,4
1044148,6
1017404,4
1079923,3
1140357,3
1219235,3
1220629,1
1250805,6
1005672,5
1157114,3
1253034,3
1038197,1
1171724,4
1166886,6
1048714,6
1234434,4
1093538,5
1200140,4
1299163,5
1269804,1
1002250,3
1324570,3
1310335,6
1218536,5
1113440,3
1116065,6
1051184,4
1028276,5
1066679,3
1170046,6
1029617,1
1166273,1
1224695,3
1051219,1
1094179,3
1042817,3
1192519,5
1219823,5
1243453,4
1002156,7
1210299,4
1248331,5
1246672,4
1318664,3
1267671,3
1133800,3
1000489,4
1189343,4
1229886,3
1322087,4
1050877,5
1223676,6
1009178,3
1287091,4
1241224,4
1196827,4
1149537,3
1313507,1
1052545,6
1146734,6
1137164,4
1196910,4
1067512,4
1170445,3
1116859,4
1167074,6
1019833,6
1172882,4
1098859,5
1015796,3
1053379,6
1182521,3
1278864,1
1104374,4
1121615,4
1182889,1
1103819,6
1295973,6
1161199,6
1155131,1
1041589,3
1138690,4
1138597,1
1047073,4
1002754,4
1019716,6
1173144,6
1077598,6
1093618,5
1210795,3
1259639,6
1084861,5
1015416,3
1142040,3
1247550,5
1233214,6
1014243,1
1048091,3
1199321,6
1131030,6
1089542,3
1140895,4
1255704,6
1102285,3
1218573,6
1174218,1
1293480,4
1318930,6
1322874,3
1306589,4
1304741,4
1018388,1
1263890,6
1007738,6
1248405,3
1276887,3
1155970,5
1023561,6
1063133,3
1318029,3
1194487,4
1107059,3
1230940,1
1314490,6
1162703,6
1173039,3
1277681,3
1319125,5
1285146,5
1138291,2
1108389,6
1233195,3
1218446,6
1217456,3
1324283,6
1003167,4
1118898,4
1094268,6
1048577,6
1094239,4
1108613,3
1242841,5
1008142,6
1012292,4
1201737,3
1078763,3
1190994,6
1258747,1
1265348,6
1060241,4
1317767,3
1135319,6
1005292,4
1277048,5
1091662,6
1059440,4
1186291,4
1256721,4
1219622,3
1169201,3
1225278,3
1026808,4
1298497,5
1235620,4
1196767,3
1023525,5
1306247,4
1168230,3
1189061,4
1208844,1
1116581,4
1266598,1
1090695,4
1177819,5
1195907,3
1104535,4
1305750,1
1130648,4
1240060,4
1096519,1
1112991,1
1043965,4
1325613,3
1211328,4
1000005,4
1078681,4
1230059,4
1274020,4
1268803,4
1070317,6
1219990,6
1276794,1
1237257,3
1131780,4
1196352,6
1202713,6
1138535,5
1036682,3
1124487,3
1124735,4
1281352,1
1250855,3
1174423,1
1229405,3
1222834,4
1185196,4
1028727,5
1311242,3
1080612,1
1137944,5
1073109,6
1111707,4
1131588,2
1312388,3
1259469,5
1264399,6
1302335,1
1094121,1
1219724,1
1046910,6
1116204,4
1130859,4
1187985,4
1278818,6
1044845,3
1322663,5
1101280,1
1099549,6
1079698,4
1074654,6
1175453,1
1301234,6
1291101,6
1299081,6
1086239,6
1062363,3
1038682,3
1049637,4
1226977,6
1222884,4
1152252,3
1299191,4
1250781,4
1066240,4
1047408,4
1245863,5
1004238,6
1244191,5
1143358,5
1272436,5
1080741,6
1031506,5
1089529,5
1161661,4
1222099,1
1323919,3
1198559,4
1322074,3
1087320,3
1176773,4
1045148,5
1036668,6
1235529,6
1096517,3
1101184,3
1063192,4
1098431,5
1200765,3
1125902,6
1297219,4
1000893,3
1090152,4
1210856,6
1141808,3
1077436,3
1228400,5
1287205,3
1247018,6
1248353,1
1113821,3
1095596,4
1082626,4
1170891,1
1258134,6
1287625,3
1278628,3
1120418,1
1029680,4
1252277,4
1272987,5
1085417,6
1064534,1
1004566,1
1179450,3
1040400,6
1089165,4
1017995,5
1089532,3
1042983,3
1067646,3
1017123,6
1220203,6
1010351,3
1245720,6
1185282,6
1100490,4
1145643,6
1237266,5
1320946,3
1197324,1
1277962,4
1217043,6
1198978,6
1174862,5
1260731,6
1175490,5
1054894,4
1299792,6
1167182,3
1301730,6
1144786,5
1269041,4
1287919,6
1251839,4
1118027,4
1251354,4
1051683,4
1320342,2
1155646,4
1140014,1
1193547,6
1103763,3
1242542,5
1075189,6
1216105,3
1045786,1
1083113,3
1078820,4
1082481,3
1258048,1
1294768,6
1192700,4
1124254,6
1072165,6
1107734,5
1068242,5
1153695,3
1092030,3
1202184,4
1294153,6
1176909,4
1267797,6
1216110,1
1255011,4
1179558,6
1022210,5
1051817,3
1225616,3
1017251,4
1184163,4
1148926,4
1078708,5
1129925,4
1205602,3
1321300,4
1151089,1
1115054,3
1059061,4
1314917,3
1162179,7
1093479,3
1045283,3
1278748,3
1184757,5
1290059,3
1178431,3
1251235,1
1132482,3
1176327,5
1020363,6
1127582,3
1042169,1
1215038,6
1165508,3
1096764,4
1055855,5
1081096,6
1190480,6
1004256,4
1096183,3
1029195,6
1005958,4
1130354,5
1223122,6
1090879,5
1262391,6
1154903,4
1044967,4
1177549,1
1129230,6
1300273,1
1105971,6
1204229,3
1158078,4
1202858,1
1173997,6
1162935,6
1167101,3
1082869,3
1183988,5
1302726,6
1260570,6
1040353,3
1000773,3
1315855,4
1196251,3
1237081,2
1215980,5
1235227,5
1019083,5
1107044,4
1214457,1
1023158,6
1036102,1
1245630,3
1217375,6
1200254,4
1188830,6
1073243,5
1190857,3
1075165,6
1112845,6
1199570,4
1217924,6
1251356,6
1200178,5
1192217,3
1055255,3
1021716,3
1195983,2
1149069,5
1166553,1
1183153,6
1123422,3
1033050,4
1061262,6
1034339,4
1023894,4
1237709,6
1032006,4
1080661,4
1240850,4
1086934,5
1246378,6
1206898,5
1155844,3
1300989,1
1128156,5
1239704,4
1057428,6
1207669,4
1199604,4
1112976,6
1146838,3
1051108,6
1215047,3
1263783,4
1095120,6
1253654,6
1261231,5
1052250,3
1135597,1
1274152,3
1147996,3
1274324,5
1291455,1
1307947,2
1299753,3
1131190,3
1312747,4
1235949,3
1191535,4
1170620,1
1088249,6
1299153,4
1070742,5
1215085,1
1241420,4
1042391,6
1290468,3
1249013,3
1180601,4
1213653,3
1193831,5
1003401,6
1220531,6
1083261,3
1278603,4
1164585,1
1072921,3
1304771,4
1168178,3
1297430,6
1122354,5
1287389,3
1270469,6
1225344,5
1282015,6
1056269,1
1205078,6
1066343,6
1225794,3
1271880,6
1099871,4
1092632,3
1218659,6
1169226,5
1018047,1
1048056,4
1022692,5
1137987,4
1010448,5
1066746,5
1091985,3
1013398,7
1255379,3
1090978,5
1191317,3
1217707,5
1158259,6
1183202,2
1224183,6
1192703,4
1045533,6
1170859,1
1094573,1
1231378,4
1136836,1
1280552,1
1053545,4
1152955,6
1080468,4
1262644,4
1023668,6
1085872,4
1222123,6
1321331,1
1148512,6
1266530,5
1268011,4
1234173,6
1108897,6
1290896,4
1090728,5
1225370,6
1320276,5
1136783,6
1005177,3
1100611,4
1281420,6
1192084,6
1138382,3
1241604,1
1185546,4
1081930,5
1194460,4
1058170,4
1300535,5
1216368,5
1199374,4
1000357,5
1215478,3
1282672,1
1007455,3
1045355,3
1120344,3
1004854,6
1085042,6
1126097,6
1233024,4
1317838,6
1053359,4
1076454,6
1123345,6
1068459,5
1275991,4
1046364,3
1076146,6
1169470,3
1012167,6
1075231,5
1120885,1
1124263,3
1176408,5
1188006,4
1109109,4
1305122,1
1074091,3
1311053,5
1105243,3
1213613,5
1119515,6
1062002,6
1125042,3
1165198,5
1036886,4
1110789,4
1268987,4
1243038,2
1158696,6
1233823,6
1267907,4
1216648,4
1307706,4
1269605,5
1050650,4
1145880,5
1114601,7
1183855,6
1256371,6
1202685,1
1112487,6
1030579,6
1034959,1
1238486,6
1056081,3
1060761,3
1082428,4
1149688,2
1290697,3
1227767,3
1161272,3
1097514,6
1224758,4
1173251,5
1275178,3
1080519,4
1084570,4
1103547,1
1125290,5
1303116,6
1080824,4
1301912,5
1295923,5
1228624,5
1170999,6
1139943,4
1282094,5
1202009,4
1160205,4
1165816,6
1053498,5
1221808,3
1005367,3
1256451,3
1012125,6
1143965,4
1303181,3
1070323,5
1298576,5
1160312,6
1021146,1
1070840,6
1234841,6
1186780,3
1184612,3
1143602,1
1110925,5
1145357,6
1058328,6
1289898,3
1149805,3
1168567,4
1028207,6
1229341,5
1259173,6
1290921,6
1198661,3
1123151,4
1164961,4
1221095,5
1289167,1
1044120,4
1032781,6
1247797,5
1055418,4
1196301,6
1310931,1
1074022,3
1308668,3
1010443,4
1257086,6
1299204,3
1290693,6
1091684,1
1179521,6
1041273,5
1060981,4
1164589,1
1016485,4
1248088,1
1125427,4
1130884,1
1105349,4
1010329,3
1215184,6
1195846,5
1060334,3
1205600,5
1219598,3
1316538,4
1117954,1
1169578,6
1277561,2
1278931,5
1288063,5
1033389,4
1000537,1
1174736,5
1108046,4
1321234,6
1024433,1
1028715,5
1024535,3
1062236,5
1005573,4
1018126,3
1095424,3
1249717,3
1173357,4
1191563,6
1294176,3
1036129,6
1132987,3
1069268,1
1296128,5
1050862,6
1063316,6
1026345,4
1236887,4
1269112,6
1221986,3
1031797,4
1124614,3
1270534,4
1135795,6
1038818,3
1168893,3
1225350,3
1291599,6
1304914,6
1305099,4
1159989,6
1189972,6
1153841,5
1151735,3
1022408,1
1037679,5
1100348,4
1075686,1
1162716,1
1298097,6
1094368,4
1166994,6
1288833,3
1146532,4
1257129,7
1057096,3
1080797,5
1116532,5
1192299,1
1192567,3
1148438,6
1094523,4
1305605,3
1269650,3
1201028,6
1277606,5
1278618,3
1319044,4
1311304,4
1098332,4
1128990,4
1236304,5
1222918,5
1321053,6
1187919,5
1091682,4
1228374,5
1242465,6
1123002,3
1273199,6
1015440,3
1057469,1
1014461,6
1270159,5
1110887,4
1230825,1
1281085,5
1150445,5
1001312,1
1247694,5
1264359,6
1030562,6
1068666,3
1101694,5
1196433,4
1032743,6
1311795,4
1294415,5
1314296,5
1135083,4
1190912,4
1223081,3
1248926,6
1117202,4
1212201,3
1325012,4
1220128,6
1141988,3
1047515,4
1176299,5
1211069,1
1141428,3
1035586,6
1232076,6
1053611,3
1190961,5
1188182,4
1298041,5
1104160,6
1000778,6
1177576,3
1145698,1
1066292,5
1324353,1
1003533,3
1239359,3
1074212,5
1135084,6
1057132,6
1062978,6
1286439,2
1240553,6
1154198,6
1159523,5
1188895,6
1304304,3
1096032,5
1239194,1
1177711,1
1058487,6
1135292,5
1292396,3
1172838,4
1228174,6
1152273,1
1048002,1
1257109,3
1103296,6
1165480,4
1099677,5
1033718,4
1162917,3
1177055,1
1126366,4
1050180,4
1293400,5
1120746,6
1170719,4
1248360,6
1008874,1
1055242,3
1259599,6
1160683,1
1123527,6
1143019,3
1301972,4
1231097,5
1111800,5
1275107,6
1268035,6
1194101,6
1051973,5
1256836,6
1123720,6
1033260,4
1025197,5
1218028,6
1260682,5
1275519,5
1037232,3
1068259,6
1229999,6
1042131,3
1140808,3
1291995,5
1052080,6
1262405,3
1033129,1
1108531,4
1071285,5
1266829,3
1149983,7
1074266,5
1176178,6
1012112,1
1065783,1
1069637,6
1205678,5
1011510,3
1159664,4
1147292,6
1171637,5
1054843,6
1063982,3
1123767,6
1272007,6
1258097,6
1014255,6
1192198,6
1190242,4
1048768,3
1097425,4
1084374,3
1193994,3
1000651,3
1001888,3
1269640,6
1206669,5
1074141,4
1259776,6
1151884,1
1101068,4
1168870,1
1016840,1
1172847,4
1265404,4
1123819,5
1287815,3
1101007,1
1302277,2
1201981,5
1110333,4
1289979,6
1043942,6
1118349,6
1003569,4
1290088,5
1120057,1
1299674,6
1064348,6
1168771,3
1220714,3
1234364,3
1306073,4
1119421,7
1098316,3
1288430,1
1177359,4
1303060,4
1297834,5
1077746,1
1284766,4
1122509,4
1188863,4
1011769,5
1308729,3
1195289,3
1131324,3
1096760,6
1096468,1
1209241,5
1057945,6
1125073,6
1038206,6
1226832,6
1100826,3
1086997,6
1060318,1
1225157,6
1324045,4
1154897,6
1050935,4
1117540,4
1139802,1
1144950,4
1030113,5
1127227,6
1098204,1
1121216,3
1021727,4
1209829,4
1027041,5
1224472,3
1044732,6
1156584,6
1184361,3
1040124,3
1032568,4
1223757,4
1284567,6
1036083,4
1240122,3
1313597,3
1231322,4
1178073,5
1198618,4
1273615,3
1081892,1
1190748,6
1292779,1
1246623,3
1097277,1
1122588,3
1008072,6
1132983,4
1272928,1
1123743,1
1029104,6
1057240,3
1208793,6
1033923,3
1277448,6
1313160,4
1219743,3
1106748,4
1188779,4
1118277,4
1163063,5
1053094,6
1265580,3
1244258,4
1242940,3
1175271,6
1250275,6
1045620,6
1263606,3
1127996,6
1187186,1
1202014,3
1318566,3
1219217,3
1184451,4
1115758,4
1177944,6
1037131,1
1055174,4
1014288,3
1076628,6
1170942,3
1224381,4
1243059,6
1097529,3
1053755,3
1157850,5
1135543,3
1303624,3
1224531,5
1311757,5
1210571,6
1277361,5
1033085,3
1256083,6
1177410,6
1310493,4
1030790,6
1197790,3
1281415,5
1150181,4
1059846,4
1003447,3
1051053,3
1273841,6
1240141,1
1108985,1
1277145,3
1098967,1
1162695,6
1315032,3
1143080,3
1198529,6
1042944,2
1031048,3
1021098,6
1146729,6
1189316,6
1031662,5
1031399,4
1193265,3
1299828,3
1192739,3
1025304,7
1149694,1
1007088,3
1073843,3
1247697,6
1300211,5
1083573,3
1064128,4
1108223,6
1266531,5
1054470,5
1302202,6
1297697,3
1324152,3
1236610,3
1032337,6
1150278,3
1098956,3
1052698,6
1044113,3
1010953,5
1032434,3
1020772,4
1054733,1
1141253,4
1319100,1
1216010,5
1129380,3
1214475,2
1325787,5
1241128,4
1197133,6
1114021,3
1255503,5
1068495,5
1221254,4
1274196,4
1181958,6
1095744,3
1183092,3
1293284,6
1154790,3
1267981,5
1244486,4
1233795,6
1069558,6
1030555,3
1130681,1
1261943,6
1304390,4
1157408,3
1262705,6
1280410,3
1112314,6
1032220,6
1083808,6
1171912,1
1233702,3
1083349,4
1280933,3
1104947,1
1026505,3
1023366,6
1024297,6
1140620,3
1034215,3
1307920,4
1275765,4
1239080,1
1064001,5
1121346,4
1124618,3
1199393,6
1201385,6
1087160,5
1227056,4
1238040,6
1176184,3
1097835,6
1270975,1
1203918,4
1095031,6
1217716,3
1177553,6
1172146,4
1011742,1
1314618,3
1301059,5
1225688,4
1304776,4
1283980,1
1170412,5
1286530,1
1232714,4
1048751,4
1121638,6
1264148,5
1197807,4
1262941,6
1110849,5
1050961,3
1300293,4
1036054,1
1155206,5
1187526,3
1103747,1
1276209,6
1134892,4
1255135,3
1321497,5
1086411,3
1114640,1
1120557,6
1052969,3
1191949,6
1314219,3
1296076,1
1171377,4
1135288,4
1068115,3
1009237,3
1262154,5
1248340,3
1045170,4
1266203,1
1224450,6
1185157,6
1013644,5
1290656,3
1090291,5
1249815,4
1002327,1
1071791,5
1217197,6
1129441,6
1272171,3
1249524,5
1310980,5
1211432,5
1265657,3
1283208,1
1085000,5
1189347,3
1195365,5
1276607,5
1079250,3
1131373,3
1321924,1
1131851,4
1022879,5
1204851,5
1015291,3
1236387,4
1293224,1
1253139,1
1122767,6
1013234,4
1081453,3
1219148,6
1131593,3
1109800,4
1242549,1
1244309,6
1040926,6
1099702,5
1237447,3
1015223,1
1200957,4
1256444,1
1126229,5
1124878,3
1034183,1
1297003,5
1221134,3
1154691,4
1301815,6
1210827,1
1093757,3
1323159,6
1146435,5
1194400,4
1041397,5
1183606,1
1198271,3
1066976,6
1028396,6
1288350,1
1089809,3
1154557,3
1122547,5
1041675,6
1322103,3
1236311,4
1314698,3
1309823,1
1121896,6
1294156,4
1160080,3
1292199,3
1015839,1
1104921,6
1310145,6
1152151,4
1182191,6
1084799,5
1110819,1
1157822,4
1040437,4
1035459,6
1222951,4
1261939,4
1097764,4
1085276,6
1222568,3
1010705,4
1210056,3
1086874,3
1254333,4
1246150,4
1288739,1
1294327,3
1089342,4
1017733,5
1041412,5
1114453,6
1166023,6
1151498,5
1089633,6
1012660,1
1274012,3
1298009,1
1017105,3
1097489,6
1114881,6
1259221,3
1185819,6
1317785,3
1005641,3
1203188,4
1256678,6
1179679,3
1248930,3
1283270,5
1127538,3
1287247,3
1005236,6
1299715,6
1190584,6
1174417,6
1155429,6
1227358,6
1297562,6
1215667,3
1239004,6
1163685,3
1103297,5
1000100,6
1102342,5
1176465,5
1119965,6
1182256,2
1272035,4
1125350,3
1138700,5
1185805,4
1122421,4
1023649,6
1088864,4
1265078,3
1180575,4
1238887,4
1208266,3
1284378,6
1086107,4
1125476,4
1156396,4
1096329,4
1320884,4
1188210,6
1048256,3
1284985,5
1133502,3
1160659,5
1157222,6
1310491,1
1023470,4
1286050,3
1287780,5
1187751,3
1109055,4
1199394,4
1174248,4
1215716,1
1161982,3
1101353,5
1079383,1
1236749,6
1200809,1
1251310,3
1052434,5
1219627,6
1241489,4
1026232,3
1072361,1
1097059,4
1244867,4
1147589,6
1094187,4
1016844,1
1109589,4
1228304,6
1134778,5
1018367,1
1279763,3
1280483,3
1088699,1
1295619,3
1192574,3
1211909,6
1160435,1
1182350,3
1184778,6
1050441,1
1064176,3
1292469,4
1269104,5
1065708,4
1258814,3
1115061,3
1281425,4
1300448,5
1277344,3
1250197,4
1011926,1
1083845,3
1281571,1
1248421,5
1309878,5
1243682,6
1165145,4
1058278,4
1229165,5
1162000,1
1298591,3
1239491,6
1233897,4
1119293,4
1001627,6
1082117,1
1055141,4
1252221,6
1255217,5
1126347,3
1263265,3
1180529,5
1047985,3
1285662,3
1144529,6
1107595,5
1032606,4
1015121,4
1158302,4
1259391,5
1052256,4
1127408,4
1158489,4
1144743,3
1253784,3
1168044,4
1306759,3
1129980,5
1233307,6
1094862,3
1051595,5
1029689,4
1146452,2
1130475,4
1136051,6
1266417,6
1215106,4
1001820,4
1313880,6
1100344,6
1230377,1
1107953,4
1290323,6
1265628,4
1191484,5
1202197,4
1112152,6
1011335,6
1220890,3
1242084,6
1145042,1
1311243,4
1311096,4
1130799,6
1040896,1
1134203,6
1324345,6
1253365,6
1146767,5
1240761,6
1160129,3
1089431,3
1192229,5
1002016,4
1012004,4
1082109,6
1218756,1
1231437,4
1106990,4
1200410,4
1116492,6
1006134,6
1066671,4
1176683,5
1267306,1
1256011,4
1043812,5
1254314,6
1032043,4
1172797,4
1126930,3
1034666,4
1110430,6
1254000,6
1019253,5
1121193,4
1061754,4
1250696,5
1078418,3
1020042,6
1245735,5
1024592,6
1281422,6
1184643,4
1235020,4
1025303,3
1054023,4
1073698,1
1083240,4
1059545,3
1181021,3
1018269,6
1209372,5
1234073,3
1189407,4
1186455,6
1048477,4
1035717,3
1200053,5
1191057,6
1164081,3
1219472,5
1134958,4
1287749,6
1079135,5
1002851,4
1300242,4
1225822,6
1138354,6
1197727,6
1263819,1
1277062,5
1030668,4
1285562,6
1128506,6
1243265,4
1011457,6
1171327,5
1324829,4
1210354,2
1261625,1
1286369,6
1307937,3
1116678,4
1274595,3
1136114,6
1224567,4
1076240,6
1218510,6
1322836,6
1049130,3
1124188,5
1309639,1
1315083,5
1160351,3
1071891,3
1034782,4
1049497,4
1111789,6
1156039,4
1016881,5
1252641,6
1026338,6
1209182,5
1275368,3
1201602,3
1074134,6
1006788,6
1224824,3
1112714,6
1026130,4
1081998,3
1300572,4
1156879,3
1176475,6
1086634,3
1288779,1
1224855,4
1283377,3
1074603,5
1013522,6
1313175,5
1312172,1
1243646,4
1048055,1
1287035,3
1137107,3
1204032,3
1315539,6
1124580,6
1086486,4
1002098,5
1131375,6
1133153,1
1055691,3
1272772,6
1148939,6
1094362,5
1236507,6
1157304,1
1109865,6
1266085,5
1156603,4
1129064,3
1148616,1
1142799,3
1087666,3
1314529,2
1202491,4
1072889,3
1302850,3
1085887,6
1138192,1
1170097,4
1154838,3
1172011,3
1243316,4
1316436,5
1284843,5
1011705,1
1216680,6
1260601,4
1306384,5
1062273,3
1093678,1
1037033,6
1041127,6
1144342,3
1247907,3
1123858,3
1171140,3
1158299,1
1321958,1
1247696,6
1044398,3
1073645,4
1164021,3
1068441,6
1245090,3
1304403,3
1288368,1
1106991,6
1121596,3
1195705,3
1097862,6
1087246,3
1128979,4
1054275,5
1013699,4
1236469,4
1163176,6
1055436,6
1069750,4
1183544,3
1057042,6
1136617,6
1244832,1
1254229,5
1113086,3
1038332,1
1030655,4
1091980,4
1186550,3
1102349,1
1206588,3
1128996,1
1087323,6
1138636,3
1311083,6
1311822,4
1068344,6
1089595,4
1112064,3
1036055,5
1162075,5
1305470,3
1084096,3
1199059,5
1268799,4
1243710,1
1007864,4
1226283,3
1071389,3
1285796,5
1294240,6
1030865,4
1119523,4
1066212,1
1013838,1
1091337,4
1049420,3
1148575,4
1178141,6
1132282,3
1325380,3
1259328,1
1226202,3
1175069,5
1279432,3
1148057,6
1252397,1
1080001,3
1218443,4
1320267,4
1305262,3
1225554,3
1229015,4
1171226,1
1015358,3
1164848,6
1020016,5
1138380,1
1223163,6
1166198,3
1065154,4
1110111,4
1169079,5
1063670,4
1113666,5
1045257,5
1164276,6
1301982,4
1249731,5
1289255,6
1305595,3
1134750,4
1070142,1
1051192,4
1050343,4
1258845,7
1068992,6
1191094,4
1248198,6
1017761,3
1012995,1
1124105,6
1056866,3
1289449,3
1306435,5
1161702,4
1015857,3
1242335,1
1201449,4
1206061,4
1111684,2
1168946,6
1253508,1
1275012,4
1293454,6
1207445,3
1189116,4
1300369,5
1046481,6
1008543,1
1049086,3
1275484,4
1192352,4
1006664,6
1169042,4
1294622,5
1095113,3
1250606,5
1278820,3
1167534,1
1234860,4
1080193,1
1126145,6
1206530,6
1243506,6
1146849,1
1281392,6
1275002,4
1309186,4
1091716,3
1289175,5
1243307,4
1157956,6
1270796,3
1123456,6
1015274,1
1212561,3
1235741,6
1005172,3
1047268,1
1315365,1
1069844,6
1211338,3
1049147,5
1158041,4
1067925,4
1229988,3
1102205,6
1174464,3
1196238,1
1184572,6
1151252,1
1166212,3
1184445,4
1279426,3
1169046,6
1117840,4
1175425,1
1082123,3
1279889,3
1244942,3
1101649,5
1248312,3
1174697,6
1108858,3
1058395,6
1052831,3
1224704,6
1317440,3
1172141,1
1284592,5
1148924,3
1026098,4
1192722,4
1146863,4
1293099,1
1151556,3
1143702,5
1290555,3
1014422,3
1156361,1
1207734,4
1000712,1
1027789,4
1157995,6
1208819,6
1201265,1
1080415,4
1042396,3
1086035,4
1141660,5
1168719,6
1273133,6
1168951,6
1030911,6
1073204,5
1149671,3
1246140,1
1103141,3
1032344,6
1199685,3
1140485,6
1107061,1
1117713,3
1211512,4
1095008,5
1220472,4
1014586,4
1087538,1
1098331,6
1218546,3
1178011,4
1297446,5
1269336,3
1299797,4
1220392,4
1165442,3
1306724,5
1198222,6
1046546,3
1324459,3
1276875,6
1108790,1
1194357,4
1247858,3
1106741,6
1157859,6
1069379,6
1133474,3
1290104,6
1256810,6
1227062,4
1146114,1
1054678,3
1098370,3
1116911,4
1102009,4
1119627,1
1029631,5
1080384,3
1063716,4
1083216,5
1223103,5
1278615,4
1153864,6
1317125,3
1159468,4
1027301,3
1226324,1
1272367,6
1026758,4
1224148,3
1259437,1
1170509,4
1072959,3
1051852,5
1011138,5
1088833,3
1216779,1
1288647,4
1005526,3
1224471,4
1084778,3
1087256,3
1309221,3
1217513,5
1294895,6
1300104,4
1170452,3
1309673,4
1223425,3
1274715,4
1271873,6
1066604,3
1322940,6
1185625,4
1020411,6
1273728,1
1173161,6
1319338,4
1238356,3
1005044,6
1299987,5
1082709,1
1239749,4
1225715,5
1047925,1
1246963,3
1166469,6
1207512,6
1228539,6
1323203,3
1251261,4
1223128,4
1112477,3
1214849,4
1245455,3
1064078,4
1233301,1
1302083,3
1117297,4
1035618,6
1004127,5
1163192,3
1094910,5
1014970,3
1128850,6
1052334,4
1049893,1
1169445,1
1008247,6
1270928,5
1263938,1
1070478,6
1015819,5
1305100,3
1224861,5
1192932,4
1211550,5
1114340,6
1310055,4
1166089,6
1179156,3
1069741,6
1216362,3
1097991,6
1191880,1
1030411,5
1126975,3
1018134,4
1304658,1
1175695,6
1296473,5
1271697,6
1205793,5
1132193,3
1127349,1
1171523,6
1040729,3
1070083,6
1276255,4
1165272,4
1114120,3
1004116,6
1066375,3
1083770,5
1063210,5
1276647,5
1124854,4
1204805,1
1298809,4
1249378,4
1008559,1
1323091,2
1099760,6
1268720,5
1040967,3
1067729,4
1105899,3
1184874,1
1132320,4
1306405,3
1002738,3
1013438,3
1025449,4
1071315,1
1146881,6
1132178,4
1117129,5
1021376,5
1036276,1
1065596,6
1299955,5
1015657,1
1010830,4
1156549,4
1039212,3
1232276,6
1299471,5
1054132,6
1172717,5
1113565,1
1271895,4
1050838,6
1318561,3
1124711,4
1242984,3
1142363,3
1134932,1
1000589,3
1151427,3
1016129,3
1271774,1
1185255,5
1064622,6
1127940,4
1082406,6
1063113,3
1173858,5
1255961,4
1173647,5
1148880,6
1299281,4
1192801,6
1075394,4
1299410,5
1278787,4
1291880,5
1039796,1
1305040,5
1152237,3
1060705,3
1245635,3
1285959,6
1186328,3
1131220,3
1297604,4
1285600,6
1022228,3
1001589,3
1118221,5
1085171,3
1073523,3
1208539,3
1068760,4
1223692,3
1111830,5
1241920,1
1229068,5
1277119,4
1305424,4
1220173,6
1154943,4
1165053,6
1096983,4
1192061,3
1113940,5
1096365,2
1185345,3
1024783,3
1159371,3
1075961,3
1033583,6
1323920,4
1247564,3
1237705,4
1163260,1
1307894,1
1242034,6
1109013,6
1236446,4
1107863,2
1150890,3
1217227,3
1086326,6
1149206,3
1005441,1
1093025,5
1228316,5
1316789,6
1175101,4
1158357,4
1216410,1
1058822,4
1094024,3
1202644,4
1124719,3
1314342,4
1165535,6
1005528,6
1184554,6
1017793,4
1080911,4
1155846,4
1130522,4
1049084,4
1022444,6
1229658,6
1062031,3
1283897,5
1270124,6
1154666,3
1223470,6
1013946,3
1066040,4
1091947,1
1102445,6
1170994,3
1122668,3
1276904,6
1227075,4
1318239,3
1112156,3
1124015,6
1204305,5
1260818,6
1316623,5
1215974,1
1156841,5
1218603,1
1131587,3
1153627,3
1132576,3
1182154,3
1317029,1
1024618,5
1324031,5
1310730,4
1066223,3
1136591,5
1292590,4
1119469,5
1082725,6
1172140,5
1103103,6
1234866,1
1046469,3
1169596,4
1184753,6
1027493,6
1111069,3
1040583,1
1195535,5
1039217,6
1099859,4
1171192,1
1182721,6
1152261,4
1137592,6
1058782,2
1301209,3
1193022,4
1251008,1
1063408,6
1088102,5
1114203,6
1128474,6
1205644,4
1010930,1
1185733,5
1179779,3
1246070,6
1222073,1
1181954,4
1059075,4
1257293,6
1259493,4
1314772,3
1242951,1
1242059,6
1087524,4
1113199,4
1200203,1
1175890,5
1201427,3
1138456,6
1277784,6
1047742,4
1298083,3
1026414,4
1325127,5
1262186,6
1291974,3
1158304,3
1053984,3
1210222,1
1176021,3
1091338,6
1314083,5
1153271,4
1178328,5
1186441,1
1104877,6
1209223,6
1231753,6
1236623,4
1264226,6
1257258,3
1325496,6
1042823,3
1106113,5
1177661,1
1317762,5
1231802,2
1158660,5
1215491,4
1184336,4
1233269,3
1074622,4
1003567,6
1198601,1
1245426,4
1290598,4
1245950,6
1033408,6
1062835,6
1091897,4
1148591,3
1079865,4
1194872,1
1034842,5
1138906,6
1027922,4
1010232,4
1038316,4
1189842,3
1263742,1
1094032,4
1086862,5
1259031,4
1116748,6
1198446,3
1258805,5
1200134,5
1132236,3
1132086,1
1180543,3
1187991,6
1018799,5
1070144,6
1185476,1
1063564,1
1054055,6
1247652,1
1063747,3
1216324,4
1120225,6
1209516,6
1193030,1
1032737,6
1276442,6
1015454,3
1284102,1
1177822,3
1303772,1
1163093,6
1180513,6
1146765,3
1123817,5
1165140,6
1070045,6
1157206,4
1050683,6
1272511,4
1058222,4
1038833,3
1066613,3
1158841,3
1030699,5
1152705,6
1311897,1
1272641,4
1012039,5
1220765,4
1137053,6
1055883,3
1164068,4
1018634,3
1128749,3
1080728,3
1110686,5
1163070,5
1284187,3
1315231,1
1094713,6
1284465,1
1299843,6
1243228,1
1242264,6
1177770,6
1020357,5
1179981,6
1121801,1
1175907,5
1022358,4
1292059,6
1068715,5
1289834,4
1253704,6
1031305,6
1173739,6
1087051,1
1002316,5
1283536,4
1227632,1
1162707,5
1230041,5
1288862,1
1142108,5
1162151,4
1274674,4
1190358,5
1222722,6
1100391,4
1269057,4
1105099,3
1316982,3
1178254,1
1220502,3
1166668,3
1050014,6
1269370,6
1069605,1
1073515,4
1259434,4
1293549,3
1187035,3
1298099,4
1147221,3
1265541,3
1277652,4
1305850,1
1085557,1
1060628,6
1012303,6
1218349,3
1265155,3
1000776,1
1197941,3
1237688,4
1232198,4
1049919,3
1087584,6
1252075,6
1114920,6
1014086,6
1228030,4
1296233,5
1073585,4
1028560,3
1313204,5
1303708,4
1017690,6
1136841,4
1097379,3
1212869,3
1264761,3
1118024,1
1076647,3
1039227,4
1187492,4
1171959,6
1004101,5
1214111,1
1256825,4
1251545,6
1272780,3
1280480,3
1112290,6
1048175,3
1061777,5
1182955,6
1221615,3
1182308,6
1166235,4
1278561,4
1285376,6
1144869,3
1012579,6
1110816,6
1072330,4
1181085,1
1020498,1
1031893,6
1263482,3
1024817,3
1090279,3
1043947,6
1251419,5
1297424,3
1011996,6
1083291,4
1176276,3
1324659,6
1270564,6
1194051,5
1008113,3
1183061,3
1299838,3
1226509,5
1150205,4
1239435,6
1131214,6
1212895,5
1165979,6
1060064,1
1281278,3
1124339,3
1097939,1
1253450,3
1070512,6
1157913,6
1053267,6
1023849,6
1194166,4
1169809,6
1104070,1
1048800,6
1262479,4
1286407,1
1035508,3
1226499,1
1025982,6
1144857,6
1193540,4
1087395,3
1217690,4
1277362,1
1186997,6
1281436,3
1136736,6
1034451,6
1254816,2
1070060,3
1203443,3
1217649,5
1172621,6
1175730,6
1172924,6
1256776,1
1006637,6
1171180,6
1035774,6
1016146,2
1205097,6
1083102,3
1312546,6
1014884,3
1277749,3
1207558,5
1192136,1
1243364,3
1228985,4
1306862,6
1191521,6
1066042,6
1030434,6
1127969,6
1023196,3
1227024,3
1273475,6
1152022,6
1236142,6
1022355,3
1167876,6
1312954,4
1324759,4
1167905,6
1138342,3
1221520,3
1269883,1
1121807,6
1292252,4
1151762,3
1253344,6
1090658,3
1065173,6
1166496,3
1155241,6
1277780,6
1254140,5
1116908,3
1154852,4
1188146,5
1205709,6
1134719,3
1022469,5
1254232,5
1192344,5
1127841,6
1130035,1
1182775,4
1236384,6
1318311,1
1007601,1
1223657,4
1102020,5
1034447,2
1291999,4
1138459,6
1218341,6
1008502,3
1022792,4
1251854,6
1255252,3
1296543,5
1236032,1
1174670,1
1217087,3
1216722,4
1256457,3
1177495,3
1260347,6
1225112,4
1123219,4
1179284,6
1191174,5
1123327,4
1060505,3
1127553,3
1142981,1
1185720,5
1086158,5
1245160,1
1249193,6
1172115,5
1237169,4
1188580,4
1196450,6
1249369,4
1204591,6
1167069,6
1265063,6
1035836,5
1140314,6
1234827,1
1295016,4
1196801,5
1060930,3
1184214,1
1185883,2
1281787,4
1118558,3
1284042,6
1045306,5
1300353,4
1003836,4
1067904,3
1166337,4
1231155,4
1120248,1
1167195,5
1116990,1
1166603,6
1101549,4
1146933,3
1015523,6
1046618,5
1218340,1
1303102,6
1131408,4
1269820,3
1195209,4
1289348,3
1161250,6
1259435,4
1266068,3
1179007,6
1279712,6
1024528,4
1315295,3
1233046,4
1096686,3
1144169,4
1272358,4
1085176,3
1111302,1
1099665,4
1128855,6
1003736,6
1305558,3
1145025,3
1108601,6
1257482,4
1217200,6
1302254,6
1107937,4
1203883,5
1162732,3
1094262,6
1204645,3
1237746,6
1081543,4
1156792,6
1244641,4
1224495,5
1044716,3
1219086,4
1203828,6
1157581,5
1108362,3
1025212,5
1213584,5
1325169,3
1003204,5
1231296,6
1036209,4
1178373,4
1299589,6
1058701,6
1108472,3
1050510,5
1074675,2
1279666,3
1318421,4
1169909,6
1067540,4
1032263,5
1082266,1
1124114,3
1043693,1
1175837,5
1162711,6
1255030,3
1225686,3
1031942,4
1118578,4
1086599,5
1320046,3
1119066,5
1235568,5
1285853,5
1302938,4
1266737,3
1108064,4
1156934,4
1230867,1
1217464,4
1308604,6
1205658,6
1252866,5
1155882,3
1274158,6
1079518,5
1055215,5
1008602,2
1085531,3
1087465,5
1239093,1
1153817,5
1133090,1
1270969,5
1201907,3
1299566,5
1053029,4
1315540,6
1311200,5
1310148,4
1216380,5
1298074,4
1325532,1
1034300,5
1145352,4
1212067,3
1271436,1
1156104,4
1128386,5
1280643,5
1286747,1
1022960,4
1114578,6
1145883,3
1319706,3
1078655,3
1093406,1
1021218,5
1013128,3
1139405,6
1141448,6
1197111,4
1305359,1
1117483,3
1318783,3
1191110,4
1102882,3
1082806,5
1134504,1
1143558,3
1133883,6
1210620,4
1267835,4
1100477,5
1272601,5
1053711,4
1033156,3
1101342,3
1052743,3
1295869,1
1226297,5
1083614,5
1039755,4
1231684,3
1139837,4
1321158,2
1308628,3
1170560,3
1094129,4
1069742,6
1213546,5
1047671,3
1139958,4
1164817,4
1063943,6
1224097,4
1007097,1
1128308,4
1091175,5
1158305,6
1095815,6
1083386,6
1138785,4
1003003,6
1080105,5
1223973,4
1203758,3
1217231,5
1279824,6
1116309,4
1086425,5
1008234,6
1033747,6
1209526,6
1106899,1
1314327,6
1199774,3
1074778,1
1093352,5
1211468,6
1164096,6
1121767,6
1140654,5
1120086,4
1084284,3
1194038,3
1025161,3
1264051,4
1127876,1
1214946,6
1246367,3
1247890,4
1006893,3
1249346,6
1091467,6
1280876,4
1156468,3
1065320,3
1190773,6
1164982,4
1179563,1
1104017,6
1199213,3
1076603,6
1244574,1
1277082,5
1162842,4
1051310,1
1197586,4
1134006,7
1289692,4
1244187,6
1044169,5
1225780,3
1077980,5
1090748,6
1152639,4
1256232,5
1210798,5
1022916,4
1092957,5
1239476,6
1071777,6
1015375,6
1004812,6
1152953,3
1276273,4
1208095,4
1054482,6
1010148,5
1222129,3
1248621,6
1153121,5
1067395,6
1126523,1
1021911,3
1283788,3
1316685,3
1001304,5
1037017,6
1248307,4
1016589,3
1254044,5
1072065,6
1182104,3
1009769,3
1153145,3
1183821,5
1266574,3
1213197,6
1025560,1
1221484,6
1086613,4
1036813,6
1113599,3
1228798,6
1313073,1
1261388,6
1186182,6
1102987,5
1140322,6
1321540,3
1042475,6
1266644,5
1014814,4
1075693,3
1317347,4
1112812,4
1140129,3
1195473,5
1195150,6
1033239,3
1123580,5
1198612,3
1311785,3
1306064,3
1269801,3
1316349,3
1201395,5
1286983,4
1011480,3
1269852,5
1162949,1
1097013,6
1053322,3
1079740,6
1050494,1
1310589,6
1183196,6
1177763,5
1045680,4
1144051,4
1100333,7
1131763,6
1045688,4
1039131,6
1220443,3
1173716,5
1091686,3
1122770,2
1220901,6
1164686,6
1212916,4
1305664,6
1301537,6
1152994,6
1142018,5
1233274,6
1165682,5
1073060,2
1151422,6
1068018,6
1238648,4
1142725,6
1208016,1
1230891,3
1236662,4
1069116,3
1195943,3
1209104,1
1187262,3
1031674,6
1051308,5
1081614,4
1003217,6
1023296,5
1320864,4
1261592,2
1145199,1
1144205,5
1263336,3
1280645,6
1223218,4
1195446,5
1259034,6
1133701,1
1056014,4
1105072,6
1113799,5
1051590,4
1185265,3
1106702,6
1138993,6
1251524,3
1006920,3
1076255,3
1032657,3
1313114,3
1051858,5
1217181,4
1304269,6
1102421,1
1092851,5
1283228,3
1160079,5
1073521,3
1181913,4
1206306,6
1205195,5
1315258,3
1062883,6
1292796,5
1150192,6
1244349,4
1048202,5
1140238,6
1211781,3
1167045,4
1204562,6
1030846,6
1207304,1
1163327,6
1062386,4
1065944,5
1179086,4
1209638,6
1315928,3
1270365,4
1144565,1
1151713,6
1123273,5
1063859,4
1260546,5
1272049,5
1022466,6
1260379,4
1245235,4
1282934,4
1109832,4
1051722,3
1204482,1
1206358,3
1072603,4
1080345,5
1142760,3
1103398,6
1019349,3
1266922,6
1013970,1
1123949,4
1005927,4
1096064,3
1004598,3
1245398,4
1317231,5
1159867,3
1295564,4
1318067,4
1076210,1
1170102,4
1080857,4
1290408,4
1062398,3
1307510,6
1156669,3
1111078,6
1214099,5
1311393,5
1195275,4
1147299,6
1171483,1
1148869,3
1269446,3
1250997,3
1239059,6
1138742,6
1169830,3
1294972,1
1250599,6
1086103,4
1285172,6
1228277,3
1246535,4
1096919,4
1068886,1
1112571,4
1017140,6
1252579,6
1223154,4
1176746,6
1115898,5
1287341,5
1211783,3
1268738,4
1118616,6
1111471,5
1126485,3
1029883,6
1299859,5
1252637,6
1254864,1
1231121,6
1075402,1
1070320,3
1054442,6
1100163,1
1196584,3
1120871,6
1135446,4
1219039,6
1285636,6
1031741,3
1241858,3
1096478,5
1258195,4
1009717,4
1058677,4
1265828,4
1180876,6
1173938,6
1057908,5
1269315,4
1289921,6
1080722,3
1021954,5
1308613,6
1311167,6
1242510,4
1042699,6
1029049,5
1179323,1
1085016,3
1174585,3
1213764,3
1056071,6
1062340,3
1305937,5
1292689,5
1219957,6
1119434,4
1285977,6
1034178,4
1219083,3
1006261,4
1167256,5
1244572,5
1224169,4
1324310,2
1256312,5
1129951,3
1003112,1
1001582,6
1039283,3
1255094,5
1312272,6
1292803,5
1219002,3
1257445,4
1166697,4
1172915,3
1160362,1
1308928,5
1178242,6
1198064,3
1260758,4
1069752,3
1117343,4
1135521,3
1005122,5
1168945,3
1322711,3
1162569,1
1114620,4
1026163,3
1222746,4
1025682,1
1324515,3
1136348,1
1081448,3
1147796,3
1312338,1
1153100,4
1065941,4
1065743,4
1002094,3
1238693,3
1157014,5
1211516,3
1113625,6
1006459,1
1059305,4
1141606,6
1019219,6
1217891,4
1066037,4
1086746,5
1014494,5
1158388,6
1104543,4
1182635,3
1076447,3
1046179,5
1076331,3
1095516,5
1017864,1
1310474,3
1117474,6
1157815,4
1146570,5
1015535,4
1145287,6
1053634,4
1219114,3
1310261,5
1183237,4
1262467,3
1055451,4
1128160,4
1092942,4
1239575,5
1074322,4
1072995,3
1114999,6
1268280,1
1118306,4
1191969,4
1305081,6
1075524,1
1102543,3
1173222,3
1000483,4
1059060,6
1229138,6
1110270,5
1218063,5
1040545,6
1121433,5
1195923,1
1190060,5
1037170,6
1164946,5
1101467,3
1085158,6
1220316,3
1034881,3
1236194,5
1038469,7
1097367,5
1008418,6
1107599,3
1082297,4
1044683,1
1010889,3
1219773,6
1313110,3
1231089,4
1039391,5
1216892,3
1148959,6
1176068,1
1304454,6
1258736,6
1084617,6
1128292,1
1159671,3
1141829,3
1250787,6
1211750,4
1105956,1
1012044,6
1118489,6
1079315,3
1090276,4
1011105,3
1019781,6
1070928,4
1267822,1
1200880,4
1241659,6
1297885,6
1240317,3
1151213,3
1299782,1
1023512,6
1240081,4
1016603,2
1275537,3
1225563,1
1024406,4
1011322,4
1321785,6
1243106,1
1041372,3
1129471,4
1193224,5
1216146,4
1280892,4
1090185,6
1142350,6
1161597,3
1278981,5
1096561,6
1142632,6
1121286,5
1102124,3
1156734,4
1239490,3
1030741,6
1220314,3
1006303,3
1037593,4
1317861,4
1118383,6
1299050,2
1258079,4
1308164,1
1309921,3
1214424,3
1287897,5
1033386,6
1081577,6
1091348,6
1015321,1
1256113,3
1122195,1
1282701,3
1310029,4
1324492,3
1121027,3
1096775,6
1251411,3
1059939,4
1097596,4
1249399,6
1273807,4
1202438,4
1284286,6
1203340,6
1270490,6
1276092,4
1093621,5
1318925,6
1217730,3
1001076,6
1182851,4
1000765,6
1041720,4
1097879,5
1280295,5
1237148,4
1154367,6
1087362,4
1287113,6
1217886,6
1254251,5
1313678,4
1317845,3
1153330,1
1140694,3
1084484,3
1147588,6
1004088,4
1211983,4
1057825,3
1311004,5
1206422,4
1000547,6
1252595,6
1148744,5
1042174,6
1116312,3
1208418,3
1118915,6
1147647,6
1186361,4
1062037,6
1005264,3
1286958,5
1150200,4
1306601,4
1028037,6
1193039,3
1041930,1
1309119,6
1163108,4
1147353,3
1152510,3
1111739,6
1104884,5
1243235,6
1063661,4
1023361,4
1115293,3
1164539,1
1153808,1
1272529,1
1311323,3
1026363,4
1184486,1
1305255,4
1241588,4
1033136,1
1055617,2
1079010,5
1004506,6
1083347,3
1137766,4
1131426,3
1027663,5
1300035,4
1147911,4
1146831,3
1153008,1
1243779,6
1304179,4
1230991,6
1230928,3
1325659,3
1006833,1
1008288,5
1172130,1
1276028,1
1011047,3
1161157,3
1034578,1
1175835,4
1070494,6
1317758,5
1211424,6
1301094,4
1216022,4
1313614,4
1203415,6
1204118,4
1226020,6
1126205,6
1015426,6
1141267,4
1157640,6
1151631,5
1193858,5
1174774,4
1291668,6
1267898,5
1317494,6
1167519,1
1101990,4
1205760,4
1053055,5
1067653,5
1063637,2
1150595,5
1286142,5
1228054,1
1061259,6
1269922,6
1081289,1
1274963,5
1019991,3
1086935,1
1290773,6
1311450,4
1290675,4
1193646,3
1078606,3
1091333,2
1111809,5
1193393,1
1214756,3
1262802,6
1298272,5
1119020,3
1102068,6
1163125,6
1205809,6
1209235,5
1246240,3
1292753,3
1130047,3
1096174,4
1298632,4
1186368,6
1304040,6
1129050,1
1239681,3
1077526,6
1288399,5
1263282,6
1022012,6
1117122,3
1136207,5
1079487,6
1127258,3
1117173,4
1295540,3
1136763,6
1144072,4
1287339,6
1092658,6
1289037,4
1296654,3
1035420,1
1142122,3
1111012,6
1045018,3
1319328,6
1022412,4
1250460,6
1211335,1
1229987,4
1244628,4
1307472,6
1214566,5
1249519,6
1058833,6
1295713,5
1120157,6
1105259,5
1309662,6
1096279,6
1294161,6
1127165,5
1157328,3
1141102,4
1175292,1
1014574,4
1187956,3
1223954,6
1116972,4
1275781,3
1306017,6
1006008,6
1189461,4
1061291,4
1323996,3
1091106,1
1196759,1
1202699,3
1193782,6
1048468,5
1264582,6
1276686,6
1031493,3
1090507,3
1181982,4
1027316,6
1231622,1
1228544,4
1070857,6
1304703,6
1013324,6
1008515,5
1257298,6
1008028,5
1057890,5
1089953,6
1015544,3
1282939,5
1088309,3
1058372,1
1235003,4
1106875,6
1193523,3
1264224,3
1234991,6
1286525,6
1192713,5
1188619,6
1162692,6
1144838,1
1142667,5
1186824,5
1291224,6
1187520,1
1267739,6
1111324,3
1316385,6
1062179,3
1214994,6
1260814,1
1198401,6
1061089,5
1198397,1
1019867,5
1179184,6
1286002,3
1196411,4
1237236,4
1149259,3
1035313,6
1081109,6
1122023,4
1214362,3
1272905,3
1003701,5
1111246,2
1136254,6
1123850,6
1143538,4
1299823,1
1135409,4
1004573,6
1215112,1
1304128,3
1153593,1
1153753,3
1056419,6
1192177,6
1140891,6
1146527,3
1149920,1
1045344,4
1162144,6
1055806,1
1057226,3
1279014,4
1096683,5
1054413,6
1322090,6
1150438,6
1067342,1
1202728,4
1101278,5
1103665,6
1143544,1
1248131,3
1114611,5
1032748,3
1100041,3
1028512,1
1005862,3
1052296,5
1226343,6
1285343,4
1202967,5
1292395,6
1176023,3
1014223,6
1234194,3
1106530,3
1084425,6
1237181,5
1204142,3
1316966,5
1093295,3
1174543,5
1079821,6
1037885,4
1062282,5
1036963,5
1017395,6
1283691,1
1073577,3
1229695,6
1062739,3
1181691,4
1022588,5
1245436,6
1229632,5
1257919,3
1158891,6
1064182,6
1182058,1
1094586,6
1094869,3
1197768,3
1071660,5
1237990,6
1195493,1
1297023,3
1015342,4
1044587,4
1072974,4
1006849,3
1283018,6
1319805,6
1238703,3
1095954,1
1217770,5
1094017,5
1162546,6
1125606,6
1015427,6
1000235,4
1074999,3
1071007,4
1290998,4
1205365,3
1118716,5
1309671,4
1022173,3
1288216,6
1201916,6
1114661,6
1232655,6
1185706,5
1216267,6
1181112,3
1040790,3
1172353,4
1009359,5
1206900,4
1050155,1
1187920,5
1184938,4
1242545,6
1312047,4
1100731,4
1096122,3
1296447,5
1183448,6
1081466,4
1254530,4
1003274,4
1104614,5
1036895,3
1241950,1
1109844,1
1163384,5
1049064,6
1226665,5
1173677,4
1253977,3
1089826,4
1122758,4
1046082,6
1200914,6
1232748,6
1216529,3
1294712,3
1262172,6
1163181,5
1219147,4
1064760,1
1195621,6
1231845,6
1015029,5
1076208,4
1105778,6
1017087,1
1282854,6
1214305,6
1066762,5
1228290,6
1123594,3
1159633,1
1112701,4
1140886,5
1007847,5
1187909,3
1187153,6
1319648,4
1305395,4
1019989,4
1304803,6
1212153,6
1278039,3
1292285,4
1249867,3
1125245,5
1011483,4
1167742,4
1149692,4
1167588,6
1244467,6
1146194,3
1192361,3
1241541,3
1060123,3
1151547,1
1016358,3
1295151,6
1096728,6
1262035,3
1086502,6
1235286,4
1225250,6
1299363,1
1068160,4
1162677,4
1247120,6
1228149,6
1135759,1
1297345,1
1214075,1
1240502,3
1030592,3
1071627,6
1051011,6
1199118,5
1168317,6
1043744,3
1104772,5
1292579,1
1227405,1
1159866,6
1048159,3
1281637,5
1045984,1
1009993,5
1292372,1
1090079,3
1178712,5
1129365,3
1038799,4
1102333,4
1000713,3
1324607,4
1211235,6
1146785,3
1018889,4
1026966,4
1246541,5
1020206,1
1018361,1
1264927,3
1224826,6
1209266,1
1282649,1
1285530,6
1201844,4
1173460,3
1127042,5
1248823,6
1265264,4
1158878,3
1231915,3
1120370,3
1007162,3
1309133,6
1021373,4
1072703,6
1231841,1
1296686,6
1184406,2
1166461,4
1014774,4
1288342,3
1200379,3
1273670,4
1115985,5
1237037,1
1053496,5
1091798,3
1178905,6
1252144,6
1164396,5
1001856,4
1241383,3
1237944,6
1089888,4
1176899,6
1305121,5
1276386,3
1065584,6
1164252,1
1205081,1
1202569,3
1143047,4
1196540,3
1068853,1
1208941,3
1274727,4
1201371,1
1069956,2
1098748,6
1181232,3
1109863,3
1012883,4
1253245,6
1310543,6
1162623,4
1281169,4
1164809,1
1122756,6
1044351,6
1024469,1
1297061,4
1324236,4
1148032,6
1202241,1
1184339,4
1262412,3
1092594,4
1167957,4
1309801,1
1212020,4
1053044,1
1170775,6
1095603,3
1246837,3
1295655,5
1060295,3
1036613,5
1018050,5
1092766,4
1136519,5
1014943,4
1042799,1
1152711,4
1097823,6
1159238,4
1027981,1
1257893,6
1230110,4
1145387,4
1238089,3
1191562,4
1274771,1
1159981,6
1114466,6
1177630,3
1239978,4
1036504,6
1176365,6
1072319,6
1277623,1
1148731,5
1213089,6
1306314,3
1230509,3
1203498,5
1140457,5
1284684,3
1315401,3
1071681,5
1109071,1
1295373,6
1287452,6
1104047,6
1133541,6
1047822,6
1010163,4
1257261,3
1040618,5
1132375,6
1207515,6
1170553,3
1096820,6
1299368,6
1025740,1
1305287,1
1192971,3
1048069,4
1039254,4
1099009,4
1243281,6
1309726,1
1068284,6
1122707,5
1158443,3
1009238,4
1084530,5
1288930,6
1323237,4
1040622,3
1128972,6
1139746,5
1294639,1
1302678,3
1087345,4
1183095,6
1096727,4
1106275,1
1309049,4
1289919,4
1099172,5
1145608,5
1098223,1
1130209,4
1191895,3
1094623,3
1005099,6
1197082,3
1285094,3
1076766,4
1098147,4
1267245,4
1089446,3
1295046,6
1125147,6
1241362,4
1307249,2
1181996,4
1065027,4
1196633,4
1152347,3
1208687,6
1271728,6
1065105,6
1044438,6
1186786,1
1020812,3
1198653,3
1155343,3
1128911,1
1123420,3
1112857,1
1322534,4
1137226,6
1095788,3
1113577,3
1037144,5
1141312,6
1117010,6
1170803,2
1102307,6
1061606,4
1119272,4
1060952,4
1080484,3
1062521,4
1221554,1
1286127,5
1241278,3
1139105,3
1036596,3
1222427,4
1142940,3
1169815,3
1091380,6
1060949,5
1052487,1
1218387,4
1316940,2
1125342,6
1050246,3
1073487,3
1192729,6
1036045,1
1102674,1
1251341,6
1265702,3
1297158,1
1076768,3
1222161,6
1194626,4
1122315,6
1221039,6
1052230,3
1144499,6
1027524,6
1266239,4
1008759,6
1077631,1
1013813,6
1232266,4
1108525,5
1052172,3
1090543,4
1095581,3
1078367,6
1305392,6
1288292,6
1136398,4
1084952,3
1101390,1
1036323,7
1035841,3
1236909,3
1127670,6
1096020,4
1022322,3
1181823,4
1103362,3
1185885,5
1081452,4
1261923,6
1138336,1
1018712,6
1273628,6
1018090,4
1048168,4
1282052,4
1262949,5
1083940,5
1113936,1
1045700,1
1267866,6
1043948,3
1015096,3
1133071,3
1117102,3
1323995,4
1185673,3
1203637,3
1026074,3
1290251,3
1031419,3
1240743,3
1148779,3
1052713,6
1060358,3
1161986,3
1150690,3
1101579,6
1000238,6
1024147,4
1060121,3
1052587,4
1150266,1
1072347,3
1107228,4
1140364,4
1279116,4
1193203,5
1071213,2
1181752,4
1306347,6
1048968,3
1051222,4
1113984,6
1276087,6
1031129,3
1041696,5
1164052,4
1006677,1
1091498,6
1228764,4
1298263,5
1278674,1
1175448,6
1239016,1
1083740,4
1107295,5
1318520,4
1222247,4
1008497,3
1293767,3
1017095,5
1220258,2
1189333,1
1271877,6
1311434,6
1160341,6
1132787,3
1209063,4
1005600,4
1245568,1
1139204,3
1160327,4
1302614,5
1027225,4
1076932,4
1217038,4
1237952,6
1023513,4
1292211,6
1033903,6
1018156,6
1063076,3
1140621,6
1123246,4
1209618,6
1013296,1
1062786,4
1067328,3
1036821,3
1299443,1
1076047,6
1309310,3
1284484,4
1235162,5
1232123,6
1290091,5
1119869,3
1155124,3
1142274,6
1266436,1
1279780,6
1216005,3
1227957,4
1156926,4
1085780,4
1104852,5
1031104,6
1267633,4
1087544,6
1163127,6
1149923,3
1302815,6
1033401,4
1165099,5
1044886,3
1161790,3
1262990,6
1158346,4
1169146,6
1296656,3
1112876,3
1050904,3
1238076,4
1005644,3
1308997,5
1226902,4
1116738,3
1094655,3
1254098,3
1090898,3
1141307,6
1078360,3
1301524,4
1195688,6
1281484,3
1051666,4
1225844,1
1175304,4
1015179,6
1255509,4
1042707,3
1234147,3
1023811,4
1141533,6
1314595,1
1217861,4
1113257,3
1214739,3
1117174,1
1039877,6
1012797,6
1314574,4
1002471,6
1264874,6
1075595,6
1307519,6
1030937,1
1230305,3
1174163,5
1129918,1
1305530,5
1195292,6
1307139,4
1006901,5
1110246,6
1177983,5
1086825,4
1266237,3
1142384,4
1006189,1
1243448,4
1054096,5
1104426,6
1289437,3
1058230,5
1145247,3
1067669,5
1273581,6
1000465,1
1302259,6
1262793,5
1232075,1
1003150,5
1019244,4
1178983,4
1291058,5
1239994,4
1280635,5
1291728,4
1204207,6
1112740,4
1055159,6
1058895,5
1214206,5
1284492,3
1040677,3
1019312,4
1200352,3
1132012,5
1151928,5
1019549,3
1134873,3
1107842,1
1125359,3
1026520,3
1160076,4
1025861,6
1133913,1
1222461,5
1253075,6
1075015,4
1286037,3
1019703,1
1298718,1
1131464,3
1260028,3
1063121,4
1152688,4
1035301,6
1031679,4
1183563,4
1279928,4
1078713,4
1096918,5
1259588,6
1268814,5
1049955,5
1080342,4
1179832,7
1161523,4
1058573,6
1206520,4
1131970,3
1067615,3
1164408,6
1170786,3
1101362,3
1253932,4
1308071,3
1311659,1
1078950,1
1055904,1
1030081,5
1039080,3
1191999,3
1300021,6
1249721,3
1125573,4
1270183,5
1061505,4
1036552,3
1035212,3
1125991,6
1056720,4
1225004,1
1000835,5
1073668,6
1005541,5
1106363,5
1203885,3
1317774,4
1054543,6
1282424,6
1049898,1
1188382,4
1274774,4
1286360,6
1299903,4
1014492,4
1266716,3
1057708,3
1060454,1
1218682,4
1146887,1
1315838,6
1274487,5
1252347,1
1314095,1
1033655,5
1302431,6
1146945,6
1114061,4
1050899,6
1250180,4
1108814,4
1252350,4
1083103,3
1060762,6
1020744,5
1075823,5
1193461,3
1130860,4
1312450,6
1008304,6
1282814,5
1145788,3
1012760,3
1272493,4
1238087,3
1016265,6
1001407,3
1087791,5
1101255,6
1295359,1
1132405,3
1149762,3
1004896,5
1210731,4
1124388,2
1218516,7
1060673,3
1124434,3
1037815,1
1279439,6
1039420,6
1304085,4
1126223,5
1301505,6
1260625,2
1112197,3
1325431,6
1253679,3
1182572,6
1157426,3
1073930,4
1253260,3
1177653,5
1134299,4
1128255,4
1108018,6
1202966,5
1239014,1
1304824,4
1066450,3
1072487,6
1095416,1
1148386,4
1285694,6
1238230,6
1015089,5
1047198,1
1256832,4
1229359,6
1058012,3
1054561,6
1157891,3
1291134,6
1296959,4
1100057,3
1141555,4
1193179,6
1062960,5
1121726,3
1295800,6
1108684,4
1314454,3
1204115,3
1315930,6
1162126,3
1103963,6
1203436,3
1045597,3
1286492,4
1208526,5
1057456,3
1317810,1
1071110,4
1155249,1
1257997,5
1167626,3
1274923,4
1144261,3
1078122,1
1261228,6
1307790,5
1149877,1
1187841,3
1095928,3
1186130,1
1216793,3
1043806,5
1071201,5
1274264,6
1040472,6
1199005,1
1243311,4
1045451,4
1197741,6
1044199,6
1184334,6
1272711,4
1013782,4
1066256,1
1295133,1
1243233,3
1089131,3
1302358,1
1275115,5
1071243,5
1020961,4
1150705,3
1160583,4
1237228,5
1299457,3
1310050,4
1154640,1
1156982,2
1268075,6
1004355,3
1245823,4
1180488,1
1063418,3
1003287,1
1083236,6
1153540,4
1098595,6
1135486,3
1302385,3
1157067,1
1054979,3
1204934,1
1074407,3
1006696,3
1106865,1
1247770,5
1320298,6
1125632,4
1197169,1
1142594,4
1154797,4
1175450,3
1109157,3
1157279,3
1283697,5
1050328,4
1218365,3
1318167,3
1169996,5
1323501,4
1137640,4
1260710,4
1143407,3
1087739,3
1237033,1
1046144,3
1119083,3
1200436,4
1139173,3
1285202,3
1270261,1
1119049,3
1241580,3
1286010,6
1243353,6
1026995,1
1296511,1
1023607,5
1259404,6
1173197,3
1028219,1
1276182,5
1199477,6
1022943,3
1191125,3
1269368,3
1251046,6
1308048,6
1209856,3
1239318,4
1155129,3
1319577,6
1173306,4
1088463,4
1155621,1
1110160,3
1137172,1
1083404,1
1108467,6
1248446,5
1213154,6
1125135,3
1005765,3
1313770,3
1040335,5
1118608,5
1236756,4
1322170,3
1255297,6
1072378,1
1294548,1
1054095,1
1095791,5
1111647,6
1206789,3
1127154,5
1106320,1
1140175,4
1255062,5
1186155,5
1114577,3
1185298,4
1216613,4
1183533,3
1239974,4
1028577,2
1262927,6
1060804,4
1196441,1
1023335,1
1055960,6
1188755,3
1212836,6
1169450,3
1024093,2
1192465,4
1197694,6
1173127,6
1215150,4
1270158,5
1287779,4
1014297,6
1205345,3
1041135,4
1319572,1
1108551,5
1223721,3
1256420,6
1250711,6
1289600,4
1164675,6
1173093,6
1222672,5
1030593,3
1274467,3
1103317,5
1199759,3
1024220,6
1263615,6
1236519,4
1017963,3
1274705,5
1054010,6
1264667,6
1278540,3
1020799,1
1236895,5
1155311,6
1233318,3
1225998,4
1163646,4
1103145,6
1244862,3
1062961,6
1185273,4
1040745,4
1190650,5
1259489,5
1116814,6
1082332,3
1053965,6
1296966,4
1183882,3
1197467,4
1042676,4
1191189,5
1114216,4
1157211,4
1315484,3
1310217,1
1214731,4
1258832,5
1081389,6
1169840,1
1216701,4
1132330,6
1141924,6
1186840,5
1163571,3
1305540,3
1249457,6
1135005,1
1270891,6
1178208,6
1121544,1
1264440,6
1059169,5
1150606,1
1138319,3
1174827,3
1123063,3
1236791,3
1142585,6
1138007,5
1315238,6
1209535,4
1322102,1
1274718,3
1062991,6
1182675,4
1027072,6
1009047,3
1302409,6
1304181,6
1121680,5
1140252,6
1053912,6
1077947,5
1070743,4
1107355,3
1256248,6
1075236,6
1097426,4
1148320,1
1225035,4
1005921,3
1070095,4
1142857,3
1282689,3
1176741,1
1103038,3
1256472,6
1183726,3
1226714,5
1076186,5
1040490,5
1110901,6
1205186,4
1258498,6
1155918,5
1088740,4
1161656,3
1200789,5
1123963,6
1235292,5
1076346,4
1241439,6
1259965,5
1184806,4
1118830,4
1135755,3
1157733,6
1238676,5
1104588,3
1231813,6
1009195,5
1287446,2
1142974,1
1236198,4
1150308,5
1310402,4
1039045,4
1166965,6
1304355,4
1208811,5
1140266,6
1291082,1
1214007,3
1149022,5
1102131,3
1226259,3
1260231,3
1296802,3
1149861,3
1113043,1
1251853,4
1102135,1
1319271,3
1134942,3
1307814,6
1276649,6
1202626,1
1076323,6
1125175,4
1172837,3
1202498,4
1168434,5
1189431,1
1218586,4
1198283,6
1030677,4
1094743,4
1032739,3
1026168,3
1138308,3
1066496,6
1143617,5
1035821,4
1250900,4
1231514,4
1196527,3
1147860,5
1114687,1
1012151,4
1253133,3
1153464,3
1171592,3
1269319,6
1183893,4
1166586,6
1123225,4
1060622,4
1216340,1
1206251,3
1101642,5
1215086,1
1253724,4
1180083,3
1238120,4
1005807,3
1267692,3
1096554,5
1055837,3
1220560,5
1137231,4
1130645,4
1025733,4
1152037,2
1036134,4
1323842,4
1141569,4
1214415,6
1221807,4
1012094,3
1053786,6
1283122,6
1021780,6
1039615,1
1091923,5
1282624,4
1207006,6
1028388,6
1075271,4
1310018,3
1259663,3
1314317,6
1249048,4
1064921,5
1037703,4
1274650,2
1090752,1
1214888,4
1220781,3
1005823,3
1249107,4
1053159,4
1153857,3
1089372,4
1237890,3
1260156,6
1005031,5
1156296,4
1157232,6
1181412,5
1151966,5
1197636,3
1222620,6
1088547,3
1308600,1
1234477,6
1068867,3
1307104,1
1206696,1
1142670,4
1060861,4
1121863,6
1184526,4
1272600,6
1117262,6
1193244,7
1052083,3
1096833,3
1254533,4
1317033,6
1152913,6
1203567,6
1308620,6
1161325,4
1196281,5
1023380,6
1023988,6
1081920,6
1139839,3
1310306,3
1045376,6
1272921,6
1208076,5
1289457,6
1028145,6
1151976,5
1128199,5
1208017,6
1237428,5
1043112,5
1136359,3
1122636,4
1078864,3
1023927,6
1073566,3
1232323,6
1194578,6
1025934,5
1265690,3
1288349,6
1068407,4
1157360,5
1297144,1
1009682,6
1044742,6
1293489,5
1079388,5
1209722,1
1172753,2
1199006,6
1062703,5
1095092,4
1304729,5
1201396,1
1110121,4
1313754,4
1145380,2
1222202,6
1247508,4
1090063,3
1062923,6
1212849,5
1217789,4
1188198,1
1138203,3
1306814,5
1104609,1
1284679,1
1219587,6
1308689,4
1114447,3
1236275,4
1317282,2
1107665,3
1185718,6
1237817,6
1010464,5
1145693,6
1123502,4
1146063,3
1150782,4
1198425,3
1099455,3
1296428,6
1150623,4
1088408,5
1208991,5
1162508,3
1280438,6
1099349,3
1280550,1
1052057,6
1060421,6
1046762,3
1267728,6
1292962,6
1314942,6
1180549,5
1148589,3
1176353,6
1316611,5
1243750,3
1314041,5
1125777,1
1319608,3
1228892,1
1293717,6
1246133,6
1238469,5
1189880,6
1142741,3
1108812,4
1166788,3
1200443,6
1161108,6
1074712,1
1150975,4
1154465,6
1124756,6
1259753,6
1107720,5
1203571,6
1291968,1
1014688,3
1006713,3
1309473,1
1065007,1
1301218,3
1101208,3
1078975,3
1122654,5
1066205,5
1194569,5
1169542,4
1104913,4
1288115,6
1311160,6
1104504,3
1266604,6
1006604,3
1276738,1
1272853,1
1025467,5
1180472,6
1317030,1
1067808,6
1131647,5
1182295,4
1070541,3
1092253,3
1267007,3
1235703,6
1322163,3
1178892,4
1169953,5
1177786,5
1272191,4
1227653,6
1296999,4
1238019,3
1261839,3
1030248,4
1290106,1
1304358,3
1165785,3
1014337,3
1016582,4
1187382,4
1254284,6
1102001,3
1264157,3
1053901,4
1180187,1
1258633,4
1147681,4
1148851,5
1044060,1
1114053,4
1191806,3
1156491,6
1093903,4
1171685,6
1214283,3
1053544,6
1272070,3
1150624,3
1195869,5
1087744,6
1312158,6
1304641,6
1041502,6
1296510,4
1184974,5
1313458,4
1014012,3
1034964,3
1254756,4
1231351,6
1298597,6
1025205,4
1256798,6
1312797,3
1239728,6
1245012,4
1193249,6
1214851,3
1293019,6
1217473,3
1248743,3
1226279,5
1077203,1
1273364,3
1297293,6
1030039,3
1239261,3
1266789,1
1285939,3
1001693,3
1101787,6
1213682,3
1157479,6
1015715,1
1132557,5
1220148,4
1221799,7
1097509,6
1019944,3
1072283,2
1037637,4
1252671,6
1107287,6
1040435,6
1304777,4
1034344,3
1169738,1
1165094,5
1000925,5
1157410,6
1254762,4
1226124,4
1227400,6
1033344,4
1231631,1
1152764,4
1184464,4
1103530,4
1040476,3
1214915,2
1250772,3
1052179,4
1193717,2
1242456,6
1050876,6
1071590,3
1171919,5
1067221,6
1232875,1
1260807,3
1047949,4
1306086,6
1038525,6
1283136,6
1063214,1
1113527,6
1269792,3
1018596,3
1196536,6
1267480,3
1113593,6
1071904,6
1265084,4
1084504,1
1235948,4
1124444,3
1052764,4
1234054,1
1231048,6
1082583,6
1042833,4
1064009,1
1317692,3
1182302,6
1199728,6
1207737,1
1247210,4
1077899,6
1187385,5
1144185,4
1318452,6
1288794,4
1313305,1
1176802,6
1048696,6
1083888,7
1252594,4
1238406,6
1087688,4
1228796,4
1230910,6
1115991,6
1106352,6
1083995,6
1231316,4
1135219,5
1016879,6
1176653,5
1059702,6
1001908,1
1232258,1
1127714,1
1267710,5
1064310,6
1181252,4
1256189,6
1293249,1
1094902,1
1324623,6
1191060,4
1130520,5
1129715,3
1010164,3
1275123,5
1286781,3
1096168,4
1004309,6
1046622,3
1280350,6
1187459,6
1214003,4
1188165,3
1220594,1
1253146,5
1305322,4
1046009,3
1104491,6
1209126,5
1309807,6
1194202,4
1167823,4
1255722,3
1237733,5
1274581,6
1149690,3
1089979,6
1101961,6
1194016,4
1291171,3
1315891,6
1145088,3
1141184,4
1043669,6
1250820,6
1321051,5
1179481,3
1214181,6
1072180,1
1045518,4
1277103,5
1137370,6
1034825,4
1189398,3
1147580,4
1262682,3
1102213,1
1292609,3
1118228,6
1203929,6
1019811,6
1178101,4
1220864,1
1061796,3
1077768,5
1041578,5
1026491,6
1022828,3
1048855,3
1240045,5
1129651,6
1050311,6
1289820,5
1309987,5
1325376,3
1218731,6
1110330,3
1073287,6
1158112,5
1250637,6
1282249,3
1237337,4
1029754,4
1057810,1
1154169,3
1315211,1
1125100,5
1054625,6
1261585,5
1145169,3
1188942,6
1246189,1
1000289,6
1060750,4
1212839,1
1273418,4
1115813,5
1175583,5
1303640,6
1250136,3
1278366,3
1288294,3
1259081,6
1121534,3
1254817,4
1087151,6
1312695,6
1004102,3
1119420,3
1206301,5
1006302,6
1061156,4
1016165,6
1083465,6
1138720,4
1300561,4
1125885,3
1013607,3
1309872,3
1265142,4
1066906,5
1158869,1
1051012,4
1069186,6
1014180,6
1057788,4
1266357,5
1281202,6
1279402,1
1264899,4
1121738,4
1018948,4
1117063,5
1158226,4
1153789,4
1233454,1
1200529,1
1288056,5
1046493,3
1280544,5
1018978,3
1190307,1
1075198,7
1033504,6
1156338,3
1243772,6
1119196,3
1152242,5
1225330,5
1145163,4
1286776,6
1132976,4
1125623,3
1199369,4
1288177,1
1313259,6
1188262,4
1055752,5
1315038,4
1207603,4
1019803,6
1121887,6
1009929,6
1067741,3
1118764,6
1269885,4
1230223,1
1208137,5
1112126,4
1025607,3
1202506,5
1233972,6
1093274,6
1122082,3
1245879,6
1317198,4
1267326,1
1163835,3
1230465,3
1010241,4
1245600,6
1049201,6
1266693,6
1216910,6
1079760,6
1179627,5
1140737,4
1301305,5
1207234,3
1041704,3
1279871,3
1019138,6
1169876,6
1222531,3
1103912,3
1216879,5
1204222,3
1268591,4
1232804,5
1123719,4
1262953,6
1043437,5
1179054,4
1187707,1
1045396,5
1300026,4
1000767,5
1189938,3
1289334,6
1242185,3
1264615,3
1105017,6
1127353,2
1185125,4
1196245,1
1303331,3
1215995,4
1003490,3
1044580,3
1080465,3
1075649,6
1313217,1
1257995,4
1296418,4
1109722,6
1174669,3
1292133,6
1243846,6
1005598,6
1118632,3
1202335,4
1278486,6
1291594,4
1314384,4
1206614,4
1190595,3
1136669,3
1143890,6
1199676,3
1290477,3
1086434,4
1002609,3
1048204,1
1287442,6
1102449,3
1078725,1
1239271,5
1298642,6
1207347,4
1157944,3
1154789,3
1197944,3
1261679,3
1165144,3
1133772,6
1089286,4
1148995,3
1008769,4
1079779,4
1050446,4
1298819,4
1220004,5
1254733,6
1208062,3
1147510,3
1027541,5
1090653,5
1306479,4
1069725,3
1148249,4
1107986,4
1273333,4
1273887,6
1288731,6
1005547,4
1323767,1
1195844,6
1087902,4
1004090,5
1128288,5
1248130,6
1087941,1
1068116,3
1301662,4
1294132,3
1063768,4
1318729,4
1164641,4
1283895,4
1129687,3
1313258,4
1059397,6
1042358,4
1323035,3
1141124,3
1264161,3
1019228,1
1175544,1
1107122,3
1225953,6
1031312,4
1304188,3
1286612,1
1049785,6
1218211,6
1136848,3
1217505,5
1268805,6
1310019,5
1281409,4
1306968,6
1070164,5
1186468,5
1205693,5
1175301,3
1207167,1
1281790,1
1023004,6
1063790,4
1306629,4
1289287,3
1041733,4
1079523,1
1254735,2
1307679,6
1119363,3
1230235,1
1154586,3
1277410,6
1311968,4
1099552,4
1267730,6
1275154,4
1091264,3
1141713,5
1315240,6
1118651,3
1238782,4
1226399,5
1239802,3
1122134,3
1072465,5
1127616,3
1046350,6
1153500,1
1278421,5
1254137,3
1014608,3
1311524,4
1148400,6
1305742,3
1058079,3
1178116,4
1032870,1
1180758,3
1245231,4
1275802,4
1283745,3
1219967,1
1104880,3
1285775,6
1076974,3
1146465,6
1238810,3
1134363,5
1176449,5
1101888,6
1150815,6
1158544,6
1172161,4
1097532,6
1090270,4
1261414,3
1163157,6
1075511,1
1168999,4
1318822,4
1183520,3
1231245,3
1083580,5
1277251,6
1082751,6
1273091,6
1029882,6
1183118,5
1294908,3
1071801,6
1091400,3
1064843,4
1176312,6
1273966,6
1033464,6
1189037,6
1238200,5
1272577,3
1225444,1
1231249,5
1311935,3
1069569,3
1182894,3
1239930,6
1073078,6
1212599,3
1209211,4
1182465,5
1045721,6
1236117,6
1253042,6
1108924,1
1139220,5
1165830,5
1271633,3
1026402,5
1135816,4
1105108,3
1058067,3
1125201,5
1138615,6
1302625,6
1120942,4
1021985,1
1286503,6
1241282,5
1262687,6
1032020,5
1142710,4
1168496,4
1297865,4
1277775,4
1055139,6
1057964,6
1083560,4
1032951,5
1098420,5
1109604,1
1008714,4
1111994,6
1083714,6
1058459,3
1004504,4
1042379,5
1199977,6
1048196,3
1093240,5
1250213,6
1056714,5
1015350,4
1231197,6
1273561,3
1186839,3
1029763,3
1199317,6
1231033,3
1099493,3
1219784,6
1172589,3
1218949,3
1064149,3
1125511,5
1256473,6
1121408,6
1041100,3
1190837,5
1261817,6
1042690,1
1077252,5
1157265,3
1074653,3
1055352,5
1194785,5
1127152,2
1270913,4
1290537,4
1163576,5
1302851,4
1221051,3
1138441,4
1211553,3
1051741,6
1296663,3
1201772,4
1054243,4
1306219,1
1004221,3
1200248,4
1261258,6
1159455,3
1029061,6
1067121,2
1190187,1
1306350,3
1209589,5
1221896,3
1103536,3
1198338,3
1323225,6
1091536,4
1169050,1
1305486,3
1096562,4
1014049,3
1042432,6
1176533,4
1070475,2
1112175,3
1103523,5
1260746,1
1269868,1
1164615,7
1161602,4
1170886,6
1189143,1
1020189,3
1141090,5
1106362,6
1169342,3
1291765,6
1262094,4
1151777,3
1223016,4
1077224,5
1069063,4
1277850,5
1054860,4
1313181,4
1128755,4
1239556,6
1096763,4
1063173,6
1059629,3
1086805,4
1211664,4
1241194,6
1035161,1
1188030,5
1274984,6
1130279,5
1068925,1
1185943,3
1247771,6
1316310,6
1165799,6
1262020,3
1068823,6
1044268,4
1242184,5
1207121,4
1124652,1
1220019,6
1108626,4
1145517,6
1207049,4
1293718,5
1253651,4
1055824,4
1177913,3
1204196,1
1036208,5
1081394,1
1125920,2
1067836,5
1077759,1
1273097,3
1299624,1
1078391,4
1322298,5
1278160,3
1190058,6
1211655,6
1017451,5
1166244,1
1137046,3
1087333,4
1121895,4
1067972,3
1180108,6
1252268,1
1300414,6
1081207,3
1321625,6
1023265,1
1028052,3
1051328,5
1298438,6
1027141,1
1016192,3
1139200,5
1264986,3
1091854,6
1249999,5
1279441,5
1138222,3
1246777,4
1280210,4
1204842,1
1218907,6
1146048,5
1035057,5
1095202,6
1189756,2
1225065,6
1208672,3
1028905,4
1173105,3
1089700,1
1162538,3
1037858,4
1215385,3
1107552,4
1035289,3
1069468,3
1198823,4
1203463,4
1135487,3
1189356,1
1167278,3
1149715,6
1144638,3
1082530,3
1128313,6
1255749,6
1025545,6
1062697,1
1163112,4
1058688,4
1292232,5
1191217,4
1101739,4
1010126,5
1044970,5
1232445,6
1184442,6
1232037,1
1245948,6
1180133,3
1191912,5
1263931,3
1205193,6
1275663,3
1310232,6
1215594,6
1300829,3
1233603,4
1025196,5
1296486,3
1091876,6
1162897,3
1128669,1
1221229,4
1292697,3
1128708,3
1168437,1
1150134,5
1191089,3
1176879,5
1005847,4
1128269,3
1075460,1
1098261,6
1142597,6
1140353,6
1280819,6
1273905,5
1095107,1
1093548,3
1165395,5
1260630,6
1199981,2
1113876,3
1316609,1
1052551,3
1104118,5
1158059,3
1062009,3
1256629,1
1085058,2
1269023,6
1131316,6
1241767,6
1203050,6
1088812,3
1107368,5
1131600,4
1279592,3
1233558,3
1042488,3
1258905,6
1080021,6
1071859,6
1272034,4
1231240,6
1121556,6
1068345,4
1015515,5
1318521,6
1232263,5
1211743,5
1188699,1
1248197,6
1315367,6
1171174,4
1021975,6
1024311,6
1076908,4
1108396,6
1053656,3
1297168,6
1120958,5
1175470,4
1067206,3
1136610,5
1062376,3
1124542,3
1211577,6
1035612,2
1269253,5
1299616,6
1124240,6
1190782,6
1196771,6
1280921,6
1007771,6
1289331,3
1079416,1
1266238,4
1305319,3
1151961,5
1289080,6
1316898,3
1143203,3
1172135,3
1201001,3
1244769,6
1129970,6
1058313,3
1133371,3
1002516,6
1128023,6
1006239,6
1215896,3
1079216,5
1284397,6
1259592,3
1234210,6
1128524,4
1302215,5
1259141,5
1233601,1
1087830,1
1303300,4
1162959,6
1082490,4
1026775,4
1242213,6
1038630,6
1164983,4
1194961,6
1292478,4
1306007,4
1099581,6
1201770,6
1190516,3
1113702,4
1251353,4
1260068,4
1186109,4
1250458,1
1169753,4
1293708,3
1069910,6
1102126,1
1111547,4
1229750,6
1072402,4
1264963,4
1212046,6
1014390,4
1127781,5
1279764,6
1122256,6
1222386,4
1202441,6
1044555,3
1073158,3
1123704,6
1318590,6
1164285,1
1150523,6
1153723,3
1281129,6
1081569,4
1214344,3
1145848,6
1279111,3
1133256,4
1140099,5
1050351,3
1052810,2
1293500,4
1297899,3
1138340,4
1035714,6
1193532,6
1041617,6
1077750,6
1180352,4
1176483,6
1164043,3
1213219,3
1178390,4
1269598,5
1291764,4
1025866,4
1280868,4
1282359,4
1181598,6
1292279,3
1188207,6
1202696,4
1319040,6
1077135,4
1181665,6
1072705,1
1032528,5
1012068,6
1076530,3
1237546,1
1325290,1
1043475,4
1133117,4
1050453,3
1068135,6
1284364,1
1321647,4
1090512,4
1248773,6
1179796,6
1016587,5
1233350,6
1030638,4
1005200,6
1167528,6
1277459,1
1224798,4
1231295,5
1102547,4
1322665,5
1220181,6
1253388,3
1253043,4
1177743,3
1094885,3
1213375,3
1038636,6
1244512,6
1236383,4
1209894,3
1158815,4
1315652,4
1081221,5
1185024,3
1137210,3
1107363,1
1215392,6
1112904,6
1091731,4
1294887,3
1232951,4
1151230,3
1034416,4
1046810,6
1008665,4
1283129,6
1036476,5
1097358,5
1100066,4
1131516,4
1027485,1
1185165,6
1249515,3
1289306,1
1195184,4
1061192,4
1097364,3
1237356,4
1235654,4
1141871,1
1133997,4
1220211,3
1221984,4
1248900,3
1165164,6
1067415,6
1216850,6
1318463,3
1220737,1
1229611,3
1212810,6
1031769,3
1119807,6
1159284,1
1206896,6
1259478,3
1232584,3
1018094,1
1059040,2
1165977,5
1080379,5
1212946,4
1316628,6
1103854,3
1226888,1
1282852,1
1202348,6
1223201,4
1281623,3
1006625,5
1275664,6
1125510,4
1167954,1
1111507,6
1067088,6
1021325,4
1311473,5
1092255,6
1038822,5
1201755,3
1140117,6
1192783,4
1248860,6
1218737,4
1126269,5
1237270,6
1012357,4
1251960,3
1243763,5
1180450,4
1252647,4
1107897,3
1021512,3
1020908,5
1114217,3
1179315,3
1209733,3
1094645,6
1058518,5
1085860,4
1059229,5
1096906,3
1007947,6
1066103,6
1207181,4
1251430,3
1083399,1
1265841,4
1048941,4
1194932,6
1187778,5
1121071,4
1245833,6
1240688,1
1227050,1
1287400,3
1211895,1
1087113,5
1295143,1
1017420,6
1095658,3
1290903,4
1003358,3
1139400,1
1065482,4
1071332,1
1099188,1
1080499,5
1178492,6
1310913,6
1231564,3
1033116,6
1165173,5
1302887,4
1193220,4
1043361,6
1237803,6
1039376,1
1182235,5
1289200,6
1283041,5
1227753,3
1022082,4
1193296,4
1161294,5
1049294,4
1259491,3
1182324,4
1103542,1
1028829,6
1160591,6
1126558,4
1117974,4
1060151,4
1060860,6
1022912,6
1085948,1
1097607,6
1049580,6
1059813,6
1138352,5
1150669,4
1107656,4
1115982,6
1307221,3
1185667,4
1305590,5
1091414,4
1101602,3
1227638,5
1101355,1
1279086,4
1130453,4
1068635,4
1057516,2
1169928,3
1250159,3
1286805,4
1027478,6
1024550,1
1149361,3
1028705,3
1293504,4
1306072,4
1224149,1
1135396,4
1290734,6
1216710,3
1248055,3
1056061,3
1136535,6
1038348,5
1207689,6
1171815,6
1067536,5
1089608,6
1061053,3
1214953,4
1101747,5
1199666,5
1057309,1
1020480,6
1240821,3
1058048,4
1060915,4
1250550,6
1081796,6
1237792,6
1272143,6
1160314,5
1015105,6
1056744,3
1034907,4
1044879,3
1256608,4
1107654,4
1202890,6
1004529,1
1230439,1
1002143,3
1278191,3
1255743,1
1074702,3
1183536,3
1103478,6
1097171,3
1257780,4
1247903,6
1063929,3
1050667,1
1040475,4
1120483,3
1129090,6
1167704,3
1181173,6
1262737,3
1207580,1
1180679,3
1101134,4
1171768,4
1207561,4
1244865,5
1217585,5
1119584,6
1006909,3
1274785,3
1122200,4
1115695,5
1196243,4
1068826,5
1072931,6
1314171,3
1136209,6
1314777,4
1131696,5
1254264,6
1179670,6
1125264,5
1181336,4
1087306,6
1002522,6
1169967,3
1305534,6
1253875,1
1302848,3
1199183,6
1310687,1
1030825,5
1266351,3
1046822,3
1314035,5
1096238,3
1133555,3
1187372,6
1229163,4
1164185,6
1079822,4
1260796,1
1028049,6
1227639,4
1015594,5
1261272,3
1086446,6
1021319,1
1141785,5
1117968,1
1231583,3
1212996,5
1316509,6
1151563,3
1093072,6
1231418,6
1192686,6
1027549,3
1158426,6
1317658,4
1295981,6
1131771,6
1287406,6
1274140,6
1278261,4
1054033,5
1228495,5
1198925,4
1042159,3
1283199,6
1272668,4
1045582,6
1118902,4
1256156,1
1235710,1
1319136,5
1260383,3
1023340,3
1071678,3
1186901,5
1093394,1
1070426,6
1074315,4
1246228,6
1216627,4
1046960,4
1118808,6
1277495,3
1268574,6
1112492,3
1173002,4
1018724,5
1169509,3
1203075,3
1192077,1
1067882,6
1003750,3
1226015,6
1289924,6
1074474,1
1057629,4
1029024,3
1287949,6
1190891,1
1216656,3
1066964,1
1062747,1
1070540,4
1088041,5
1269027,4
1233278,2
1042751,4
1246117,6
1295978,3
1112362,4
1046300,4
1212423,3
1145075,5
1010625,6
1003078,5
1200659,2
1207062,6
1267361,3
1209876,6
1241267,6
1051998,4
1323388,1
1200658,5
1155036,5
1246460,6
1296669,5
1088114,6
1171752,1
1095268,3
1094127,4
1273474,6
1193953,6
1222727,3
1094539,6
1070038,3
1227462,3
1098806,3
1087124,5
1183929,5
1212894,3
1066463,4
1079352,5
1194636,6
1108437,1
1077369,4
1256233,4
1213933,6
1228052,5
1322186,4
1146714,4
1192547,6
1294385,4
1136933,4
1149280,4
1075317,3
1030507,3
1290780,5
1174035,3
1249240,1
1288917,4
1115554,5
1311198,6
1137034,3
1186973,2
1021678,4
1042320,3
1013560,6
1125593,1
1113766,1
1017985,5
1217617,6
1309182,3
1026260,5
1185582,5
1062247,3
1048003,5
1214857,3
1173818,5
1109763,3
1056557,5
1069995,3
1166481,6
1073614,4
1197301,4
1092809,3
1059289,4
1259100,3
1236714,1
1209973,5
1147282,6
1050093,1
1113560,1
1312065,5
1146456,1
1303837,6
1252696,6
1004465,4
1129722,6
1286909,4
1045955,3
1004244,3
1246519,6
1057014,5
1294763,4
1284923,4
1164079,5
1010333,3
1155902,6
1012483,3
1245998,2
1179698,5
1230544,6
1201780,4
1104650,5
1239421,3
1040366,1
1114767,3
1126935,6
1267982,6
1118580,6
1091891,4
1095328,6
1205528,6
1244928,3
1203009,4
1062535,6
1116314,3
1256020,5
1318273,4
1153839,6
1000868,4
1190930,4
1251026,6
1281404,3
1127955,5
1153726,4
1305919,4
1097683,5
1133186,6
1228723,4
1009329,5
1312452,5
1228601,4
1126560,5
1168843,1
1099641,6
1110408,6
1182358,1
1306746,4
1058423,4
1229018,1
1229623,6
1283637,3
1242901,4
1124893,4
1081590,6
1141615,6
1225311,4
1217866,5
1305762,6
1207470,5
1126295,6
1053514,6
1009243,3
1052387,4
1316616,3
1003330,3
1182932,6
1160653,6
1021164,3
1071741,6
1286392,5
1316811,4
1150866,5
1246422,6
1212986,3
1221737,6
1054133,6
1255543,3
1116469,5
1254268,6
1005725,3
1086354,6
1301978,3
1133134,3
1033159,6
1041670,6
1034532,6
1254142,6
1008732,4
1080258,3
1186966,3
1256330,3
1212422,1
1197526,5
1087428,3
1161914,6
1268717,3
1322532,3
1207728,5
1064063,3
1137291,3
1045210,5
1192527,3
1231906,5
1049109,6
1105430,4
1146631,6
1049804,6
1198699,3
1234872,6
1317037,4
1080681,4
1083350,3
1311079,3
1294366,5
1026817,3
1116235,3
1130707,3
1324979,3
1004593,5
1080448,3
1028314,2
1061425,1
1042102,3
1263502,3
1296071,1
1222320,6
1088670,6
1156664,1
1062399,6
1291415,5
1218035,5
1218918,3
1228312,6
1311620,3
1200129,3
1252108,3
1038154,3
1143307,5
1012704,3
1084755,6
1094497,5
1203100,6
1134985,3
1144099,3
1102596,5
1110517,5
1263635,3
1286323,1
1163377,3
1079824,4
1222710,6
1111265,3
1188872,5
1091967,6
1040846,6
1113514,4
1098282,6
1112696,6
1023397,3
1139539,5
1185443,4
1010980,6
1119304,3
1163635,6
1273204,6
1169392,6
1001108,5
1261086,5
1088288,5
1132939,4
1214307,4
1082296,6
1204735,6
1132684,3
1253312,4
1192233,4
1168950,1
1109341,4
1170983,6
1098535,1
1089499,1
1005836,6
1169354,3
1135007,4
1197913,6
1185639,5
1144114,6
1059970,6
1172040,4
1315298,4
1059980,6
1299156,6
1152106,1
1254930,6
1210275,1
1118261,6
1142292,5
1044901,5
1244394,6
1130852,6
1085012,3
1125382,1
1107208,5
1325154,1
1317281,3
1296257,1
1081902,4
1172247,3
1184589,1
1269001,5
1239340,6
1147511,6
1193177,4
1066270,5
1127870,3
1193002,3
1027266,3
1184261,6
1071756,5
1019080,5
1182957,5
1169212,1
1194455,6
1260917,6
1142968,3
1126358,3
1255807,5
1233213,5
1197494,4
1058211,3
1310775,1
1172450,5
1286446,4
1090894,6
1194063,1
1199486,3
1128322,4
1048209,4
1174781,4
1301136,4
1249296,3
1054192,4
1219168,6
1276933,4
1269590,1
1025232,6
1282970,1
1200786,6
1307536,1
1012641,5
1227105,6
1324118,5
1182733,3
1254949,3
1231534,5
1285618,3
1044679,6
1145775,3
1102574,1
1012988,6
1034969,6
1030812,2
1027872,3
1106239,3
1247875,6
1149603,3
1276806,4
1296653,6
1016126,3
1210026,6
1286143,6
1257731,1
1180656,4
1264767,6
1272948,3
1318074,3
1051028,3
1132210,6
1300795,2
1212363,6
1154867,3
1321950,3
1317184,3
1108025,4
1232343,6
1217645,3
1217546,2
1060298,3
1278637,6
1237721,3
1142849,5
1058151,6
1262032,3
1272331,5
1319965,3
1295712,5
1273990,4
1287649,3
1073145,1
1054810,4
1109259,1
1239335,3
1281608,6
1216876,5
1281022,1
1049131,6
1176329,6
1269554,6
1138461,3
1183470,3
1007308,3
1030929,4
1231562,6
1277605,1
1260861,4
1150806,6
1044851,3
1292733,3
1114713,2
1219646,1
1005757,6
1311069,4
1167464,1
1300016,3
1220869,6
1319183,3
1085638,6
1208877,5
1182083,5
1182469,1
1076694,1
1305703,6
1120615,6
1114727,6
1071396,1
1115934,4
1029203,6
1064167,4
1315835,6
1066670,5
1285725,3
1274013,6
1302901,6
1073093,3
1252798,4
1001504,6
1225550,1
1072996,4
1063728,6
1173437,3
1003269,5
1242429,6
1196647,5
1079351,1
1058858,3
1150262,1
1089434,5
1325055,4
1234627,3
1175938,5
1095230,3
1235434,6
1171539,6
1260123,3
1048563,4
1275510,6
1229881,5
1215457,4
1043054,4
1283328,5
1220126,5
1273540,4
1249819,4
1157439,4
1020617,6
1173412,4
1058212,3
1203422,4
1200000,3
1274940,3
1258419,4
1042704,6
1253024,4
1272563,6
1035401,3
1121251,6
1079154,3
1127863,3
1114462,5
1063504,3
1209936,6
1320546,5
1222587,4
1110792,4
1100272,1
1020225,3
1061064,4
1005640,5
1250984,6
1155574,3
1140458,6
1274144,4
1140306,6
1023306,6
1297950,6
1100448,6
1181942,6
1289030,5
1289912,5
1147651,4
1214545,1
1111935,6
1083575,5
1269670,5
1314262,3
1150626,3
1134667,4
1274919,3
1062058,4
1053503,1
1209532,6
1227736,5
1276979,5
1219684,3
1049810,6
1154144,3
1260217,5
1179769,3
1219562,5
1316146,4
1002024,3
1156785,3
1144013,3
1141958,6
1118314,4
1051639,4
1204937,3
1191437,6
1077350,6
1301015,3
1113039,3
1277457,3
1253614,3
1143842,3
1308508,3
1130838,3
1062931,6
1009360,3
1034673,3
1149862,6
1250860,3
1164199,5
1104279,3
1316673,1
1234417,4
1034330,6
1003305,6
1005802,4
1276507,6
1211620,6
1229326,6
1262269,4
1106769,4
1126858,5
1238759,4
1205171,4
1134732,1
1212200,3
1100350,5
1244089,6
1194483,3
1242842,6
1028838,3
1098335,3
1063273,1
1081944,3
1145393,4
1291135,6
1214520,1
1034841,1
1233938,6
1108001,4
1314063,4
1288786,2
1047475,3
1030528,1
1172445,1
1265822,5
1160501,3
1175026,6
1270385,3
1145769,5
1292594,3
1182565,6
1199487,5
1133728,1
1050285,1
1197495,6
1031413,1
1018897,6
1260939,5
1042122,3
1296892,3
1315794,1
1168043,4
1233404,4
1258321,5
1262664,1
1186308,6
1269688,6
1175022,5
1193781,6
1002401,3
1084036,1
1310859,4
1204092,3
1104717,4
1047456,5
1127827,6
1145301,6
1059358,5
1066380,4
1237728,4
1295215,5
1171434,6
1161539,3
1057478,1
1128136,1
1258899,4
1272378,3
1300370,6
1122700,6
1086089,3
1017487,3
1091248,6
1059204,4
1020735,3
1022541,3
1300640,4
1255178,3
1221574,3
1219446,6
1020136,5
1284097,1
1049329,5
1153286,4
1189183,3
1285580,6
1305215,3
1068634,3
1276145,5
1106309,4
1212221,3
1022744,5
1038820,4
1185412,6
1091076,4
1026736,4
1061464,3
1101026,6
1136295,4
1064815,3
1031813,6
1164474,3
1113506,1
1252349,6
1151227,1
1201258,1
1227730,4
1216377,6
1023354,5
1082216,5
1014057,3
1030814,3
1154695,6
1192684,4
1258566,6
1024881,4
1071223,5
1131333,1
1301544,5
1255750,6
1120372,4
1110588,4
1152175,1
1083631,3
1231056,6
1221618,3
1028501,4
1090837,1
1192096,5
1148210,3
1052218,6
1295451,4
1142966,4
1099960,3
1029006,4
1233533,1
1254239,6
1205014,3
1026467,4
1255925,6
1208396,6
1057753,4
1024022,5
1125633,3
1130347,3
1009913,4
1277124,3
1186755,4
1297660,3
1135235,6
1194181,6
1108968,4
1266756,1
1128460,3
1284602,5
1087816,6
1048203,3
1033435,5
1065058,4
1169695,6
1099179,6
1019072,4
1231953,5
1235678,4
1110642,5
1210763,6
1178670,6
1312759,4
1274180,4
1236242,4
1276562,6
1148595,6
1102840,1
1150173,3
1209286,5
1256533,1
1130608,4
1176066,1
1260159,4
1019151,6
1038326,3
1310223,6
1284909,4
1097722,2
1294031,3
1214556,1
1317451,4
1046784,5
1219262,3
1104777,4
1112316,4
1049098,5
1260676,6
1057122,5
1207188,6
1060932,3
1026709,5
1006985,5
1186798,6
1082099,3
1249255,1
1276042,6
1304612,5
1262069,1
1221916,6
1262767,3
1005117,1
1000037,6
1280936,3
1029377,6
1273749,5
1005503,5
1223590,3
1060635,3
1261666,6
1223622,6
1276188,3
1093495,6
1263152,4
1152985,6
1290202,5
1070202,6
1119010,1
1050193,1
1050931,6
1154311,5
1076620,3
1023108,6
1296832,3
1077735,4
1198542,4
1237515,1
1317640,1
1149800,4
1239697,6
1204161,6
1193737,4
1017222,5
1255101,3
1211999,4
1074080,3
1086240,4
1160618,5
1010417,6
1218835,3
1199751,4
1269550,5
1143440,6
1158241,5
1130712,2
1174878,4
1065379,1
1272870,4
1154870,4
1225624,3
1107949,5
1165782,4
1321754,5
1128013,3
1100418,5
1167355,4
1170976,4
1236697,6
1001077,4
1233460,6
1004323,5
1121490,4
1266099,2
1292044,5
1084227,4
1177323,1
1007354,4
1318984,3
1106633,1
1039798,4
1046155,3
1040470,6
1118477,6
1056752,5
1282882,6
1312639,6
1078288,1
1163277,6
1176041,4
1239198,6
1044892,5
1078358,4
1292601,4
1203820,6
1133389,3
1062677,3
1023725,3
1229917,5
1165755,4
1247546,5
1131891,5
1215253,1
1102469,6
1203756,3
1241090,5
1248191,6
1030222,2
1321389,1
1074676,4
1039328,6
1169446,6
1184603,4
1052718,5
1139354,6
1007394,6
1043293,1
1117040,1
1016267,4
1139472,4
1218421,3
1160320,1
1202731,6
1172451,3
1065965,1
1321068,3
1000665,6
1229140,3
1270233,5
1017872,6
1113046,3
1271407,1
1313550,3
1012959,3
1234154,3
1200100,3
1110692,6
1004445,4
1151330,6
1263063,4
1126800,6
1148092,3
1165111,1
1165969,3
1014122,4
1162518,6
1290824,3
1010430,4
1209091,3
1320435,6
1080320,3
1090133,5
1091336,4
1268383,4
1101835,4
1043481,3
1014478,6
1178460,3
1207118,4
1167393,6
1206664,3
1108748,5
1270024,4
1257680,4
1289072,4
1251305,5
1235789,4
1226565,6
1199133,2
1124387,1
1078741,6
1135430,6
1012246,6
1318427,6
1308329,2
1008942,6
1001239,4
1154622,3
1006367,6
1061481,6
1175451,4
1316543,6
1108817,3
1234707,6
1094977,6
1289113,3
1190971,6
1033532,4
1249673,4
1254896,3
1313960,1
1241597,3
1013902,6
1193973,1
1133626,5
1100980,6
1120395,5
1281882,6
1055648,4
1194109,6
1178833,3
1277528,3
1170050,6
1002242,6
1228745,7
1085857,5
1184991,3
1228656,3
1156639,5
1090734,5
1267236,5
1296359,6
1106418,4
1128652,6
1262317,3
1234123,6
1020890,1
1324141,5
1296466,5
1157056,3
1016703,3
1209132,5
1119721,4
1041207,5
1225000,3
1180386,5
1089878,6
1222249,5
1196607,6
1153546,1
1297949,5
1258570,6
1160373,3
1274501,3
1154121,4
1308198,5
1126969,3
1109510,4
1272170,3
1247573,6
1302505,6
1258077,5
1185039,1
1151727,6
1068517,3
1247570,2
1243645,6
1270018,6
1168079,1
1145469,6
1099924,4
1217233,6
1177021,6
1160626,4
1045889,5
1297548,6
1270849,4
1275514,4
1041806,3
1002425,1
1131241,1
1283836,3
1285193,3
1095585,4
1030247,6
1164554,4
1225640,4
1311818,5
1096923,3
1090527,6
1263919,1
1184793,5
1167522,5
1260168,4
1089329,3
1222590,1
1304147,4
1125738,1
1019047,4
1279452,4
1084605,4
1051493,4
1297292,1
1231553,6
1166817,6
1236046,4
1007671,6
1111442,6
1173060,1
1080240,3
1028307,6
1058545,3
1074758,3
1228528,4
1001420,5
1237692,6
1192107,3
1178285,6
1174902,6
1298742,4
1289008,3
1165516,6
1261564,6
1206988,6
1306599,6
1157023,1
1149184,4
1104661,3
1218564,6
1243335,6
1062379,5
1184381,5
1210438,6
1250265,4
1212012,5
1123402,3
1196814,6
1096702,4
1209537,6
1305952,6
1240362,6
1188805,3
1077617,6
1087990,5
1284313,4
1320284,1
1213900,3
1067663,6
1233322,3
1024215,4
1131476,5
1225397,5
1039965,6
1239454,6
1139817,6
1214504,5
1260263,1
1038626,6
1233351,6
1090716,6
1015187,1
1172923,3
1205924,4
1227636,4
1228636,1
1029392,4
1258722,3
1149195,5
1264253,6
1310467,5
1255707,6
1025299,4
1166390,3
1099386,4
1167273,5
1051602,3
1001233,1
1243727,4
1099490,5
1258257,6
1278298,6
1084574,6
1284577,3
1098235,4
1235492,1
1212995,3
1194965,4
1181768,3
1299270,6
1284095,3
1116750,6
1308871,1
1006789,6
1324347,5
1246675,6
1166262,3
1269034,3
1204093,3
1107718,6
1213420,4
1260580,5
1294958,1
1129128,6
1282873,6
1054477,5
1165827,1
1110799,3
1018239,3
1016219,4
1124785,3
1288408,6
1079789,1
1082201,5
1221028,6
1028791,3
1061648,4
1309451,6
1050100,1
1194929,3
1265417,6
1250121,5
1002027,5
1296463,5
1050042,3
1251368,4
1206392,1
1319763,6
1258394,5
1076181,5
1014388,6
1063847,3
1057946,3
1106657,1
1142876,5
1211399,4
1043500,6
1154516,3
1175327,1
1244697,5
1117761,4
1301942,5
1264693,4
1280070,4
1115662,5
1054018,5
1181785,5
1151945,5
1288096,6
1150938,1
1192621,1
1117252,1
1022439,3
1258043,1
1012286,3
1139787,4
1068904,6
1308696,3
1264928,1
1083346,4
1293409,7
1224708,6
1053937,5
1257336,5
1105613,6
1252049,1
1224168,4
1199710,4
1099421,2
1274827,6
1013329,1
1082870,6
1022340,1
1124879,1
1251150,3
1217321,6
1191458,1
1178408,1
1020699,3
1196842,4
1248228,3
1021183,3
1320894,6
1052038,6
1279348,6
1083747,3
1203765,5
1117433,3
1182123,3
1219766,4
1100159,4
1291703,6
1172689,1
1184110,6
1250830,6
1035966,1
1308265,1
1081197,7
1122975,6
1268345,5
1075458,6
1310135,1
1168556,6
1019959,3
1099042,3
1081169,1
1228329,5
1012442,3
1152689,1
1175499,5
1158714,3
1188151,6
1233067,6
1160765,3
1197231,6
1261358,4
1325385,4
1023019,3
1036210,4
1026640,5
1127467,6
1181851,5
1057438,5
1282265,3
1309794,1
1293748,3
1009986,5
1311994,6
1279338,5
1026936,1
1144589,6
1133603,4
1211592,3
1311657,3
1077133,5
1287582,5
1080033,4
1145658,4
1041111,4
1141974,6
1303572,3
1002208,6
1020455,6
1173444,3
1061719,6
1245657,3
1043796,6
1221342,5
1203283,3
1209979,6
1168882,1
1312268,3
1004581,3
1145839,1
1143314,3
1051107,3
1112831,5
1293316,5
1010483,6
1092168,6
1099523,5
1111389,5
1202129,4
1035881,1
1102432,4
1012020,4
1225329,4
1238532,7
1176866,3
1014150,6
1186311,4
1035302,4
1091531,6
1003442,1
1271370,1
1037561,3
1130883,4
1145582,1
1290238,3
1279449,5
1324139,6
1061988,4
1146886,1
1127270,6
1128417,6
1118085,5
1063533,6
1142129,3
1164221,6
1069991,4
1136356,6
1217045,6
1305606,4
1239588,4
1084684,5
1007021,6
1269484,5
1276242,5
1069687,1
1247593,5
1281396,6
1020922,6
1180728,6
1079617,6
1237471,1
1175216,6
1158874,5
1007372,5
1141630,6
1021601,1
1006448,3
1203579,3
1136339,6
1067587,4
1118208,6
1153996,3
1260722,3
1038054,3
1138616,3
1185990,6
1003505,4
1311297,1
1136263,3
1313479,1
1167494,4
1217366,4
1138370,5
1093768,4
1186121,4
1125134,3
1232306,5
1220637,3
1148457,5
1315911,4
1148419,1
1118855,4
1257193,6
1293624,3
1285397,4
1229829,6
1070833,3
1030384,3
1027777,4
1119742,3
1308931,5
1001919,5
1074674,5
1063097,6
1278545,6
1138464,4
1151322,6
1128580,4
1321747,3
1287827,4
1204553,5
1071671,5
1221682,4
1136780,3
1066216,5
1281082,5
1020335,5
1112762,2
1095576,1
1041657,5
1008737,5
1237435,3
1304027,4
1059103,6
1066147,4
1157170,3
1031023,3
1209448,3
1066702,6
1320203,6
1210847,6
1057759,3
1244638,6
1219634,5
1155672,4
1262980,1
1055786,6
1082392,4
1027075,4
1266220,5
1245071,5
1270791,6
1076265,6
1306053,4
1314367,4
1120145,5
1142072,4
1315605,6
1231899,4
1243103,4
1051397,6
1256652,5
1273798,6
1318461,6
1289897,3
1301710,6
1014452,3
1148623,3
1309819,6
1216456,6
1307462,4
1303212,5
1214974,4
1200096,4
1153886,6
1069241,6
1006308,1
1032481,5
1165270,3
1200882,3
1182056,1
1106116,4
1084289,4
1223251,4
1165679,4
1188177,3
1116386,6
1134803,3
1278441,4
1173773,6
1257290,6
1147727,4
1207474,5
1066637,1
1110878,4
1229644,1
1096101,5
1177234,6
1172382,3
1163077,6
1107158,1
1321550,4
1095797,3
1114360,4
1104180,6
1088575,4
1262297,3
1325097,4
1035223,1
1270847,1
1166907,4
1324579,6
1143145,5
1241895,4
1232757,6
1073932,1
1191967,4
